email_text,intent,urgency,order_id,product
"Subj: Case 0001 - Order 51001 laptop never showed up, tracking is stuck on 'label created'... pls help asap.",delivery_issue,high,51001,laptop
"Subj: Case 0002 - Hey, order 51002 (router) says delivered but we didnt recieve anything, can you check?",delivery_issue,medium,51002,router
"Subj: Case 0003 - Order 51003 monitor arrived but the box is smashed + screen cracked, what now??",delivery_issue,high,51003,monitor
"Subj: Case 0004 - I think you shipped my printer to the old address for order 51004, need it rerouted pls.",delivery_issue,medium,51004,printer
"Subj: Case 0005 - Order 51005 cables are missing from the carton (only 1 bag in there), can you resend?",delivery_issue,medium,51005,cables
"Subj: Case 0006 - Order 51006 server rack delivery keeps getting delayed, we need it by tomorrow, urgent.",delivery_issue,high,51006,server rack
"Subj: Case 0007 - My keyboard from order 51007 is marked delivered but reception says nope, pls investigate.",delivery_issue,medium,51007,keyboard
"Subj: Case 0008 - Order 51008 tablet is stuck in transit for 8 days, whats the statuz?",delivery_issue,medium,51008,tablet
"Subj: Case 0009 - Received the wrong item for order 51009 (got cables, not the router), pls fix asap.",delivery_issue,high,51009,router
"Subj: Case 0010 - Order 51010 laptop arrived with missing charger, can you send the part?",delivery_issue,medium,51010,laptop
"Subj: Case 0011 - Order 51011 monitor shipment shows 'exception' and no updates, pls advise soon.",delivery_issue,medium,51011,monitor
"Subj: Case 0012 - Our printer order 51012 got split but only 1/2 packages arrived, where is the rest?",delivery_issue,medium,51012,printer
"Subj: Case 0013 - Order 51013 server rack delivery window was missed twice, we cant keep waiting.",delivery_issue,high,51013,server rack
"Subj: Case 0014 - The tablet on order 51014 arrived wet (like rain damage), pls help w/ claim.",delivery_issue,high,51014,tablet
"Subj: Case 0015 - order 51015 cables were delivered to neighbor suite, can you contact the carrier?",delivery_issue,medium,51015,cables
"Subj: Case 0016 - router order 51016 says out for delivery since yesterday, pls update.",delivery_issue,medium,51016,router
"Subj: Case 0017 - Order 51017 keyboard came in a torn envelope and keys are loose, delivery damage i guess.",delivery_issue,medium,51017,keyboard
"Subj: Case 0018 - We need the laptop from order 51018 for onboarding Monday, but its not here... asap pls.",delivery_issue,high,51018,laptop
"Subj: Case 0019 - Order 51019 monitor shipped, then went backwards to another state?? whats going on",delivery_issue,medium,51019,monitor
"Subj: Case 0020 - printer order 51020 delivered but left outside, now its gone, need help filing claim.",delivery_issue,high,51020,printer
"Subj: Case 0021 - Order 51021 server rack shows delivered, but loading dock has no record, pls check.",delivery_issue,high,51021,server rack
"Subj: Case 0022 - My router order 51022 is stuck at 'processing' for days, did it even ship?",delivery_issue,medium,51022,router
"Subj: Case 0023 - order 51023 cables came 2 days late and now we missed install, pls advise.",delivery_issue,medium,51023,cables
"Subj: Case 0024 - tablet order 51024 arrived w/ seal broken, is it used??",delivery_issue,medium,51024,tablet
"Subj: Case 0025 - keyboard on order 51025 never arrived, only got the monitor in the shipment.",delivery_issue,medium,51025,keyboard
"Subj: Case 0026 - order 51026 laptop delivery date keeps changing, can you confirm ETA today?",delivery_issue,high,51026,laptop
"Subj: Case 0027 - Monitor order 51027 arrived w/ wrong power cable (EU plug), need correct one pls.",delivery_issue,medium,51027,monitor
"Subj: Case 0028 - Printer order 51028 shipped to wrong building (carrier photo not our lobby), help!",delivery_issue,high,51028,printer
"Subj: Case 0029 - order 51029 server rack is missing bolts/parts, cant assemble, need the kit asap.",delivery_issue,high,51029,server rack
"Subj: Case 0030 - Router order 51030 delivered, but it's the wrong model/color, pls swap.",delivery_issue,medium,51030,router
"Subj: Case 0031 - Cables on order 51031 are short shipped (ordered 10, got 6), can you send the rest?",delivery_issue,medium,51031,cables
Subj: Case 0032 - Keyboard order 51032 is showing delivered to 'front desk' but we have no front desk.,delivery_issue,medium,51032,keyboard
"Subj: Case 0033 - Tablet order 51033 has been pending customs forever, can you nudge the shipper?",delivery_issue,medium,51033,tablet
"Subj: Case 0034 - Order 51034 laptop arrived, but the serial sticker looks peeled off, concerned.",delivery_issue,low,51034,laptop
"Subj: Case 0035 - Monitor order 51035 is delayed due to 'weather' but we're on a deadline, pls expedite.",delivery_issue,high,51035,monitor
"Subj: Case 0036 - Printer order 51036 delivered to wrong zipcode, carrier admitted mistake, need reship.",delivery_issue,high,51036,printer
"Subj: Case 0037 - Server rack order 51037 is missing the side panels, pls send whats missing.",delivery_issue,medium,51037,server rack
"Subj: Case 0038 - Router on order 51038 arrived in an open box, feels sketchy, what do i do?",delivery_issue,medium,51038,router
"Subj: Case 0039 - Order 51039 cables were delivered but to the dock next door, can you confirm signature?",delivery_issue,medium,51039,cables
"Subj: Case 0040 - Keyboard order 51040 is stuck 'awaiting pickup' at facility, can you release it?",delivery_issue,medium,51040,keyboard
"Subj: Case 0041 - Tablet order 51041 says delivered to mailbox but we dont have one, pls help.",delivery_issue,high,51041,tablet
"Subj: Case 0042 - Laptop order 51042 got delayed and our exec is mad, can you find a real ETA??",delivery_issue,high,51042,laptop
"Subj: Case 0043 - Monitor from order 51043 arrived, but stand is missing, pls ship stand.",delivery_issue,medium,51043,monitor
"Subj: Case 0044 - Printer order 51044: tracking says delivered, but no POD, can you send proof?",delivery_issue,medium,51044,printer
"Subj: Case 0045 - Server rack order 51045 arrived w/ bent rails, need replacement parts asap.",delivery_issue,high,51045,server rack
"Subj: Case 0046 - Router order 51046 is bouncing between hubs, pls stop the loop & deliver.",delivery_issue,medium,51046,router
"Subj: Case 0047 - Order 51047 cables came opened and taped, not sure if complete, can you verify?",delivery_issue,low,51047,cables
"Subj: Case 0048 - Keyboard order 51048 delivered to 'mail room' but we are a warehouse, pls help locate.",delivery_issue,medium,51048,keyboard
"Subj: Case 0049 - Tablet order 51049 is late and we travel Friday, need it before then pls.",delivery_issue,high,51049,tablet
"Subj: Case 0050 - Laptop order 51050 arrived but it's the wrong spec (smaller SSD), shipping mistake?",delivery_issue,medium,51050,laptop
"Subj: Case 0051 - Monitor order 51051 was supposed to be delivered today, now says next week, can you fix?",delivery_issue,high,51051,monitor
"Subj: Case 0052 - Printer order 51052 got returned to sender for no reason, pls reship.",delivery_issue,high,51052,printer
"Subj: Case 0053 - Server rack order 51053 is missing the key/lock, can you send it out?",delivery_issue,medium,51053,server rack
"Subj: Case 0054 - Router order 51054 arrived 1 week late, we need to know why + prevent this next time.",delivery_issue,low,51054,router
"Subj: Case 0055 - Do you have AB-2234 router in stock? Need qty 3, pls confirm.",availability,,,router
"Subj: Case 0056 - Checking avail: XZ9981 laptop, i need 10 units for next month.",availability,,,laptop
"Subj: Case 0057 - Any stock on PR-4410 printer? Need 2, sorry if last msg didnt go thru.",availability,,,printer
"Subj: Case 0058 - Wondering if MN-7720 monitor is available, qty 6.",availability,,,monitor
"Subj: Case 0059 - Need 25 ethernet cables, sku CB-100M, you got them on hand?",availability,,,cables
Subj: Case 0060 - Is SR-2042 server rack in stock right now? need 1.,availability,,,server rack
"Subj: Case 0061 - Availability check: KB-88X keyboard, qty 12, pls.",availability,,,keyboard
Subj: Case 0062 - Do you still carry TB-A19 tablet? need 4 for our field team.,availability,,,tablet
"Subj: Case 0063 - Can you confirm if SW-LIC-7P software license is available, qty 7?",availability,,,software license
Subj: Case 0064 - Need monitor stands/monitor sku MN-7721 avail? qty 2.,availability,,,monitor
"Subj: Case 0065 - Quick stock question: laptop sku LT-5500, need 1 unit only.",availability,,,laptop
Subj: Case 0066 - Are PR-4411 printers backordered or available? need qty 3 pls.,availability,,,printer
"Subj: Case 0067 - Need to know if router RT-AC77 is in stock, qty 5.",availability,,,router
"Subj: Case 0068 - Can you check availability for cables CBL-2M-BK, qty 50? thx.",availability,,,cables
"Subj: Case 0069 - Is the 42U server rack SR-42U-01 available, qty 2?",availability,,,server rack
"Subj: Case 0070 - keyboard stock check: KB-90PRO, need 8 units.",availability,,,keyboard
"Subj: Case 0071 - Any tablets left, sku TB-10R2? need 15 (if thats too many tell me).",availability,,,tablet
"Subj: Case 0072 - Looking for monitor MN-UHD27 stock, qty 9, pls confirm leadtime.",availability,,,monitor
Subj: Case 0073 - Do you have ethernet cables sku ET-6A-05 in stock? need 100.,availability,,,cables
Subj: Case 0074 - Is software license sku SW-ENT-01 available for qty 30?,availability,,,software license
"Subj: Case 0075 - Need a printer PR-LASER9, sku PL-9009, in stock? qty 1.",availability,,,printer
"Subj: Case 0076 - Router availability: RT-EDGE12, qty 2, can ship this week?",availability,,,router
"Subj: Case 0077 - Need laptop sku LT-14X1 in stock, qty 6.",availability,,,laptop
"Subj: Case 0078 - Can you confirm monitor MN-IPS24 availability, qty 14?",availability,,,monitor
Subj: Case 0079 - Is KB-MECH-1 keyboard available? need qty 20 for a rollout.,availability,,,keyboard
"Subj: Case 0080 - Tablet sku TB-PRO11 stock check, qty 2 pls.",availability,,,tablet
Subj: Case 0081 - Any server racks SR-18U-SLIM left? need 3.,availability,,,server rack
"Subj: Case 0082 - Do you have cable sku USB-C-2M available, qty 40?",availability,,,cables
"Subj: Case 0083 - Printer PR-INKJET2 sku IJ-2000, need 5, avail?",availability,,,printer
"Subj: Case 0084 - Laptop LT-5562 sku LT-5562, need 2 units, are they in stock now?",availability,,,laptop
"Subj: Case 0085 - Looking for router sku RT-MESH5, qty 1, is it available?",availability,,,router
"Subj: Case 0086 - Need monitor sku MN-WIDE34, qty 4, do you have them?",availability,,,monitor
"Subj: Case 0087 - Cable sku HDMI-3M-UL, qty 18, any in stock?",availability,,,cables
"Subj: Case 0088 - Need software license sku SW-STD-12, qty 12, available or backorder?",availability,,,software license
"Subj: Case 0089 - Is keyboard KB-SILENT-2 available, qty 30?",availability,,,keyboard
Subj: Case 0090 - Tablet sku TB-LTE8 available? need qty 6 for remote sites.,availability,,,tablet
"Subj: Case 0091 - Server rack sku SR-12U-WALL, need 2, do you have stock?",availability,,,server rack
"Subj: Case 0092 - Printer sku PR-CL-3300, qty 2, available?",availability,,,printer
"Subj: Case 0093 - Need laptop sku LT-13AIR, qty 9, what’s current stock?",availability,,,laptop
"Subj: Case 0094 - Router RT-POE8 sku RT-POE8, qty 7, can you confirm availability?",availability,,,router
"Subj: Case 0095 - Monitor sku MN-4K32, need 2, in stock?",availability,,,monitor
"Subj: Case 0096 - Cable stock check: DP-2M-V2, qty 22 pls.",availability,,,cables
Subj: Case 0097 - Do you have server rack SR-27U-GLASS available? need 1.,availability,,,server rack
"Subj: Case 0098 - Keyboard sku KB-WL-7, qty 16, is it available?",availability,,,keyboard
"Subj: Case 0099 - Tablet TB-KIDS? (sku TB-EDU10) need 20, can you confirm stock pls.",availability,,,tablet
"Subj: Case 0100 - Software license availability: sku SW-PRO-50, qty 50, do you have enough?",availability,,,software license
"Subj: Case 0101 - Need monitor sku MN-IPS27A available, qty 3, quick reply pls.",availability,,,monitor
"Subj: Case 0102 - Printer sku PR-SCAN-4, qty 1, do you have it in stock right now?",availability,,,printer
"Subj: Case 0103 - Router sku RT-VPN20, need qty 4, any stock?",availability,,,router
"Subj: Case 0104 - Laptop availability: sku LT-7580, qty 2 pls confirm.",availability,,,laptop
"Subj: Case 0105 - Cables sku CAT6-10FT, need 60, in stock or no?",availability,,,cables
"Subj: Case 0106 - Server rack sku SR-9U-WALL, qty 5, can you confirm availability?",availability,,,server rack
"Subj: Case 0107 - Keyboard sku KB-ERGO3, qty 11, available?",availability,,,keyboard
"Subj: Case 0108 - Tablet sku TB-MINI7, qty 2, any in stock? thanks.",availability,,,tablet
"Subj: Case 0109 - Really disappointed: the laptop battery dies in 45 mins, feels defective.",complaints,,,laptop
"Subj: Case 0110 - Your router randomly reboots all day, total nightmare for our office.",complaints,,,router
"Subj: Case 0111 - Printer quality is awful, streaks on every page, not acceptable.",complaints,,,printer
"Subj: Case 0112 - Monitor flickers constantly even after changing cables, super frustrating.",complaints,,,monitor
"Subj: Case 0113 - The cables you sent are mislabeled and dont fit, wasted our time.",complaints,,,cables
"Subj: Case 0114 - Server rack instructions are terrible and parts dont align, this is bad QC.",complaints,,,server rack
"Subj: Case 0115 - Keyboard keys stick after 2 weeks, honestly feels cheap.",complaints,,,keyboard
"Subj: Case 0116 - Tablet screen has dead pixels out of the box, cmon.",complaints,,,tablet
"Subj: Case 0117 - Software license portal is broken, we cant activate, this is blocking work.",complaints,,,software license
"Subj: Case 0118 - Laptop fan is insanely loud, sounds like a jet, not ok for meetings.",complaints,,,laptop
"Subj: Case 0119 - Router wifi drops every hour, we regret buying this.",complaints,,,router
"Subj: Case 0120 - Printer setup app crashes nonstop, cant even finish install, very annoyed.",complaints,,,printer
"Subj: Case 0121 - Monitor color is way off vs spec, looks washed out, not happy.",complaints,,,monitor
"Subj: Case 0122 - The HDMI cables fail after a day, intermittent signal, trash quality.",complaints,,,cables
"Subj: Case 0123 - Server rack door hinge is crooked, doesnt close right, unacceptable.",complaints,,,server rack
"Subj: Case 0124 - Keyboard wireless keeps disconnecting, basically unusable.",complaints,,,keyboard
"Subj: Case 0125 - Tablet charges super slow, and battery drains overnight, disappointed.",complaints,,,tablet
"Subj: Case 0126 - Software license terms changed after purchase, feels like a bait n switch.",complaints,,,software license
"Subj: Case 0127 - Laptop trackpad is glitchy, cursor jumps around, super annoying.",complaints,,,laptop
"Subj: Case 0128 - Router admin UI is so slow it times out, cant manage settings.",complaints,,,router
"Subj: Case 0129 - Printer jams literally every 5 pages, we are done with this thing.",complaints,,,printer
"Subj: Case 0130 - Monitor has backlight bleed on all corners, looks terrible.",complaints,,,monitor
"Subj: Case 0131 - The USB-C cables get hot and disconnect, thats scary tbh.",complaints,,,cables
"Subj: Case 0132 - Server rack paint is peeling right away, looks used, not acceptable.",complaints,,,server rack
"Subj: Case 0133 - Keyboard arrived and spacebar rattles like crazy, feels broken.",complaints,,,keyboard
"Subj: Case 0134 - Tablet speaker is distorted at normal volume, bad build quality.",complaints,,,tablet
"Subj: Case 0135 - Software license key you sent was invalid, we wasted hours.",complaints,,,software license
"Subj: Case 0136 - Laptop came with scratches on the lid, looks refurbished.",complaints,,,laptop
"Subj: Case 0137 - Router range is way worse than advertised, cant cover our small office.",complaints,,,router
"Subj: Case 0138 - Printer scanner doesnt detect paper half the time, super unreliable.",complaints,,,printer
"Subj: Case 0139 - Monitor stand wobbles a lot, feels unsafe.",complaints,,,monitor
"Subj: Case 0140 - Cables packaging had no labels and half were the wrong length, messy.",complaints,,,cables
"Subj: Case 0141 - Server rack rails are warped, cant mount servers, this is a joke.",complaints,,,server rack
"Subj: Case 0142 - Keyboard software is full of bugs, macros dont save, very frustrated.",complaints,,,keyboard
"Subj: Case 0143 - Tablet gets super hot on video calls, worried it will fail.",complaints,,,tablet
"Subj: Case 0144 - Software license renewal price jumped without warning, not cool.",complaints,,,software license
"Subj: Case 0145 - Laptop webcam is grainy and keeps freezing, not meeting spec.",complaints,,,laptop
"Subj: Case 0146 - Router firmware update bricked it, now its dead, extremely upset.",complaints,,,router
"Subj: Case 0147 - Printer keeps saying 'low ink' with new cartridge, nonsense.",complaints,,,printer
"Subj: Case 0148 - Monitor has ghosting even at default settings, not good for work.",complaints,,,monitor
"Subj: Case 0149 - The network cables fail a cert test, cant use them in our build.",complaints,,,cables
"Subj: Case 0150 - Server rack came w/ sharp edges, unsafe for install crew.",complaints,,,server rack
"Subj: Case 0151 - Keyboard legends are fading already, after a month, thats ridiculous.",complaints,,,keyboard
"Subj: Case 0152 - Tablet touch screen misses taps, super laggy, hate it.",complaints,,,tablet
"Subj: Case 0153 - Software license support never responds, been days, this is terrible service.",complaints,,,software license
"Subj: Case 0154 - Laptop keyboard backlight died instantly, low quality.",complaints,,,laptop
"Subj: Case 0155 - Router speeds are half what we pay for, very disappointed.",complaints,,,router
"Subj: Case 0156 - Printer makes grinding noise, sounds like it will break.",complaints,,,printer
"Subj: Case 0157 - Monitor wakes up slow and sometimes stays black, super annoying.",complaints,,,monitor
"Subj: Case 0158 - Cables keep falling out, connectors are too loose, not acceptable.",complaints,,,cables
"Subj: Case 0159 - Server rack shipment was missing washers, had to stop install, very frustrating.",complaints,,,server rack
"Subj: Case 0160 - Keyboard came with a broken USB receiver, useless.",complaints,,,keyboard
"Subj: Case 0161 - Tablet OS is buggy and keeps freezing, regret this purchase.",complaints,,,tablet
"Subj: Case 0162 - Got a collections email for order 62001 but we already paid, amount showing $1299.00??",credit_and_collections,,62001,
"Subj: Case 0163 - Please remove credit hold, order 62002 is blocked and the past due notice says $450.50 (not right).",credit_and_collections,,62002,
"Subj: Case 0164 - We keep getting dunning calls for order 62003, invoice was settled last week for 210.00.",credit_and_collections,,62003,
"Subj: Case 0165 - Your statement shows an open balance $78.99 but i cant match it, ref order 62004.",credit_and_collections,,62004,
"Subj: Case 0166 - Order 62005 got sent to collections?? we never recieved the invoice, amount says 999.95.",credit_and_collections,,62005,
"Subj: Case 0167 - Dispute: late fee on order 62006 for $35.00, pls waive it.",credit_and_collections,,62006,
"Subj: Case 0168 - We were put on credit hold and cant place new orders, linked to order 62007 balance $5000.",credit_and_collections,,62007,
"Subj: Case 0169 - Payment was applied to wrong account, order 62008 still shows $120.00 due.",credit_and_collections,,62008,
"Subj: Case 0170 - Pls explain the past due notice for order 62009, it says $1,750.25 due.",credit_and_collections,,62009,
"Subj: Case 0171 - We need a credit limit increase, but got told order 62010 unpaid $300.00 (we paid).",credit_and_collections,,62010,
"Subj: Case 0172 - Collections team emailed about order 62011, amount $62.10, can you stop reminders?",credit_and_collections,,62011,
"Subj: Case 0173 - There is a chargeback on order 62012 for $849.00, need details pls.",credit_and_collections,,62012,
"Subj: Case 0174 - Why are we being threatened with collections over order 62013, amount is $199.99??",credit_and_collections,,62013,
"Subj: Case 0175 - Our remittance was sent but order 62014 still open $410.00, pls reconcile.",credit_and_collections,,62014,
"Subj: Case 0176 - Credit memo missing for order 62015, you still show $150.00 due.",credit_and_collections,,62015,
"Subj: Case 0177 - We got double billed for order 62016, total showing $2400.00, pls fix.",credit_and_collections,,62016,
"Subj: Case 0178 - Statement shows interest on order 62017 ($18.75) but terms are net30, pls remove.",credit_and_collections,,62017,
"Subj: Case 0179 - Can you resend proof of payment receipt? order 62018, collection says we owe $600.",credit_and_collections,,62018,
"Subj: Case 0180 - Our account got put on stop ship due to order 62019, amount $95.00, pls advise.",credit_and_collections,,62019,
"Subj: Case 0181 - Payment plan request: order 62020 outstanding $3200, who do i talk to?",credit_and_collections,,62020,
"Subj: Case 0182 - Please clarify why order 62021 is past due, amount says $1,020.00 (we have PO).",credit_and_collections,,62021,
"Subj: Case 0183 - We got a notice for order 62022 about $13.40, feels like a mistake.",credit_and_collections,,62022,
Subj: Case 0184 - Can you take us off credit hold? order 62023 shows $799.00 due but thats in transit.,credit_and_collections,,62023,
"Subj: Case 0185 - We need an updated statement, order 62024 keeps appearing w/ $250.00 balance.",credit_and_collections,,62024,
"Subj: Case 0186 - Collections contacted my CEO about order 62025 $15000, not ok, pls escalate.",credit_and_collections,,62025,
"Subj: Case 0187 - Order 62026 was cancelled but you still show $499.00 due, can you clear it?",credit_and_collections,,62026,
"Subj: Case 0188 - I see a disputed charge for order 62027 $89.90, need the invoice copy pls.",credit_and_collections,,62027,
"Subj: Case 0189 - Please stop auto reminders for order 62028, we will pay $760.00 on Friday.",credit_and_collections,,62028,
Subj: Case 0190 - Why is there a finance charge $22.00 on order 62029? pls explain/waive.,credit_and_collections,,62029,
"Subj: Case 0191 - We wired payment but order 62030 still shows $1800 due, can you confirm receipt?",credit_and_collections,,62030,
"Subj: Case 0192 - Order 62031 got sent to collections but the product was returned, balance $640.00 should be zero.",credit_and_collections,,62031,
"Subj: Case 0193 - Need help reconciling: order 62032 shows $312.12 due, but our ledger says paid.",credit_and_collections,,62032,
"Subj: Case 0194 - Credit limit got reduced after order 62033, and now you say $110.00 is overdue, pls review.",credit_and_collections,,62033,
"Subj: Case 0195 - We keep getting the same overdue email for order 62034 ($59.00), can you stop it.",credit_and_collections,,62034,
"Subj: Case 0196 - Order 62035 was prepaid, but statement shows $200.00 due, pls correct.",credit_and_collections,,62035,
Subj: Case 0197 - Can someone explain the $7.25 'service charge' on order 62036? feels wrong.,credit_and_collections,,62036,
"Subj: Case 0198 - Our bank rejected the charge on order 62037, amount $999.00, how do we repay?",credit_and_collections,,62037,
"Subj: Case 0199 - Please update the AR contact, we keep missing notices; order 62038 says $1400 due.",credit_and_collections,,62038,
"Subj: Case 0200 - We need a payoff letter for order 62039, outstanding shows $260.00.",credit_and_collections,,62039,
"Subj: Case 0201 - Disputing an overdue claim on order 62040 for $333.33, pls provide backup.",credit_and_collections,,62040,
"Subj: Case 0202 - Our order 62041 balance is wrong, you show $870.00 but we returned items.",credit_and_collections,,62041,
"Subj: Case 0203 - I got a 'final notice' for order 62042 $44.00, please dont escalate, checking now.",credit_and_collections,,62042,
"Subj: Case 0204 - Can you confirm if order 62043 is actually unpaid? amount says $6100.00, seems off.",credit_and_collections,,62043,
"Subj: Case 0205 - Order 62044: we got two invoices for same thing, total $980.00, pls correct.",credit_and_collections,,62044,
Subj: Case 0206 - Please send updated aging report; order 62045 line shows $77.77 we cant identify.,credit_and_collections,,62045,
"Subj: Case 0207 - We got charged a restocking fee to AR for order 62046 $125.00, need explanation.",credit_and_collections,,62046,
"Subj: Case 0208 - Account is on hold over order 62047, says $2600.00 due, can we talk options?",credit_and_collections,,62047,
"Subj: Case 0209 - Need W-9? also collections says order 62048 $88.00 overdue, pls confirm.",credit_and_collections,,62048,
Subj: Case 0210 - Why did you send order 62049 to collections when we were disputing? amount $540.00.,credit_and_collections,,62049,
"Subj: Case 0211 - Pls apply our credit to order 62050, balance shows $300.00 still open.",credit_and_collections,,62050,
Subj: Case 0212 - We need a copy of the promissory agreement? order 62051 is $1200 due per email.,credit_and_collections,,62051,
"Subj: Case 0213 - Confused: order 62052 shows $0 paid, but we ACH'd $1990.00, can you post it?",credit_and_collections,,62052,
"Subj: Case 0214 - Please update the billing address, order 62053 notices keep going to old place; balance $66.00.",credit_and_collections,,62053,
"Subj: Case 0215 - Need invoice for order 63001, can you email PDF today pls (auditor needs it).",invoice_request,high,63001,
"Subj: Case 0216 - Can i get the invoice copy for order 63002? i misplaced it, no rush.",invoice_request,low,63002,
"Subj: Case 0217 - Please send invoices for Feb 2026 period, our AP team is reconciling.",invoice_request,medium,,
"Subj: Case 0218 - Invoice needed for order 63003 asap, payment cant be processed without it.",invoice_request,high,63003,
"Subj: Case 0219 - Hi, can you re-send the invoice for order 63004 (printer purchase), thanks.",invoice_request,medium,63004,
"Subj: Case 0220 - Need all invoices for Q4 2025, pls email as one zip if possible.",invoice_request,medium,,
"Subj: Case 0221 - invoice request: order 63005, we didnt recieve it in the first email.",invoice_request,medium,63005,
Subj: Case 0222 - Can you provide invoice for order 63006 by EOD? AP cutoff.,invoice_request,high,63006,
Subj: Case 0223 - Please send January 2026 invoices (monthly statement) to this email.,invoice_request,medium,,
"Subj: Case 0224 - Need invoice for order 63007, pls include tax breakdown.",invoice_request,medium,63007,
"Subj: Case 0225 - Re-send invoice for order 63008, previous PDF was corrupted :(",invoice_request,medium,63008,
"Subj: Case 0226 - Can you send invoices for Mar 2026, we have audit tomorrow, urgent.",invoice_request,high,,
"Subj: Case 0227 - Need invoice for order 63009 (laptop), no rush just when u can.",invoice_request,low,63009,
"Subj: Case 0228 - invoice for order 63010 pls, our system shows missing doc.",invoice_request,medium,63010,
"Subj: Case 0229 - Please email all invoices for 2025-11 period, AP is closing books.",invoice_request,medium,,
"Subj: Case 0230 - Need invoice right now for order 63011, boss is waiting, asap.",invoice_request,high,63011,
Subj: Case 0231 - Can you send the invoice for order 63012? thanks in advance.,invoice_request,medium,63012,
"Subj: Case 0232 - Need invoice copies for Dec 2025, pls.",invoice_request,low,,
"Subj: Case 0233 - Invoice for order 63013 missing PO number, can you resend corrected PDF asap.",invoice_request,high,63013,
"Subj: Case 0234 - Please send invoice for order 63014, we need it for reimbursement.",invoice_request,medium,63014,
Subj: Case 0235 - Can I get the invoice for order 63015? previous one went to spam i think.,invoice_request,medium,63015,
"Subj: Case 0236 - Need invoices for Q1 2026, our auditor asked last minute, urgent pls.",invoice_request,high,,
"Subj: Case 0237 - invoice request for order 63016, just email PDF, thx.",invoice_request,low,63016,
"Subj: Case 0238 - Please provide invoice for order 63017 today, AP closes at 3pm.",invoice_request,high,63017,
Subj: Case 0239 - Need a consolidated invoice for Apr 2026 period if possible.,invoice_request,medium,,
"Subj: Case 0240 - Invoice copy for order 63018 pls, i accidentally deleted it.",invoice_request,medium,63018,
"Subj: Case 0241 - Can you send invoice for order 63019, need for expense report, not urgent.",invoice_request,low,63019,
"Subj: Case 0242 - Need invoice for order 63020 asap, our payment is on hold.",invoice_request,high,63020,
"Subj: Case 0243 - Please email invoices for May 2026, thanks.",invoice_request,low,,
Subj: Case 0244 - Invoice for order 63021 pls; our AP system needs vendor invoice number.,invoice_request,medium,63021,
"Subj: Case 0245 - Need invoice for order 63022 urgently, auditors are literally here.",invoice_request,high,63022,
"Subj: Case 0246 - Please send invoice for order 63023, we never got it (maybe wrong email).",invoice_request,medium,63023,
"Subj: Case 0247 - Need invoices for Jun 2026, no rush but before month-end pls.",invoice_request,medium,,
"Subj: Case 0248 - invoice for order 63024, pls attach again, cant open the last file.",invoice_request,medium,63024,
Subj: Case 0249 - Can i have the invoice for order 63025? thanks.,invoice_request,low,63025,
"Subj: Case 0250 - Need invoice for order 63026 today, otherwise we miss payment run.",invoice_request,high,63026,
Subj: Case 0251 - Please send invoice for order 63027; AP asked for it again (sry).,invoice_request,medium,63027,
"Subj: Case 0252 - Need invoices for Jul 2026 period, pls.",invoice_request,low,,
Subj: Case 0253 - Invoice for order 63028 is required asap to release shipment payment.,invoice_request,high,63028,
Subj: Case 0254 - Could you send the invoice for order 63029 when you get a sec?,invoice_request,low,63029,
"Subj: Case 0255 - Need invoice for order 63030, please include ship-to, thanks.",invoice_request,medium,63030,
"Subj: Case 0256 - Please email invoices for Aug 2026, urgent for closing books.",invoice_request,high,,
"Subj: Case 0257 - Invoice copy needed: order 63031, thanks.",invoice_request,medium,63031,
"Subj: Case 0258 - Need invoice for order 63032, the pdf link expired, pls resend.",invoice_request,medium,63032,
"Subj: Case 0259 - Please provide invoice for order 63033, urgent, our CFO requested it.",invoice_request,high,63033,
"Subj: Case 0260 - Invoices for Sep 2026 period, can you send them? thx.",invoice_request,low,,
"Subj: Case 0261 - Send invoice for order 63034 pls, we need it for warranty reg.",invoice_request,medium,63034,
"Subj: Case 0262 - Invoice for order 63035 needed today, AP will reject without it.",invoice_request,high,63035,
Subj: Case 0263 - Can you send invoice for order 63036? no urgency.,invoice_request,low,63036,
"Subj: Case 0264 - Need invoices for Oct 2026, pls email to AP@... thanks.",invoice_request,medium,,
"Subj: Case 0265 - Invoice for order 63037 is missing line items, can you resend correct one asap.",invoice_request,high,63037,
"Subj: Case 0266 - Please send invoice for order 63038, thx.",invoice_request,low,63038,
"Subj: Case 0267 - Need invoice for order 63039 urgently, payment run is in 1 hour.",invoice_request,high,63039,
"Subj: Case 0268 - Please cancel order 64001, we placed it by mistake, do it asap pls.",order_modification_request,high,64001,
"Subj: Case 0269 - Can you change shipping address for order 64002? i typed it wrong, sorry.",order_modification_request,high,64002,
"Subj: Case 0270 - For order 64003, please update qty from 2 to 3 monitors, if not shipped yet.",order_modification_request,medium,64003,
"Subj: Case 0271 - Need to add 5 cables onto order 64004, can you append it?",order_modification_request,medium,64004,
"Subj: Case 0272 - Order 64005: pls switch the keyboard to wireless model instead, before it ships.",order_modification_request,high,64005,
Subj: Case 0273 - Can you change delivery date for order 64006 to next week? no longer need it today.,order_modification_request,low,64006,
"Subj: Case 0274 - Order 64007: please remove the printer from the order, keep the router.",order_modification_request,medium,64007,
"Subj: Case 0275 - Need to update PO number on order 64008 asap, accounting wont accept it.",order_modification_request,high,64008,
Subj: Case 0276 - Can you upgrade shipping speed on order 64009? we need it quicker pls.,order_modification_request,high,64009,
"Subj: Case 0277 - Order 64010: change billing address (old one is wrong), when you can.",order_modification_request,low,64010,
"Subj: Case 0278 - Please split order 64011 into 2 shipments (monitors now, cables later).",order_modification_request,medium,64011,
Subj: Case 0279 - Need to combine order 64012 and 64013 into one shipment if possible.,order_modification_request,medium,64012,
"Subj: Case 0280 - Cancel order 64014 please, duplicate order, do not ship!",order_modification_request,high,64014,
Subj: Case 0281 - Order 64015: can you change the tablet color/model to the 256gb version?,order_modification_request,medium,64015,
"Subj: Case 0282 - Please add signature required to order 64016 delivery, we've had thefts.",order_modification_request,high,64016,
"Subj: Case 0283 - Order 64017: reduce qty from 10 cables to 6, rest not needed.",order_modification_request,medium,64017,
"Subj: Case 0284 - Can you change ship method on order 64018 to ground (save cost), not urgent.",order_modification_request,low,64018,
"Subj: Case 0285 - Order 64019: pls add 1 extra keyboard to the same order, asap before it ships.",order_modification_request,high,64019,
"Subj: Case 0286 - Need to correct email on order 64020 confirmation, typed wrong address.",order_modification_request,low,64020,
Subj: Case 0287 - Please remove backorder item from order 64021 and ship whats ready now.,order_modification_request,medium,64021,
"Subj: Case 0288 - Order 64022: can you change it from 1 monitor to 2 monitors, urgent pls.",order_modification_request,high,64022,
Subj: Case 0289 - Update the shipping instructions on order 64023: deliver to dock door 3.,order_modification_request,medium,64023,
Subj: Case 0290 - Can you apply tax exemption to order 64024? need it fixed before invoicing.,order_modification_request,high,64024,
"Subj: Case 0291 - Order 64025: please change the router to the newer model, if possible.",order_modification_request,medium,64025,
"Subj: Case 0292 - Need to change payment method on order 64026, our card got declined.",order_modification_request,high,64026,
"Subj: Case 0293 - Order 64027: pls cancel just the software license line, keep hardware.",order_modification_request,medium,64027,
Subj: Case 0294 - Can you correct the company name on order 64028? its misspelled.,order_modification_request,low,64028,
"Subj: Case 0295 - Please add liftgate service to order 64029 server rack delivery, asap.",order_modification_request,high,64029,
"Subj: Case 0296 - Order 64030: change ship-to contact person, old employee left.",order_modification_request,medium,64030,
"Subj: Case 0297 - Need to hold shipment for order 64031 until next Monday, pls confirm.",order_modification_request,medium,64031,
"Subj: Case 0298 - Order 64032: add 3-year warranty add-on, can you do that quickly?",order_modification_request,high,64032,
"Subj: Case 0299 - Pls change order 64033 from pickup to delivery, we cant pick up now.",order_modification_request,medium,64033,
"Subj: Case 0300 - Cancel order 64034, we found a different supplier, sorry.",order_modification_request,medium,64034,
"Subj: Case 0301 - Order 64035: pls remove Saturday delivery, weekday only, not urgent.",order_modification_request,low,64035,
"Subj: Case 0302 - Need to change the shipping address on order 64036 asap, package will go to wrong site.",order_modification_request,high,64036,
Subj: Case 0303 - Order 64037: update the quantity of software licenses from 5 to 8 pls.,order_modification_request,medium,64037,
"Subj: Case 0304 - Please add 2 HDMI cables to order 64038 before it ships, thanks!",order_modification_request,medium,64038,
"Subj: Case 0305 - Order 64039: can you change the monitor size to 32in, urgent if possible.",order_modification_request,high,64039,
"Subj: Case 0306 - Need to change ship date on order 64040, please delay 2 weeks.",order_modification_request,low,64040,
"Subj: Case 0307 - Please update order 64041 to include the keyboard wrist rests, asap.",order_modification_request,high,64041,
"Subj: Case 0308 - Order 64042: can you change invoice email to ap@company.com, thx.",order_modification_request,low,64042,
"Subj: Case 0309 - Please remove the tablet case add-on from order 64043, keep tablet.",order_modification_request,medium,64043,
"Subj: Case 0310 - Need to change carrier on order 64044 (no UPS pls), can you do FedEx?",order_modification_request,medium,64044,
"Subj: Case 0311 - Order 64045: add note 'call before delivery', urgent because site is gated.",order_modification_request,high,64045,
"Subj: Case 0312 - Cancel order 64046, please confirm cancellation email back to me.",order_modification_request,high,64046,
"Subj: Case 0313 - Order 64047: change the router quantity from 4 to 3, thanks.",order_modification_request,low,64047,
"Subj: Case 0314 - Please add 1 monitor arm to order 64048, if it hasnt shipped.",order_modification_request,medium,64048,
"Subj: Case 0315 - Order 64049: update ship-to phone number, old one is wrong.",order_modification_request,low,64049,
"Subj: Case 0316 - Need to cancel order 64050 asap, it was a test order.",order_modification_request,high,64050,
"Subj: Case 0317 - Can you change order 64051 from 1 server rack to 2 racks, urgent pls.",order_modification_request,high,64051,
"Subj: Case 0318 - Order 64052: remove expedited shipping and refund the difference, not urgent.",order_modification_request,low,64052,
"Subj: Case 0319 - Please update order 64053 to ship partial now and backorder rest, thx.",order_modification_request,medium,64053,
"Subj: Case 0320 - Order 64054: correct the VAT/tax ID on file before invoicing, asap pls.",order_modification_request,high,64054,
Subj: Case 0321 - Whats the statuz of order 65001 (laptop)? placed last Friday.,order_status,,65001,laptop
"Subj: Case 0322 - Can you check order status for 65002 router, ordered 2 days ago.",order_status,,65002,router
"Subj: Case 0323 - Need update on order 65003 printer, placed on 2026-02-10.",order_status,,65003,printer
Subj: Case 0324 - Order 65004 monitor: did it ship yet? ordered last week.,order_status,,65004,monitor
"Subj: Case 0325 - Status pls for order 65005 cables, we ordered this morning.",order_status,,65005,cables
"Subj: Case 0326 - Where is order 65006 server rack? placed 10 days ago, no tracking.",order_status,,65006,server rack
"Subj: Case 0327 - Can you check status of order 65007 keyboard, ordered yesterday.",order_status,,65007,keyboard
Subj: Case 0328 - Order 65008 tablet: any ETA? ordered 3 weeks ago.,order_status,,65008,tablet
"Subj: Case 0329 - Need order update: 65009 software license, purchased today, no key yet.",order_status,,65009,software license
"Subj: Case 0330 - Whats going on with order 65010 laptop, placed 2026-01-28.",order_status,,65010,laptop
"Subj: Case 0331 - Order 65011 router: status check, ordered Monday.",order_status,,65011,router
Subj: Case 0332 - Can you confirm if order 65012 printer is backordered? placed 2 weeks ago.,order_status,,65012,printer
"Subj: Case 0333 - Need the status of order 65013 monitor, ordered 2026-02-01, still 'processing'.",order_status,,65013,monitor
"Subj: Case 0334 - Status request: order 65014 cables, ordered last night.",order_status,,65014,cables
Subj: Case 0335 - Order 65015 server rack: any shipping confirmation? ordered 1 week ago.,order_status,,65015,server rack
Subj: Case 0336 - Is order 65016 keyboard shipped? ordered 4 days ago.,order_status,,65016,keyboard
"Subj: Case 0337 - Order 65017 tablet status pls, placed end of January.",order_status,,65017,tablet
"Subj: Case 0338 - Checking on order 65018 software license, bought yesterday, no activation email.",order_status,,65018,software license
Subj: Case 0339 - Order 65019 laptop: can you tell me if it’s shipped or still pending? ordered 5 days ago.,order_status,,65019,laptop
"Subj: Case 0340 - Status check for order 65020 router, ordered last month.",order_status,,65020,router
Subj: Case 0341 - Printer order 65021: any ETA? placed 2026-02-14.,order_status,,65021,printer
"Subj: Case 0342 - Monitor order 65022 still says 'confirmed', ordered 7 days ago, pls update.",order_status,,65022,monitor
Subj: Case 0343 - Order 65023 cables: what is the shipping status? ordered Tuesday.,order_status,,65023,cables
Subj: Case 0344 - Server rack order 65024: can you share tracking? ordered 12 days ago.,order_status,,65024,server rack
Subj: Case 0345 - Keyboard order 65025 status? placed earlier today.,order_status,,65025,keyboard
"Subj: Case 0346 - Tablet order 65026: ordered 6 days ago, no email updates, can you check?",order_status,,65026,tablet
Subj: Case 0347 - Software license order 65027: when do we get the key? purchased 3 hours ago.,order_status,,65027,software license
"Subj: Case 0348 - Laptop order 65028 status check, placed 2026-02-20.",order_status,,65028,laptop
Subj: Case 0349 - Router order 65029: is it shipped? ordered last Thursday.,order_status,,65029,router
"Subj: Case 0350 - Printer order 65030 status please, ordered 2026-01-05.",order_status,,65030,printer
"Subj: Case 0351 - Monitor order 65031: ordered 9 days ago, any movement?",order_status,,65031,monitor
"Subj: Case 0352 - Cables order 65032: status check, ordered yesterday afternoon.",order_status,,65032,cables
Subj: Case 0353 - Server rack order 65033: can you confirm ship date? ordered 2 months ago.,order_status,,65033,server rack
Subj: Case 0354 - Keyboard order 65034: status? ordered 2026-02-22.,order_status,,65034,keyboard
Subj: Case 0355 - Tablet order 65035: when will it ship? ordered 8 days ago.,order_status,,65035,tablet
"Subj: Case 0356 - Software license order 65036: still waiting for activation email, ordered Monday morning.",order_status,,65036,software license
Subj: Case 0357 - Laptop order 65037: any update? purchased last weekend.,order_status,,65037,laptop
"Subj: Case 0358 - Router order 65038: status pls, ordered 24 hours ago.",order_status,,65038,router
"Subj: Case 0359 - Printer order 65039: still no tracking, ordered last Tuesday.",order_status,,65039,printer
Subj: Case 0360 - Monitor order 65040: can you confirm it shipped? ordered 2026-02-02.,order_status,,65040,monitor
"Subj: Case 0361 - Order 65041 cables: status request, ordered 3 days ago.",order_status,,65041,cables
Subj: Case 0362 - Server rack order 65042: was it shipped already? ordered mid-Feb.,order_status,,65042,server rack
Subj: Case 0363 - Keyboard order 65043: can you share ETA? ordered 11 days ago.,order_status,,65043,keyboard
"Subj: Case 0364 - Tablet order 65044: status check, ordered end of last month.",order_status,,65044,tablet
"Subj: Case 0365 - Software license order 65045: pending fulfillment, ordered 2026-02-25.",order_status,,65045,software license
Subj: Case 0366 - Laptop order 65046: whats the order statuz? ordered 2026-02-26.,order_status,,65046,laptop
Subj: Case 0367 - Router order 65047: could you confirm shipment? ordered 5 weeks ago.,order_status,,65047,router
"Subj: Case 0368 - Printer order 65048: status please, ordered yesterday.",order_status,,65048,printer
Subj: Case 0369 - Monitor order 65049: any update? ordered 14 days ago.,order_status,,65049,monitor
Subj: Case 0370 - Cables order 65050: status? ordered earlier this week.,order_status,,65050,cables
"Subj: Case 0371 - Server rack order 65051: still waiting, ordered 2026-01-12.",order_status,,65051,server rack
Subj: Case 0372 - Keyboard order 65052: any progress? ordered 2 days ago.,order_status,,65052,keyboard
Subj: Case 0373 - Tablet order 65053: can you confirm if it shipped? ordered 2026-02-15.,order_status,,65053,tablet
"Subj: Case 0374 - Need pricing for 10 laptops, can you quote asap pls.",pricing,high,,laptop
Subj: Case 0375 - Whats the unit price for router in qty 3? not urgent.,pricing,low,,router
"Subj: Case 0376 - Please send pricing for printer, qty 2, need it today for approval.",pricing,high,,printer
Subj: Case 0377 - Can i get a quote for 6 monitors? thanks.,pricing,medium,,monitor
"Subj: Case 0378 - Pricing request: ethernet cables qty 50, pls share best rate.",pricing,medium,,cables
"Subj: Case 0379 - Need a price for 1 server rack, can you send quote when possible?",pricing,low,,server rack
Subj: Case 0380 - How much for keyboards in qty 25? we need pricing asap pls.,pricing,high,,keyboard
"Subj: Case 0381 - Quote request for tablets, qty 4, need by end of day.",pricing,high,,tablet
"Subj: Case 0382 - Pricing for software license qty 30, can you provide a rate card?",pricing,medium,,software license
"Subj: Case 0383 - Need price for laptop qty 1 (single unit), not urgent just curious.",pricing,low,,laptop
Subj: Case 0384 - What’s your best price on 8 routers? pls reply soon.,pricing,medium,,router
"Subj: Case 0385 - Need quote for printer qty 5, urgent because project kicks off tomorrow.",pricing,high,,printer
Subj: Case 0386 - Can you quote monitors qty 12? thanks.,pricing,medium,,monitor
"Subj: Case 0387 - Price check: HDMI cables qty 20, not super urgent.",pricing,low,,cables
"Subj: Case 0388 - Need a quick quote for server rack qty 2, please asap.",pricing,high,,server rack
"Subj: Case 0389 - Pricing for keyboard qty 6, pls send quote today.",pricing,high,,keyboard
Subj: Case 0390 - How much per tablet for qty 30? need pricing to build budget.,pricing,medium,,tablet
"Subj: Case 0391 - Software license pricing for qty 5, can you share?",pricing,medium,,software license
"Subj: Case 0392 - Need laptop pricing for qty 15, pls respond asap.",pricing,high,,laptop
"Subj: Case 0393 - Router price for qty 1, just need a ballpark.",pricing,low,,router
"Subj: Case 0394 - Quote for printer qty 1 pls, need by tomorrow morning.",pricing,medium,,printer
"Subj: Case 0395 - Price quote for 3 monitors, pls send when you can.",pricing,low,,monitor
"Subj: Case 0396 - Need pricing for cables qty 200, looking for bulk discount asap.",pricing,high,,cables
"Subj: Case 0397 - Server rack pricing: qty 4, please quote today.",pricing,high,,server rack
"Subj: Case 0398 - Keyboard price for qty 2, not urgent.",pricing,low,,keyboard
"Subj: Case 0399 - Tablet quote for qty 8, pls respond soon for procurement.",pricing,medium,,tablet
"Subj: Case 0400 - Software license pricing qty 100, need enterprise discount info asap.",pricing,high,,software license
"Subj: Case 0401 - Need a quote for laptop qty 3, can you send today?",pricing,high,,laptop
"Subj: Case 0402 - Router pricing qty 12, not urgent but this week would be good.",pricing,medium,,router
"Subj: Case 0403 - Printer price for qty 7, pls.",pricing,medium,,printer
"Subj: Case 0404 - Monitor pricing for qty 2, send quote whenever.",pricing,low,,monitor
"Subj: Case 0405 - Need pricing on cables qty 10, just checking.",pricing,low,,cables
"Subj: Case 0406 - Server rack quote qty 1, but need it asap for PO submission.",pricing,high,,server rack
"Subj: Case 0407 - Keyboard bulk price for qty 60, pls reply soon.",pricing,medium,,keyboard
"Subj: Case 0408 - Tablet price qty 1, not urgent just need for planning.",pricing,low,,tablet
"Subj: Case 0409 - Software license quote qty 20, need by EOD pls.",pricing,high,,software license
"Subj: Case 0410 - Laptop pricing qty 40, can you send a formal quote? urgent.",pricing,high,,laptop
"Subj: Case 0411 - Router price check qty 2, pls provide.",pricing,medium,,router
"Subj: Case 0412 - Quote needed for printer qty 10, not urgent but soon pls.",pricing,medium,,printer
"Subj: Case 0413 - Need monitor pricing qty 5, urgent for project kickoff.",pricing,high,,monitor
"Subj: Case 0414 - Cable pricing qty 75, pls send quote when you can.",pricing,low,,cables
"Subj: Case 0415 - Server rack price for qty 3, need it today.",pricing,high,,server rack
"Subj: Case 0416 - Keyboard pricing qty 9, not urgent.",pricing,low,,keyboard
"Subj: Case 0417 - Tablet quote qty 12, pls respond asap.",pricing,high,,tablet
"Subj: Case 0418 - Software license price for qty 3, just need quick info.",pricing,medium,,software license
"Subj: Case 0419 - Need laptop price for qty 2, by end of week is fine.",pricing,low,,laptop
"Subj: Case 0420 - Router pricing qty 50, looking for volume discount, urgent.",pricing,high,,router
"Subj: Case 0421 - Printer quote qty 3, pls send asap.",pricing,high,,printer
"Subj: Case 0422 - Monitor pricing qty 1, not urgent.",pricing,low,,monitor
"Subj: Case 0423 - Cable pricing qty 30, pls provide quote today.",pricing,high,,cables
"Subj: Case 0424 - Server rack pricing qty 6, not urgent but need for budget next week.",pricing,medium,,server rack
"Subj: Case 0425 - Keyboard quote qty 100, urgent pls send quickly.",pricing,high,,keyboard
"Subj: Case 0426 - Tablet pricing qty 2, can you quote? thanks.",pricing,medium,,tablet
"Subj: Case 0427 - Need price + availability for sku AB-2235, qty 5, asap pls.",pricing_and_availability,high,,
Subj: Case 0428 - Can you confirm stock + pricing for XZ9982 (qty 2)? no rush.,pricing_and_availability,low,,
"Subj: Case 0429 - Looking for quote and avail on PR-4412 qty 1, need today.",pricing_and_availability,high,,
"Subj: Case 0430 - Price + stock for MN-7722 monitor sku, qty 8 pls.",pricing_and_availability,medium,,
"Subj: Case 0431 - Need pricing/avail for cable sku CBL-2M-WH, qty 40, asap.",pricing_and_availability,high,,
Subj: Case 0432 - Can you send availability and price for SR-2043 (qty 1)?,pricing_and_availability,medium,,
"Subj: Case 0433 - Need price + stock for keyboard KB-88Y, qty 12, pls reply soon.",pricing_and_availability,medium,,
"Subj: Case 0434 - Price & availability for TB-A20 tablet sku, qty 3, no rush.",pricing_and_availability,low,,
"Subj: Case 0435 - Need pricing + in-stock status for SW-ENT-02, qty 25, urgent for PO.",pricing_and_availability,high,,
Subj: Case 0436 - Can you confirm price/avail for LT-5501 qty 6? pls.,pricing_and_availability,medium,,
"Subj: Case 0437 - Price + availability for RT-AC78 router sku, qty 2, asap pls.",pricing_and_availability,high,,
"Subj: Case 0438 - Need stock + pricing for MN-UHD28 qty 4, by end of day.",pricing_and_availability,high,,
"Subj: Case 0439 - Pls share price and whether you have CAT6-25FT in stock, qty 100.",pricing_and_availability,medium,,
"Subj: Case 0440 - Need quote + availability for SR-42U-02 qty 1, not urgent.",pricing_and_availability,low,,
"Subj: Case 0441 - Price/avail for keyboard KB-MECH-2 qty 30, pls reply asap.",pricing_and_availability,high,,
"Subj: Case 0442 - Tablet TB-PRO12: need price and if available, qty 2, thanks.",pricing_and_availability,medium,,
"Subj: Case 0443 - Software license sku SW-STD-13, need price + stock/fulfillment qty 10.",pricing_and_availability,medium,,
"Subj: Case 0444 - Need pricing and availability for IJ-2001 printer sku, qty 5, urgent.",pricing_and_availability,high,,
Subj: Case 0445 - Can you quote + confirm stock for RT-MESH6 qty 1?,pricing_and_availability,low,,
"Subj: Case 0446 - Need price & availability for MN-WIDE35 qty 3, asap pls for proposal.",pricing_and_availability,high,,
"Subj: Case 0447 - For HDMI-5M-UL, can you confirm stock + price? qty 18.",pricing_and_availability,medium,,
"Subj: Case 0448 - Need pricing/avail on SR-18U-SLIM2 qty 2, no rush.",pricing_and_availability,low,,
"Subj: Case 0449 - Price + stock for USB-C-1M qty 40, urgent pls.",pricing_and_availability,high,,
"Subj: Case 0450 - Need price and if PR-CL-3301 is available, qty 2, thanks.",pricing_and_availability,medium,,
"Subj: Case 0451 - For LT-13AIR2 laptop, can you send quote + stock qty 9?",pricing_and_availability,medium,,
Subj: Case 0452 - Need quote + availability for RT-POE9 qty 7 asap.,pricing_and_availability,high,,
"Subj: Case 0453 - Price/stock for MN-4K33 qty 2, no urgency.",pricing_and_availability,low,,
"Subj: Case 0454 - Need availability + pricing for DP-3M-V2 qty 22, pls reply today.",pricing_and_availability,high,,
"Subj: Case 0455 - Quote + stock check for SR-27U-GLASS2 qty 1, thanks.",pricing_and_availability,medium,,
"Subj: Case 0456 - Need pricing and availability for KB-WL-8 qty 16, asap pls.",pricing_and_availability,high,,
Subj: Case 0457 - Can you provide price + stock on TB-EDU11 qty 20?,pricing_and_availability,medium,,
"Subj: Case 0458 - Price/availability for SW-PRO-51 qty 50, need soon.",pricing_and_availability,medium,,
"Subj: Case 0459 - Need quote + availability for MN-IPS27B qty 3, asap.",pricing_and_availability,high,,
"Subj: Case 0460 - For PR-SCAN-5, can you confirm price and if it's in stock? qty 1.",pricing_and_availability,low,,
"Subj: Case 0461 - Need price + stock for RT-VPN21 qty 4, please reply today.",pricing_and_availability,high,,
"Subj: Case 0462 - Can you send quote + availability for LT-7581 qty 2, thx.",pricing_and_availability,medium,,
"Subj: Case 0463 - Need pricing/avail for ET-6A-06 cables qty 60, urgent pls.",pricing_and_availability,high,,
"Subj: Case 0464 - Server rack SR-9U-WALL2: price + availability qty 5, no rush.",pricing_and_availability,low,,
"Subj: Case 0465 - KB-ERGO4 keyboard: need quote + stock qty 11, asap pls.",pricing_and_availability,high,,
Subj: Case 0466 - Tablet TB-MINI8: can you confirm availability and price qty 2?,pricing_and_availability,medium,,
"Subj: Case 0467 - Quote + stock for AB-2236 router qty 9, urgent for bid.",pricing_and_availability,high,,
"Subj: Case 0468 - Need pricing and if XZ9983 is available, qty 1, thanks.",pricing_and_availability,low,,
"Subj: Case 0469 - For MN-7723, can you send price + avail qty 6? reply soon pls.",pricing_and_availability,medium,,
"Subj: Case 0470 - Need price/availability for SW-LIC-8P qty 7, asap pls.",pricing_and_availability,high,,
"Subj: Case 0471 - Pricing + stock for SR-12U-WALL2 qty 2, thx.",pricing_and_availability,medium,,
Subj: Case 0472 - Can you confirm price and availability for PR-4413 qty 3? not urgent.,pricing_and_availability,low,,
"Subj: Case 0473 - Need quote + in-stock for MN-WIDE36 qty 4, urgent pls.",pricing_and_availability,high,,
"Subj: Case 0474 - For USB-C-2M2 cable, price + stock qty 10, thanks.",pricing_and_availability,low,,
"Subj: Case 0475 - Need price/avail for LT-14X2 qty 6, soon pls.",pricing_and_availability,medium,,
Subj: Case 0476 - RT-EDGE13: please provide quote and availability qty 2 asap.,pricing_and_availability,high,,
"Subj: Case 0477 - MN-IPS24A monitor: quote + stock qty 14, no rush.",pricing_and_availability,low,,
"Subj: Case 0478 - Need pricing + availability for KB-SILENT-3 qty 30, urgent pls.",pricing_and_availability,high,,
"Subj: Case 0479 - Price and availability for TB-LTE9 qty 6, by end of week is ok.",pricing_and_availability,medium,,
Subj: Case 0480 - Can you send the datasheet for router (model RT-AC77) version v2.1?,product_docs,,,router
"Subj: Case 0481 - Need the user manual for printer, not sure which version, pls share pdf.",product_docs,,,printer
Subj: Case 0482 - Do you have compliance docs (RoHS/REACH) for the cables?,product_docs,,,cables
"Subj: Case 0483 - Need spec sheet for monitor, version v1.4 if that exists.",product_docs,,,monitor
"Subj: Case 0484 - Please send warranty terms for laptop, current version pls.",product_docs,,,laptop
"Subj: Case 0485 - Looking for installation guide for server rack, can you send it?",product_docs,,,server rack
"Subj: Case 0486 - Need quick start guide for tablet, pdf pls.",product_docs,,,tablet
"Subj: Case 0487 - Can you share firmware release notes for router, version 3.0.7?",product_docs,,,router
"Subj: Case 0488 - Need safety sheet / materials declaration for server rack, any version ok.",product_docs,,,server rack
Subj: Case 0489 - Please send driver download doc for printer (supported OS list).,product_docs,,,printer
Subj: Case 0490 - Do you have an SDS for the cables (if applicable)?,product_docs,,,cables
"Subj: Case 0491 - Need mount instructions for monitor, version v2 maybe?",product_docs,,,monitor
Subj: Case 0492 - Can you send the keyboard datasheet? i cant find it online.,product_docs,,,keyboard
"Subj: Case 0493 - Need software license EULA doc, latest version pls.",product_docs,,,software license
Subj: Case 0494 - Please share battery safety documentation for tablet (transport info).,product_docs,,,tablet
"Subj: Case 0495 - Need service manual for printer, version 1.0 if you have it.",product_docs,,,printer
Subj: Case 0496 - Can i get the dimensional drawing for server rack? (cad/pdf).,product_docs,,,server rack
"Subj: Case 0497 - Please send setup guide for router, any version ok.",product_docs,,,router
"Subj: Case 0498 - Need power specs doc for monitor, version v1.2 pls.",product_docs,,,monitor
Subj: Case 0499 - Do you have a certificate of conformity for the cables?,product_docs,,,cables
"Subj: Case 0500 - Need a teardown/repair guide for laptop, maybe service manual?",product_docs,,,laptop
"Subj: Case 0501 - Please share keyboard quick start guide, thx.",product_docs,,,keyboard
"Subj: Case 0502 - Need tablet admin guide (MDM enrollment), version v3 if possible.",product_docs,,,tablet
"Subj: Case 0503 - Can you send software license activation guide, latest version.",product_docs,,,software license
"Subj: Case 0504 - Need printer network setup doc, version 2.2 pls.",product_docs,,,printer
Subj: Case 0505 - Please provide installation template for server rack (hole pattern).,product_docs,,,server rack
Subj: Case 0506 - Do you have router security whitepaper? need for IT review.,product_docs,,,router
"Subj: Case 0507 - Need monitor warranty statement, pls send.",product_docs,,,monitor
"Subj: Case 0508 - Cable datasheet request (CAT6A), version v1.1 if you have it.",product_docs,,,cables
Subj: Case 0509 - Need laptop regulatory certs (FCC/CE) doc pls.,product_docs,,,laptop
"Subj: Case 0510 - Please share printer datasheet, any version ok.",product_docs,,,printer
Subj: Case 0511 - Do you have a rack grounding guide for server rack installs?,product_docs,,,server rack
"Subj: Case 0512 - Router CLI reference manual pls, version 5.4 maybe?",product_docs,,,router
"Subj: Case 0513 - Monitor color calibration guide, can you send it?",product_docs,,,monitor
Subj: Case 0514 - Need software license SOC2 or security doc? pls advise + send if you have.,product_docs,,,software license
"Subj: Case 0515 - Keyboard warranty + return policy doc, latest version pls.",product_docs,,,keyboard
"Subj: Case 0516 - Need tablet repairability info / service manual, if available.",product_docs,,,tablet
"Subj: Case 0517 - Printer environmental compliance statement (RoHS), pls share.",product_docs,,,printer
"Subj: Case 0518 - Can you send server rack assembly manual, version v1.3?",product_docs,,,server rack
"Subj: Case 0519 - Need router datasheet for procurement packet, no version needed.",product_docs,,,router
"Subj: Case 0520 - Monitor user guide pdf pls, any version is fine.",product_docs,,,monitor
"Subj: Case 0521 - Need cable bend radius / install guide, version 2025.1 maybe?",product_docs,,,cables
"Subj: Case 0522 - Laptop docking compatibility list doc, can you send it?",product_docs,,,laptop
Subj: Case 0523 - Please share printer warranty registration instructions.,product_docs,,,printer
"Subj: Case 0524 - Need server rack load rating doc, latest version pls.",product_docs,,,server rack
"Subj: Case 0525 - Router antenna placement guide, do you have one?",product_docs,,,router
"Subj: Case 0526 - Monitor energy star certification doc, pls.",product_docs,,,monitor
"Subj: Case 0527 - Need cables certificate of origin doc, if available.",product_docs,,,cables
"Subj: Case 0528 - Software license installation guide, version v4.0?",product_docs,,,software license
"Subj: Case 0529 - Keyboard cleaning guide doc, pls send.",product_docs,,,keyboard
"Subj: Case 0530 - Tablet warranty doc for model TB-A19, latest pls.",product_docs,,,tablet
"Subj: Case 0531 - Laptop datasheet/spec sheet, version v2026.02 if you have.",product_docs,,,laptop
"Subj: Case 0532 - Need printer quickstart (unboxing) guide, pls.",product_docs,,,printer
Subj: Case 0533 - Who is the sales rep for West Coast US? we are mid-size (~300 ppl) and need to talk soon.,sales_reps,medium,,
"Subj: Case 0534 - Need a sales contact for Texas region, small business (40 employees), asap pls.",sales_reps,high,,
"Subj: Case 0535 - Can you connect me with your Northeast US rep? enterprise (5k staff), urgent.",sales_reps,high,,
"Subj: Case 0536 - Looking for a rep in Canada (Ontario), we’re a startup (12 ppl).",sales_reps,medium,,
"Subj: Case 0537 - Who handles EMEA? we’re mid-market (800 employees), need a call this week.",sales_reps,medium,,
"Subj: Case 0538 - Please assign a sales rep for APAC (Singapore), enterprise, need pricing asap.",sales_reps,high,,
"Subj: Case 0539 - Need a sales rep contact for UK, small biz (25 ppl), not urgent.",sales_reps,low,,
"Subj: Case 0540 - Can someone from sales reach out for Germany? company size ~150, soon pls.",sales_reps,medium,,
"Subj: Case 0541 - Need sales rep for California, we have 60 employees, asap.",sales_reps,high,,
"Subj: Case 0542 - Who is our account manager for Midwest US? we’re enterprise (10k), urgent pls.",sales_reps,high,,
"Subj: Case 0543 - Need a rep in Australia, company size 200, no huge rush.",sales_reps,low,,
"Subj: Case 0544 - Can you connect sales for New York? we are ~500 ppl, need a quote soon.",sales_reps,medium,,
"Subj: Case 0545 - Sales rep request for France region; startup (8 ppl), pls reply when you can.",sales_reps,low,,
"Subj: Case 0546 - Need sales contact for India, enterprise, asap (proposal due).",sales_reps,high,,
"Subj: Case 0547 - Who handles LATAM (Mexico)? company is mid-size 220 ppl, want intro call.",sales_reps,medium,,
"Subj: Case 0548 - Need a sales rep for Brazil, we are 1200 employees, soon pls.",sales_reps,medium,,
Subj: Case 0549 - Can you send contact for sales in Seattle area? small team 30 ppl.,sales_reps,low,,
"Subj: Case 0550 - Need sales rep in Netherlands, company size 90, urgent for purchasing.",sales_reps,high,,
"Subj: Case 0551 - Who can help from sales for Japan? enterprise client, need meeting asap.",sales_reps,high,,
"Subj: Case 0552 - Sales contact for Spain, mid-size 180 employees, not urgent.",sales_reps,low,,
"Subj: Case 0553 - Need account rep for South Africa, ~400 employees, please respond soon.",sales_reps,medium,,
"Subj: Case 0554 - Who is the sales rep for Illinois? we are 55 ppl, asap pls.",sales_reps,high,,
"Subj: Case 0555 - Need sales rep for Florida, enterprise group, urgent.",sales_reps,high,,
"Subj: Case 0556 - Please connect me with someone in sales for Colorado, company size 140, soon.",sales_reps,medium,,
"Subj: Case 0557 - Sales rep needed for Sweden, small org 20 employees, no rush.",sales_reps,low,,
"Subj: Case 0558 - Who handles sales for UAE? we are enterprise, need quote ASAP.",sales_reps,high,,
"Subj: Case 0559 - Need sales contact for NYC metro, mid-market (650 ppl), soon pls.",sales_reps,medium,,
"Subj: Case 0560 - Can you route me to sales for Portugal? startup team 6 ppl, not urgent.",sales_reps,low,,
"Subj: Case 0561 - Need sales rep for Norway, company size 110, please reply asap.",sales_reps,high,,
"Subj: Case 0562 - Who is the rep for Arizona? small business 15 employees, thx.",sales_reps,low,,
"Subj: Case 0563 - Need sales rep for New Zealand, we’re 250 ppl, soon.",sales_reps,medium,,
"Subj: Case 0564 - Please connect me to sales in Belgium, enterprise client, urgent pls.",sales_reps,high,,
"Subj: Case 0565 - Who handles sales for Poland? company size 75, not urgent.",sales_reps,low,,
"Subj: Case 0566 - Need a rep for Switzerland, mid-size 160 ppl, please respond soon.",sales_reps,medium,,
"Subj: Case 0567 - Sales rep request for South Korea, enterprise, asap.",sales_reps,high,,
"Subj: Case 0568 - Need sales contact for Indonesia, company size 500, soon pls.",sales_reps,medium,,
"Subj: Case 0569 - Who is the rep for New Jersey? we’re 95 employees, asap pls.",sales_reps,high,,
"Subj: Case 0570 - Need a sales rep for Ireland, startup 10 ppl, whenever.",sales_reps,low,,
"Subj: Case 0571 - Please assign a rep for Italy, mid-market 900 employees, soon.",sales_reps,medium,,
"Subj: Case 0572 - Need sales rep for Oregon, small business (22), not urgent.",sales_reps,low,,
"Subj: Case 0573 - Who handles sales for Quebec? company size 310, urgent for renewal.",sales_reps,high,,
"Subj: Case 0574 - Need sales rep for Israel, enterprise, asap pls.",sales_reps,high,,
"Subj: Case 0575 - Sales contact for Philippines, 140 employees, soon would be great.",sales_reps,medium,,
"Subj: Case 0576 - Need an account rep for Ohio, small company 18 ppl, thanks.",sales_reps,low,,
"Subj: Case 0577 - Who’s our sales rep for Virginia? we’re 260 ppl, pls respond asap.",sales_reps,high,,
"Subj: Case 0578 - Need sales rep for Kenya, mid-market (600 ppl), not urgent.",sales_reps,low,,
"Subj: Case 0579 - Please connect sales for Hong Kong, enterprise, urgent for tender.",sales_reps,high,,
"Subj: Case 0580 - Sales contact for Michigan, company size 70, soon pls.",sales_reps,medium,,
"Subj: Case 0581 - Need rep for Denmark, startup 9 ppl, whenever.",sales_reps,low,,
"Subj: Case 0582 - Please give me the sales rep for Saudi Arabia, enterprise, asap.",sales_reps,high,,
"Subj: Case 0583 - Need sales rep for Austria, 130 employees, not urgent.",sales_reps,low,,
"Subj: Case 0584 - Sales contact for Louisiana, small org 35 ppl, pls reply soon.",sales_reps,medium,,
"Subj: Case 0585 - Who handles sales for Argentina? mid-market 700 employees, asap pls.",sales_reps,high,,
"Subj: Case 0586 - We want to register as a vendor: company name BrightWire Supply, business type distributor, region US.",vendor_registration,,,
"Subj: Case 0587 - Vendor reg request: NorthLake Tech Parts, manufacturer, region Canada.",vendor_registration,,,
"Subj: Case 0588 - Hi pls onboard us as vendor, company: PixelRack Systems, business type reseller, region UK.",vendor_registration,,,
"Subj: Case 0589 - Vendor registration: SkyNet Office Gear LLC, we are a wholesaler, region EU (Germany).",vendor_registration,,,
"Subj: Case 0590 - Can you send vendor onboarding link? Company: HarborIT Supplies, business type distributor, region Australia.",vendor_registration,,,
"Subj: Case 0591 - We'd like to become a vendor: GreenLeaf Components, business type manufacturer, region India.",vendor_registration,,,
"Subj: Case 0592 - Vendor setup pls: BlueCanyon Logistics, business type 3PL, region US-West.",vendor_registration,,,
"Subj: Case 0593 - Need vendor registration for IronGate Racks, business type fabricator, region Mexico.",vendor_registration,,,
"Subj: Case 0594 - Please register vendor: MapleByte Retailers, business type retailer, region Canada - Ontario.",vendor_registration,,,
"Subj: Case 0595 - Vendor onboarding request: Alpine Cable Co., business type manufacturer, region Switzerland.",vendor_registration,,,
"Subj: Case 0596 - We want to be a vendor: NovaPrint Services, business type service provider, region US-East.",vendor_registration,,,
"Subj: Case 0597 - Vendor reg: SunRise Tablets Ltd, business type manufacturer, region Singapore.",vendor_registration,,,
"Subj: Case 0598 - Please add us as vendor, company name: KeyClick Accessories, business type distributor, region France.",vendor_registration,,,
"Subj: Case 0599 - Start vendor registration: RackMount Pro GmbH, business type manufacturer, region Germany.",vendor_registration,,,
"Subj: Case 0600 - Vendor request: Oceanic Networking, business type VAR/reseller, region New Zealand.",vendor_registration,,,
"Subj: Case 0601 - We'd like vendor onboarding: CopperTrail Cables, business type wholesaler, region US.",vendor_registration,,,
"Subj: Case 0602 - Pls register vendor: Prism Software Partners, business type software publisher, region UK.",vendor_registration,,,
"Subj: Case 0603 - Vendor registration help: Titan Monitor Works, business type manufacturer, region South Korea.",vendor_registration,,,
"Subj: Case 0604 - Looking to register as vendor: DeltaRack Installers, business type installer, region US-South.",vendor_registration,,,
"Subj: Case 0605 - Please start vendor registration for LunaTech Importers, business type importer, region UAE.",vendor_registration,,,
"Subj: Case 0606 - Vendor onboarding: CedarWorks Manufacturing, business type manufacturer, region US-Midwest.",vendor_registration,,,
"Subj: Case 0607 - Need vendor account: ByteBridge Distribution, business type distributor, region Netherlands.",vendor_registration,,,
"Subj: Case 0608 - Can you onboard us as vendor? Company: RapidRoute Couriers, business type logistics, region US.",vendor_registration,,,
"Subj: Case 0609 - Vendor registration for SilverLine Peripherals, business type OEM, region Taiwan.",vendor_registration,,,
"Subj: Case 0610 - Start vendor registration pls: MetroPrint Consumables, business type supplier, region US-East.",vendor_registration,,,
"Subj: Case 0611 - Vendor request: PolarKeyboards Inc, business type manufacturer, region Sweden.",vendor_registration,,,
"Subj: Case 0612 - Please register vendor: Andes IT Traders, business type reseller, region Chile.",vendor_registration,,,
"Subj: Case 0613 - Need vendor onboarding: Sahara Network Supplies, business type distributor, region South Africa.",vendor_registration,,,
"Subj: Case 0614 - Vendor registration request: Baltic Office Tech, business type wholesaler, region Latvia.",vendor_registration,,,
"Subj: Case 0615 - Onboard vendor: RedPine Electronics, business type contract manufacturer, region Vietnam.",vendor_registration,,,
"Subj: Case 0616 - Pls add us as vendor, company: CloudNine Licensing, business type software reseller, region US.",vendor_registration,,,
"Subj: Case 0617 - Vendor onboarding needed: StoneBridge Racks, business type manufacturer, region Poland.",vendor_registration,,,
"Subj: Case 0618 - Request vendor registration: Pacific Tablet Repair, business type service provider, region Japan.",vendor_registration,,,
"Subj: Case 0619 - Please register vendor: GraniteCable Imports, business type importer, region US.",vendor_registration,,,
"Subj: Case 0620 - Vendor setup: Horizon Router Labs, business type manufacturer, region Israel.",vendor_registration,,,
"Subj: Case 0621 - We want to become vendor: BlueStone Monitors, business type OEM, region China.",vendor_registration,,,
"Subj: Case 0622 - Vendor onboarding request: AlpineWare Laptops, business type manufacturer, region Austria.",vendor_registration,,,
"Subj: Case 0623 - Please onboard as vendor: ZebraRack Rentals, business type rental company, region US.",vendor_registration,,,
"Subj: Case 0624 - Vendor reg request: MetroCables Wholesale, business type wholesaler, region Spain.",vendor_registration,,,
"Subj: Case 0625 - Add vendor: Nimbus Print Solutions, business type reseller, region Ireland.",vendor_registration,,,
"Subj: Case 0626 - Vendor registration: Coral Keyboard Studio, business type manufacturer, region Portugal.",vendor_registration,,,
"Subj: Case 0627 - Request to register as vendor: Summit Network Gear, business type distributor, region US-Northeast.",vendor_registration,,,
"Subj: Case 0628 - Vendor onboarding please: Atlas Server Racks, business type manufacturer, region Italy.",vendor_registration,,,
"Subj: Case 0629 - Pls create vendor profile: Riverbend Components, business type supplier, region Brazil.",vendor_registration,,,
"Subj: Case 0630 - Vendor registration request: Orion License House, business type software publisher, region US.",vendor_registration,,,
"Subj: Case 0631 - Need vendor onboarding for Arctic Freight Co, business type logistics, region Canada.",vendor_registration,,,
"Subj: Case 0632 - Register vendor: GoldenGate Peripherals, business type distributor, region US-West.",vendor_registration,,,
"Subj: Case 0633 - Vendor reg: EastWind Displays, business type manufacturer, region South Korea.",vendor_registration,,,
"Subj: Case 0634 - Please send vendor registration steps for Rainforest IT Supply, business type reseller, region Peru.",vendor_registration,,,
"Subj: Case 0635 - Onboard vendor: BlueHarbor Tablets, business type manufacturer, region India.",vendor_registration,,,
"Subj: Case 0636 - Vendor registration: Redwood Office Tech, business type retailer, region US.",vendor_registration,,,
"Subj: Case 0637 - Request vendor onboarding: CableWorks Mfg, business type manufacturer, region Vietnam.",vendor_registration,,,
"Subj: Case 0638 - Please register us as vendor: Stellar Rack Parts, business type distributor, region UAE.",vendor_registration,,,
"Subj: Case 0639 - Want to return order 66001 laptop, reason: battery wont hold charge.",return_request,,66001,laptop
"Subj: Case 0640 - Please start a return for order 66002 router, reason its the wrong model.",return_request,,66002,router
"Subj: Case 0641 - Need RMA/return for printer order 66003, reason: keeps jamming.",return_request,,66003,printer
"Subj: Case 0642 - Return request: order 66004 monitor, reason screen flickers out of box.",return_request,,66004,monitor
"Subj: Case 0643 - I want to return order 66005 cables, reason they are the wrong length.",return_request,,66005,cables
"Subj: Case 0644 - Please help return server rack from order 66006, reason parts missing.",return_request,,66006,server rack
"Subj: Case 0645 - Return for order 66007 keyboard, reason: keys sticking.",return_request,,66007,keyboard
"Subj: Case 0646 - Need to return tablet order 66008, reason: cracked screen on arrival.",return_request,,66008,tablet
"Subj: Case 0647 - Return request for software license order 66009, reason purchased wrong seats.",return_request,,66009,software license
"Subj: Case 0648 - Want to return laptop order 66010, reason: fan noise is crazy.",return_request,,66010,laptop
"Subj: Case 0649 - Please approve return for router order 66011, reason: wifi keeps dropping.",return_request,,66011,router
"Subj: Case 0650 - Return printer from order 66012, reason: arrived used/open box.",return_request,,66012,printer
"Subj: Case 0651 - Need to return monitor order 66013, reason: dead pixels.",return_request,,66013,monitor
"Subj: Case 0652 - Return cables order 66014, reason: connectors too loose.",return_request,,66014,cables
"Subj: Case 0653 - Please initiate return for server rack order 66015, reason: rails warped.",return_request,,66015,server rack
"Subj: Case 0654 - Return keyboard order 66016, reason: broken USB receiver.",return_request,,66016,keyboard
"Subj: Case 0655 - Please help me return tablet order 66017, reason: overheating.",return_request,,66017,tablet
"Subj: Case 0656 - Return software license order 66018, reason: cant use with our system.",return_request,,66018,software license
"Subj: Case 0657 - Need RMA for laptop order 66019, reason: trackpad glitchy.",return_request,,66019,laptop
"Subj: Case 0658 - Return router order 66020, reason: firmware update bricked it.",return_request,,66020,router
"Subj: Case 0659 - Please process return for printer order 66021, reason: grinding noise.",return_request,,66021,printer
"Subj: Case 0660 - Return monitor order 66022, reason: backlight bleed is bad.",return_request,,66022,monitor
"Subj: Case 0661 - Need to return cables order 66023, reason: fail certification test.",return_request,,66023,cables
"Subj: Case 0662 - Return server rack order 66024, reason: door wont close right.",return_request,,66024,server rack
"Subj: Case 0663 - Return keyboard order 66025, reason: disconnects all the time.",return_request,,66025,keyboard
"Subj: Case 0664 - Please start return for tablet order 66026, reason: touchscreen lag.",return_request,,66026,tablet
"Subj: Case 0665 - Return software license order 66027, reason: duplicate purchase.",return_request,,66027,software license
"Subj: Case 0666 - Want to return laptop order 66028, reason: cosmetic scratches on lid.",return_request,,66028,laptop
"Subj: Case 0667 - Return router order 66029, reason: range is way worse than expected.",return_request,,66029,router
"Subj: Case 0668 - Please initiate return for printer order 66030, reason: setup app crashes.",return_request,,66030,printer
"Subj: Case 0669 - Return monitor order 66031, reason: ghosting is noticeable.",return_request,,66031,monitor
"Subj: Case 0670 - Return cables order 66032, reason: intermittent signal.",return_request,,66032,cables
"Subj: Case 0671 - Need return for server rack order 66033, reason: paint peeling.",return_request,,66033,server rack
"Subj: Case 0672 - Return keyboard order 66034, reason: spacebar rattles badly.",return_request,,66034,keyboard
"Subj: Case 0673 - Please help return tablet order 66035, reason: slow charging + drains overnight.",return_request,,66035,tablet
"Subj: Case 0674 - Return software license order 66036, reason: key was invalid.",return_request,,66036,software license
"Subj: Case 0675 - Return laptop order 66037, reason: webcam freezes.",return_request,,66037,laptop
"Subj: Case 0676 - Return router order 66038, reason: slow throughput.",return_request,,66038,router
"Subj: Case 0677 - Need return for printer order 66039, reason: false low ink warnings.",return_request,,66039,printer
"Subj: Case 0678 - Return monitor order 66040, reason: wont wake from sleep reliably.",return_request,,66040,monitor
"Subj: Case 0679 - Please start return for cables order 66041, reason: connectors overheat.",return_request,,66041,cables
"Subj: Case 0680 - Return server rack order 66042, reason: sharp edges / safety issue.",return_request,,66042,server rack
"Subj: Case 0681 - Need return for keyboard order 66043, reason: keycap letters fading fast.",return_request,,66043,keyboard
"Subj: Case 0682 - Return tablet order 66044, reason: speaker distortion.",return_request,,66044,tablet
"Subj: Case 0683 - Return software license order 66045, reason: renewal cost changed unexpectedly.",return_request,,66045,software license
"Subj: Case 0684 - Please return laptop order 66046, reason: backlight on keyboard not working.",return_request,,66046,laptop
"Subj: Case 0685 - Return router order 66047, reason: admin UI times out constantly.",return_request,,66047,router
"Subj: Case 0686 - Return printer order 66048, reason: scanner feed issues.",return_request,,66048,printer
"Subj: Case 0687 - Return monitor order 66049, reason: stand wobbles a lot.",return_request,,66049,monitor
"Subj: Case 0688 - Need to return cables order 66050, reason: wrong item sent.",return_request,,66050,cables
"Subj: Case 0689 - Return server rack order 66051, reason: missing hardware/bolts.",return_request,,66051,server rack
"Subj: Case 0690 - Return keyboard order 66052, reason: arrived damaged.",return_request,,66052,keyboard
"Subj: Case 0691 - Please return tablet order 66053, reason: changed mind / not needed.",return_request,,66053,tablet
"Subj: Case 0692 - Refund request for order 67001, amount 1299.00, reason: laptop arrived damaged.",refund_request,,67001,
"Subj: Case 0693 - Please refund order 67002, amount $89.99, reason: router returned already.",refund_request,,67002,
"Subj: Case 0694 - Need refund for order 67003, amount 250.00, reason: printer never delivered.",refund_request,,67003,
"Subj: Case 0695 - Refund pls for order 67004, amount 179.50, reason: monitor has dead pixels.",refund_request,,67004,
"Subj: Case 0696 - Requesting refund order 67005 for 35.00, reason: cables wrong length.",refund_request,,67005,
"Subj: Case 0697 - Please process refund for order 67006, amount 899.00, reason: server rack missing parts.",refund_request,,67006,
Subj: Case 0698 - Refund request: order 67007 amount 49.95 reason keyboard defective.,refund_request,,67007,
"Subj: Case 0699 - Need refund for order 67008, amount 299.99, reason: tablet overheating.",refund_request,,67008,
"Subj: Case 0700 - Please refund order 67009, amount 120.00, reason: software license key invalid.",refund_request,,67009,
Subj: Case 0701 - Refund pls: order 67010 amount 15.00 reason duplicate cable purchase.,refund_request,,67010,
"Subj: Case 0702 - I want a refund for order 67011, amount 760.00, reason: router firmware bricked.",refund_request,,67011,
"Subj: Case 0703 - Refund request for order 67012, amount 2100.00, reason: order cancelled.",refund_request,,67012,
"Subj: Case 0704 - Please issue refund on order 67013, amount 18.75, reason: shipping charge incorrect.",refund_request,,67013,
Subj: Case 0705 - Need refund for order 67014 amount 333.33 reason: printer returned unopened.,refund_request,,67014,
Subj: Case 0706 - Refund pls order 67015 amount 640.00 reason: server rack arrived bent.,refund_request,,67015,
"Subj: Case 0707 - Please refund order 67016 for 77.77, reason: monitor stand missing & returned.",refund_request,,67016,
Subj: Case 0708 - Refund request: order 67017 amount 22.00 reason: finance charge not valid.,refund_request,,67017,
"Subj: Case 0709 - Need refund for order 67018, amount 199.99, reason: tablet not as described.",refund_request,,67018,
Subj: Case 0710 - Please refund order 67019 amount 7.25 reason: service fee charged in error.,refund_request,,67019,
Subj: Case 0711 - Refund for order 67020 amount 410.00 reason: laptop return processed already.,refund_request,,67020,
Subj: Case 0712 - Requesting refund order 67021 amount 59.00 reason: wrong keyboard shipped.,refund_request,,67021,
Subj: Case 0713 - Pls refund order 67022 amount 88.00 reason: duplicate invoice/payment.,refund_request,,67022,
"Subj: Case 0714 - Need refund for order 67023, amount 300.00, reason: software license cancelled.",refund_request,,67023,
Subj: Case 0715 - Please issue refund for order 67024 amount 13.40 reason: overcharge.,refund_request,,67024,
Subj: Case 0716 - Refund request order 67025 amount 5000 reason: order never shipped and we cancelled.,refund_request,,67025,
Subj: Case 0717 - Please refund order 67026 amount 95.00 reason: return approved last week.,refund_request,,67026,
Subj: Case 0718 - Need refund for order 67027 amount 1200 reason: charged twice.,refund_request,,67027,
Subj: Case 0719 - Refund pls order 67028 amount 66.00 reason: shipping insurance not requested.,refund_request,,67028,
"Subj: Case 0720 - Please process refund for order 67029, amount 2600, reason: server rack damaged in transit.",refund_request,,67029,
Subj: Case 0721 - Refund request: order 67030 amount 44.00 reason: restocking fee should be waived.,refund_request,,67030,
Subj: Case 0722 - Need refund for order 67031 amount 6100 reason: order cancelled same day.,refund_request,,67031,
"Subj: Case 0723 - Please refund order 67032 amount 980.00 reason: items returned, no refund yet.",refund_request,,67032,
Subj: Case 0724 - Refund pls for order 67033 amount 260.00 reason: wrong tax charged.,refund_request,,67033,
Subj: Case 0725 - Need a refund on order 67034 amount 312.12 reason: monitor defective.,refund_request,,67034,
Subj: Case 0726 - Please refund order 67035 amount 849.00 reason: printer not needed anymore (unopened).,refund_request,,67035,
Subj: Case 0727 - Refund request order 67036 amount 35.00 reason: shipped wrong cables.,refund_request,,67036,
Subj: Case 0728 - Pls refund order 67037 amount 999.95 reason: laptop returned (defect).,refund_request,,67037,
Subj: Case 0729 - Need refund for order 67038 amount 250 reason: order duplicated by our intern.,refund_request,,67038,
Subj: Case 0730 - Please issue refund for order 67039 amount 59.00 reason: keyboard arrived used.,refund_request,,67039,
Subj: Case 0731 - Refund request order 67040 amount 1990 reason: software license not delivered.,refund_request,,67040,
Subj: Case 0732 - Please refund order 67041 amount 110.00 reason: price match approved.,refund_request,,67041,
Subj: Case 0733 - Need refund for order 67042 amount 18.75 reason: duplicate shipping charge.,refund_request,,67042,
Subj: Case 0734 - Please refund order 67043 amount 540 reason: returned router and accessories.,refund_request,,67043,
Subj: Case 0735 - Refund request order 67044 amount 125 reason: incorrect fee applied.,refund_request,,67044,
Subj: Case 0736 - Need refund for order 67045 amount 62.10 reason: cancelled cable line item.,refund_request,,67045,
Subj: Case 0737 - Please refund order 67046 amount 300 reason: software license seats reduced.,refund_request,,67046,
Subj: Case 0738 - Refund request order 67047 amount 78.99 reason: billing error on statement.,refund_request,,67047,
Subj: Case 0739 - Please refund order 67048 amount 450.50 reason: late fee applied but paid on time.,refund_request,,67048,
Subj: Case 0740 - Need refund for order 67049 amount 210 reason: charged after cancellation.,refund_request,,67049,
Subj: Case 0741 - Refund pls order 67050 amount 799 reason: credit memo not applied.,refund_request,,67050,
Subj: Case 0742 - Please issue refund order 67051 amount 15000 reason: duplicate billing.,refund_request,,67051,
Subj: Case 0743 - Need refund for order 67052 amount 89.90 reason: chargeback resolution.,refund_request,,67052,
Subj: Case 0744 - Please refund order 67053 amount 7.25 reason: tax exempt but charged.,refund_request,,67053,
"Subj: Case 0745 - Tech help: router keeps dropping WAN, tried rebooting, need fix asap.",technical_support,high,,router
"Subj: Case 0746 - My printer wont connect to wifi, i've reset it twice, pls help soon.",technical_support,medium,,printer
"Subj: Case 0747 - Laptop wont boot, just a black screen, urgent we need it for work.",technical_support,high,,laptop
"Subj: Case 0748 - Monitor shows 'no signal' even though cable is plugged, can you advise?",technical_support,medium,,monitor
"Subj: Case 0749 - Software license activation fails with error 403, pls help asap.",technical_support,high,,software license
"Subj: Case 0750 - Keyboard not detected over USB, tried 2 ports, no luck.",technical_support,medium,,keyboard
"Subj: Case 0751 - Tablet stuck on update screen for hours, what should i do? pls.",technical_support,medium,,tablet
"Subj: Case 0752 - Server rack door lock jammed, cant open it, need help today.",technical_support,high,,server rack
"Subj: Case 0753 - Router admin password reset link not working, getting looped, pls assist.",technical_support,medium,,router
"Subj: Case 0754 - Printer says 'paper jam' but theres no paper, how to clear? not urgent.",technical_support,low,,printer
"Subj: Case 0755 - Laptop webcam not recognized in Teams, drivers? need fix asap.",technical_support,high,,laptop
"Subj: Case 0756 - Monitor has weird lines/artifacts, started after connecting new HDMI cable.",technical_support,medium,,monitor
"Subj: Case 0757 - Software license seat assignment not saving, portal bug? pls help soon.",technical_support,medium,,software license
"Subj: Case 0758 - Keyboard bluetooth wont pair, tried holding the button, nothing.",technical_support,medium,,keyboard
"Subj: Case 0759 - Tablet camera app crashes on open, need help asap.",technical_support,high,,tablet
"Subj: Case 0760 - Router VPN feature not working, we need it for remote staff, urgent pls.",technical_support,high,,router
"Subj: Case 0761 - Printer driver install fails on Windows 11, any workaround?",technical_support,medium,,printer
"Subj: Case 0762 - Laptop keeps overheating and throttling, fans running full, pls help.",technical_support,medium,,laptop
"Subj: Case 0763 - Monitor USB hub not working, keyboard/mouse dont show up, need advice.",technical_support,medium,,monitor
"Subj: Case 0764 - Software license wont deactivate on old device, blocking new install, urgent.",technical_support,high,,software license
"Subj: Case 0765 - Keyboard macro software wont launch (spins then closes), pls help.",technical_support,medium,,keyboard
"Subj: Case 0766 - Tablet wont join our WiFi (WPA2 enterprise), need help asap.",technical_support,high,,tablet
Subj: Case 0767 - Server rack grounding bar question: where does it attach? install is today.,technical_support,high,,server rack
"Subj: Case 0768 - Router QoS settings not applying, UI shows saved but nothing changes.",technical_support,medium,,router
"Subj: Case 0769 - Printer prints blank pages, new toner installed, pls advise soon.",technical_support,medium,,printer
"Subj: Case 0770 - Laptop touchpad gestures stopped working after update, need fix.",technical_support,medium,,laptop
"Subj: Case 0771 - Monitor wont go above 60hz even though spec says 144hz, help pls.",technical_support,medium,,monitor
"Subj: Case 0772 - Software license portal shows 'subscription expired' but we just bought, urgent.",technical_support,high,,software license
"Subj: Case 0773 - Keyboard backlight controls not working, fn key does nothing.",technical_support,low,,keyboard
"Subj: Case 0774 - Tablet audio not working in Zoom, tried reboot, still silent, pls help.",technical_support,medium,,tablet
"Subj: Case 0775 - Router keeps reverting config after reboot, need fix asap.",technical_support,high,,router
"Subj: Case 0776 - Printer scan-to-email fails with auth error, can you guide us?",technical_support,medium,,printer
"Subj: Case 0777 - Laptop wont charge via USB-C dock anymore, urgent for travel.",technical_support,high,,laptop
"Subj: Case 0778 - Monitor speakers not detected over HDMI, any settings i missed?",technical_support,low,,monitor
"Subj: Case 0779 - Software license installer fails with 'missing dependency', pls help asap.",technical_support,high,,software license
"Subj: Case 0780 - Keyboard double types letters (like 'ss' when i press once), help.",technical_support,medium,,keyboard
"Subj: Case 0781 - Tablet GPS not working in our field app, urgent pls.",technical_support,high,,tablet
"Subj: Case 0782 - Server rack fans (if included) are noisy, is there a spec or fix?",technical_support,low,,server rack
"Subj: Case 0783 - Router port forwarding not working, need it for a camera system asap.",technical_support,high,,router
"Subj: Case 0784 - Printer keeps going offline in Windows, then comes back, pls help.",technical_support,medium,,printer
"Subj: Case 0785 - Laptop bluetooth disappears randomly, urgent for peripherals.",technical_support,high,,laptop
"Subj: Case 0786 - Monitor HDR option greyed out, how do we enable?",technical_support,low,,monitor
"Subj: Case 0787 - Software license login SSO not working, getting 'invalid tenant', urgent.",technical_support,high,,software license
"Subj: Case 0788 - Keyboard function keys swapped, like F1 acts as media, how to change?",technical_support,low,,keyboard
"Subj: Case 0789 - Tablet MDM enrollment fails, need steps asap for deployment.",technical_support,high,,tablet
"Subj: Case 0790 - Router cant see the modem (no IP), we need help soon.",technical_support,medium,,router
"Subj: Case 0791 - Printer duplex printing option missing, how to enable? not urgent.",technical_support,low,,printer
"Subj: Case 0792 - Laptop screen brightness stuck at max, cant change, pls help asap.",technical_support,high,,laptop
"Subj: Case 0793 - Monitor randomly shuts off then back on, could be power setting? help.",technical_support,medium,,monitor
"Subj: Case 0794 - Software license says 'too many activations', we only have 3 users, urgent.",technical_support,high,,software license
"Subj: Case 0795 - Keyboard scroll lock light stays on and keys act weird, any reset?",technical_support,medium,,keyboard
"Subj: Case 0796 - Tablet wont rotate screen (auto-rotate stuck), pls advise soon.",technical_support,medium,,tablet
"Subj: Case 0797 - Router DNS settings not taking effect, clients still use old DNS, help asap.",technical_support,high,,router
Subj: Case 0798 - Random question: can you sponsor our local hackathon? details: we need swag + a speaker.,out_of_scope,,,
"Subj: Case 0799 - I’m applying for a job, who do i email my resume to? pls advise.",out_of_scope,,,
"Subj: Case 0800 - Your website login page is down for me, is there a maintenance window posted?",out_of_scope,,,
Subj: Case 0801 - Can you remove my email from marketing lists? i keep getting promos.,out_of_scope,,,
"Subj: Case 0802 - Thanks for the great webinar yesterday, just wanted to say it was helpful.",out_of_scope,,,
Subj: Case 0803 - Do you have an office in Boston i can visit? just curious.,out_of_scope,,,
"Subj: Case 0804 - I found a security vuln on your public site, who do i report to? urgent.",out_of_scope,,,
Subj: Case 0805 - Can you donate equipment to our school? we’re a non-profit program.,out_of_scope,,,
"Subj: Case 0806 - Your phone support line keeps hanging up on me, this is ridiculous.",out_of_scope,,,
Subj: Case 0807 - Can we do a partnership / affiliate deal? please send program info.,out_of_scope,,,
"Subj: Case 0808 - I need a copy of your company W-9, where can i download it?",out_of_scope,,,
"Subj: Case 0809 - Please update my account name spelling, its wrong in the portal, thanks.",out_of_scope,,,
"Subj: Case 0810 - Your chatbot is useless and keeps looping, can you improve it? annoyed.",out_of_scope,,,
Subj: Case 0811 - Where can i find your press kit/logo files? need for an article.,out_of_scope,,,
Subj: Case 0812 - Can you confirm your support hours for weekends? thanks!,out_of_scope,,,
"Subj: Case 0813 - I’m trying to reset my password but dont get the email, could be my spam.",out_of_scope,,,
Subj: Case 0814 - Can you delete my account entirely? privacy request.,out_of_scope,,,
"Subj: Case 0815 - I got a weird scam email pretending to be you, just letting you know.",out_of_scope,,,
"Subj: Case 0816 - Your site accessibility (contrast) is hard to use, please fix for ADA.",out_of_scope,,,
Subj: Case 0817 - Do you offer student discounts? just asking.,out_of_scope,,,
"Subj: Case 0818 - Compliment: your packaging has improved a lot vs last year, nice job.",out_of_scope,,,
Subj: Case 0819 - Can you help me update our company’s vendor tax info? not sure who owns that.,out_of_scope,,,
"Subj: Case 0820 - Please stop calling me, i never opted in, its getting annoying.",out_of_scope,,,
"Subj: Case 0821 - I have a media request about your new product launch, who’s PR contact?",out_of_scope,,,
Subj: Case 0822 - Can you provide your company legal name + address for our supplier database?,out_of_scope,,,
"Subj: Case 0823 - Your cookie banner blocks the page on mobile, its super annoying.",out_of_scope,,,
Subj: Case 0824 - Could you share your sustainability policy statement? need for our ESG file.,out_of_scope,,,
"Subj: Case 0825 - Just saying thanks, your support agent was super patient earlier.",out_of_scope,,,
"Subj: Case 0826 - I need help with my Gmail settings, can you tell me how to add a signature?",out_of_scope,,,
Subj: Case 0827 - Can you confirm if you’re open on national holidays? thanks.,out_of_scope,,,
"Subj: Case 0828 - I have a complaint about your ads following me everywhere, please stop retargeting.",out_of_scope,,,
"Subj: Case 0829 - Do you have a public API? we want to integrate, pls send docs link.",out_of_scope,,,
"Subj: Case 0830 - Need help retrieving an old chat transcript from your site, is that possible?",out_of_scope,,,
Subj: Case 0831 - Please send your insurance certificate (COI) for our vendor file.,out_of_scope,,,
"Subj: Case 0832 - Why did you change your logo? looks worse now, sorry.",out_of_scope,,,
Subj: Case 0833 - Can you confirm if you sell in-person training classes? details pls.,out_of_scope,,,
"Subj: Case 0834 - I got locked out after too many logins, can someone unlock my account?",out_of_scope,,,
Subj: Case 0835 - Could you provide a statement of work template? we’re drafting procurement docs.,out_of_scope,,,
"Subj: Case 0836 - Your newsletter has broken links, fyi.",out_of_scope,,,
Subj: Case 0837 - Can you send a copy of your ISO certificate? need for compliance review.,out_of_scope,,,
"Subj: Case 0838 - I have a question about my taxes, do i need to file quarterly? (not sure who to ask).",out_of_scope,,,
"Subj: Case 0839 - Please remove a review i posted by mistake on your site, thanks.",out_of_scope,,,
"Subj: Case 0840 - Your contact form throws an error 500, cant submit, annoying.",out_of_scope,,,
Subj: Case 0841 - Can you update your Google Maps listing? it shows wrong hours.,out_of_scope,,,
"Subj: Case 0842 - Thanks for getting back to me quickly last time, appreciate it.",out_of_scope,,,
"Subj: Case 0843 - I’m trying to change my email preferences but the link is broken, pls fix.",out_of_scope,,,
Subj: Case 0844 - Do you have a physical catalog you can mail? just curious.,out_of_scope,,,
Subj: Case 0845 - Can you help me set up my home wifi? i know this isn't your job but pls.,out_of_scope,,,
Subj: Case 0846 - I need a letter confirming you’re an authorized distributor for our records.,out_of_scope,,,
"Subj: Case 0847 - Your social media team never replies to DMs, kinda frustrating.",out_of_scope,,,
Subj: Case 0848 - Do you have a referral program? details pls.,out_of_scope,,,
"Subj: Case 0849 - Please remove my phone number from your directory, privacy thing.",out_of_scope,,,
Subj: Case 0850 - Can you confirm if you’re hiring interns this summer? thanks!,out_of_scope,,,
"Subj: Case 0851 - Need order statuz for 68001 AND please send the invoice too, pls asap.",multiple_intents,,68001,
"Subj: Case 0852 - Order 68002 shows delivered but we didnt recieve it, also need to return if it ever shows up.",multiple_intents,,68002,
Subj: Case 0853 - Can you quote 10 monitors and confirm if sku MN-7722 is actually in stock? urgent.,multiple_intents,,,
Subj: Case 0854 - Order 68003 printer is late AND now your collections email says we owe money??,multiple_intents,,68003,
"Subj: Case 0855 - Need to change shipping address on order 68004 + also send invoice pdf, asap pls.",multiple_intents,,68004,
Subj: Case 0856 - Router keeps rebooting (tech help) and we want a refund on order 68005 if cant fix.,multiple_intents,,68005,
Subj: Case 0857 - Please confirm status of order 68006 and cancel it if it hasnt shipped yet.,multiple_intents,,68006,
"Subj: Case 0858 - Need price + availability for sku AB-2234 qty 3, and also send the router datasheet v2.1.",multiple_intents,,,
Subj: Case 0859 - Order 68007 laptop arrived scratched (complaint) and i want to return it.,multiple_intents,,68007,
"Subj: Case 0860 - Can you connect me to a sales rep for Germany, and also quote 50 routers asap.",multiple_intents,,,
Subj: Case 0861 - Need invoice for order 68008 and btw the balance notice says $59 due but we paid.,multiple_intents,,68008,
Subj: Case 0862 - Order 68009 monitor has dead pixels (ugh) and we need tech support or a swap.,multiple_intents,,68009,
Subj: Case 0863 - Please check if keyboard KB-90PRO is in stock and also what’s the price for qty 25?,multiple_intents,,,
"Subj: Case 0864 - Need to return order 68010 tablet and request refund $299.99, reason: overheating.",multiple_intents,,68010,
Subj: Case 0865 - Where is order 68011 server rack (status) + we need liftgate added please.,multiple_intents,,68011,
Subj: Case 0866 - Delivery issue on order 68012 (printer missing) and we need the invoice resent too.,multiple_intents,,68012,
Subj: Case 0867 - Router order 68013: it keeps dropping wifi (support) and we want to cancel the order line.,multiple_intents,,68013,
Subj: Case 0868 - Need product manual for printer AND can you confirm order statuz for 68014?,multiple_intents,,68014,
Subj: Case 0869 - Please provide price/avail for sku SR-42U-01 qty 2 and connect me with sales for UK.,multiple_intents,,,
Subj: Case 0870 - I need a refund on order 68015 (amount 120.00) and also the invoice for records.,multiple_intents,,68015,
Subj: Case 0871 - Order 68016 monitor: shipped to wrong address (delivery issue) + please change address now!,multiple_intents,,68016,
"Subj: Case 0872 - Need availability on XZ9981 laptops qty 10 AND pricing for that qty, urgent.",multiple_intents,,,
Subj: Case 0873 - Collections is emailing about order 68017 but we never got the shipment (delivery issue).,multiple_intents,,68017,
"Subj: Case 0874 - Need to cancel order 68018 and also request refund amount 999.95, pls asap.",multiple_intents,,68018,
Subj: Case 0875 - Router config wont save (support) and also we need its security whitepaper.,multiple_intents,,,
Subj: Case 0876 - Can you check order status for 68019 cables + send invoice copy too pls.,multiple_intents,,68019,
Subj: Case 0877 - Order 68020 keyboard arrived damaged (delivery issue) and i want to return it.,multiple_intents,,68020,
Subj: Case 0878 - Need pricing for 100 cables and also confirm if CAT6-10FT is available now.,multiple_intents,,,
Subj: Case 0879 - Please send invoice for order 68021 and remove the late fee/collections notice too.,multiple_intents,,68021,
Subj: Case 0880 - Monitor not working (no signal) on order 68022 and i want a refund if no fix.,multiple_intents,,68022,
Subj: Case 0881 - Need to return printer order 68023 AND also complain: print quality is awful.,multiple_intents,,68023,
Subj: Case 0882 - Can you get me the invoice for 68024 and tell me when that order will ship?,multiple_intents,,68024,
Subj: Case 0883 - Need sales rep for APAC and also product docs (EULA) for software license.,multiple_intents,,,
Subj: Case 0884 - Delivery delayed on order 68025 and we need to upgrade shipping speed asap.,multiple_intents,,68025,
Subj: Case 0885 - Need refund order 68026 amount 35.00 AND can you confirm return was recieved?,multiple_intents,,68026,
Subj: Case 0886 - Order 68027 laptop status check + also change billing address on it pls.,multiple_intents,,68027,
"Subj: Case 0887 - Need price + availability for sku RT-VPN20 qty 4, and also router setup guide pdf.",multiple_intents,,,
"Subj: Case 0888 - Collections says order 68028 is overdue but we never got invoice, pls resend invoice and fix AR.",multiple_intents,,68028,
Subj: Case 0889 - Printer driver install fails (tech support) and also is PR-4411 even in stock? need 3 more.,multiple_intents,,,
"Subj: Case 0890 - Order 68029 monitor arrived cracked and i need a refund, asap.",multiple_intents,,68029,
Subj: Case 0891 - Need to add 5 cables to order 68030 and also check the current ship status.,multiple_intents,,68030,
Subj: Case 0892 - Return request for order 68031 router and also please send return label + invoice copy.,multiple_intents,,68031,
Subj: Case 0893 - Need pricing on server racks qty 2 and check availability on sku SR-2043 asap.,multiple_intents,,,
"Subj: Case 0894 - Laptop wont boot (support) and this is for order 68032, might need return if cant fix.",multiple_intents,,68032,
Subj: Case 0895 - Need invoice for order 68033 plus please correct the PO number on it.,multiple_intents,,68033,
Subj: Case 0896 - Order 68034 status pls and btw the monitor is flickering (complaint) if thats relevant.,multiple_intents,,68034,
"Subj: Case 0897 - Need sales rep for Canada and also quote for 15 laptops, urgent.",multiple_intents,,,
"Subj: Case 0898 - Delivery says 'delivered' for order 68035 but its missing, and i need invoice too.",multiple_intents,,68035,
Subj: Case 0899 - Need product docs for tablet (quick start) and also check availability TB-PRO11 qty 2.,multiple_intents,,,
Subj: Case 0900 - Please refund order 68036 amount 199.99 and stop the collections reminders.,multiple_intents,,68036,
Subj: Case 0901 - Need to cancel order 68037 and also want to return another item from order 68038 (keyboard).,multiple_intents,,68037,
Subj: Case 0902 - Can you confirm price+stock for sku KB-ERGO3 qty 11 and connect me to sales in Texas?,multiple_intents,,,
Subj: Case 0903 - Order 68039: please change ship-to phone number and also where is the shipment right now?,multiple_intents,,68039,
Subj: Case 0904 - Printer keeps going offline (support) and also AP needs invoice for order 68040 asap.,multiple_intents,,68040,
Subj: Case 0905 - Return request for order 68041 monitor due to dead pixels and pls refund 179.50.,multiple_intents,,68041,
Subj: Case 0906 - Need order status on 68042 and also the software license key still not delivered (tech).,multiple_intents,,68042,
"Subj: Case 0907 - Delivery issue on 68043: missing cables, also what’s the price if we need 50 more?",multiple_intents,,68043,
Subj: Case 0908 - Need invoice for order 68044 and also we want to dispute the late fee/AR notice.,multiple_intents,,68044,
Subj: Case 0909 - Can you check availability of SR-9U-WALL qty 5 and send the rack assembly manual v1.3?,multiple_intents,,,
Subj: Case 0910 - Need to change order 68045 from 1 to 2 printers and also quote the updated total.,multiple_intents,,68045,
"Subj: Case 0911 - Router is dropping WAN (support) and shipment for order 68046 is delayed (delivery), pls help.",multiple_intents,,68046,
Subj: Case 0912 - Need sales rep for EMEA and also check stock for MN-4K32 qty 2.,multiple_intents,,,
"Subj: Case 0913 - Order 68047 laptop: invoice missing + also status is stuck processing, pls fix asap.",multiple_intents,,68047,
Subj: Case 0914 - Need refund for order 68048 amount 95.00 and also please cancel any remaining shipment.,multiple_intents,,68048,
Subj: Case 0915 - Complaint: keyboard keys stick AND i need tech support to troubleshoot before returning.,multiple_intents,,,
Subj: Case 0916 - Need invoice for 68049 plus can you confirm if we can return within 30 days?,multiple_intents,,68049,
Subj: Case 0917 - Please provide pricing+availability for SW-ENT-01 qty 30 and also the EULA doc.,multiple_intents,,,
"Subj: Case 0918 - Delivery says order 68050 is returned to sender, and i want a refund for it.",multiple_intents,,68050,
Subj: Case 0919 - Can you check status of order 68051 and also remove a line item (tablet case) from it?,multiple_intents,,68051,
Subj: Case 0920 - Need to return router order 68052 (wrong model) and also stop collections emails about it.,multiple_intents,,68052,
Subj: Case 0921 - Requesting quote for 12 monitors and confirm availability of MN-IPS24 qty 14.,multiple_intents,,,
Subj: Case 0922 - Need product docs for laptop warranty and also the invoice for order 68053.,multiple_intents,,68053,
Subj: Case 0923 - Software license activation error 403 (support) + need refund order 68054 amount 120.00.,multiple_intents,,68054,
"Subj: Case 0924 - Need to cancel order 68055 and get invoice for the remaining shipped items, pls.",multiple_intents,,68055,
"Subj: Case 0925 - Delivery issue: order 68056 is missing 4 cables, and can you quote price for 200 more?",multiple_intents,,68056,
Subj: Case 0926 - Need sales rep for California and also check price+stock for AB-2236 qty 9.,multiple_intents,,,
Subj: Case 0927 - Please send invoice for order 68057 and confirm delivery ETA (its late).,multiple_intents,,68057,
Subj: Case 0928 - Return server rack order 68058 (rails warped) and request refund 899.00.,multiple_intents,,68058,
Subj: Case 0929 - Need order status for 68059 and also the collections notice is wrong (we paid).,multiple_intents,,68059,
"Subj: Case 0930 - Keyboard not detected (support) and i also want to return it if no fix, order 68060.",multiple_intents,,68060,
Subj: Case 0931 - Price+availability for TB-EDU11 qty 20 and also can you connect a sales rep for Brazil?,multiple_intents,,,
Subj: Case 0932 - Need invoice for order 68061 and please change invoice email to ap@company.com.,multiple_intents,,68061,
Subj: Case 0933 - Monitor arrived w/ missing stand (delivery issue) and we need the mounting instructions doc.,multiple_intents,,,
"Subj: Case 0934 - Need refund order 68062 amount 22.00 for wrong fee, and also send corrected invoice.",multiple_intents,,68062,
Subj: Case 0935 - Please check status of order 68063 and add signature required to delivery asap.,multiple_intents,,68063,
Subj: Case 0936 - Router wifi drops (complaint) and i need tech support to stabilize it asap.,multiple_intents,,,
Subj: Case 0937 - Need availability of SR-12U-WALL qty 2 and can you quote price too?,multiple_intents,,,
Subj: Case 0938 - Order 68064: delivery is late and i need to cancel if it wont arrive by Friday.,multiple_intents,,68064,
Subj: Case 0939 - Need invoice for order 68065 and also request refund 18.75 for duplicate shipping charge.,multiple_intents,,68065,
Subj: Case 0940 - Tablet stuck on update (support) and also can you tell me status of order 68066 shipment?,multiple_intents,,68066,
Subj: Case 0941 - Need to return printer order 68067 and also invoice for it for our AP file.,multiple_intents,,68067,
"Subj: Case 0942 - Please quote laptops qty 40 and connect sales rep for Midwest US, urgent.",multiple_intents,,,
Subj: Case 0943 - Delivery issue order 68068 (wrong model router) and also need return started.,multiple_intents,,68068,
"Subj: Case 0944 - Need product docs for software license activation + price for 100 licenses, pls.",multiple_intents,,,
Subj: Case 0945 - Collections notice for order 68069 is wrong and we need the invoice copy to prove payment.,multiple_intents,,68069,
Subj: Case 0946 - Change shipping method on order 68070 and also whats the current status/tracking?,multiple_intents,,68070,
Subj: Case 0947 - Need refund order 68071 amount 260 and also dispute credit hold on our account.,multiple_intents,,68071,
"Subj: Case 0948 - Availability check for RT-MESH6 qty 1 and also price quote, pls reply soon.",multiple_intents,,,
Subj: Case 0949 - Order 68072 monitor has backlight bleed (complaint) and i want refund if possible.,multiple_intents,,68072,
"Subj: Case 0950 - Need order status for 68073 and please send the invoice for that order, thanks.",multiple_intents,,68073,
"Subj: Case 0951 - Router password reset not working (support) and i need to return it, order 68074.",multiple_intents,,68074,
"Subj: Case 0952 - Need quote and availability for MN-UHD28 qty 4, urgent.",multiple_intents,,,
Subj: Case 0953 - Delivery issue order 68075 (split shipment missing 2nd box) and status update pls.,multiple_intents,,68075,
Subj: Case 0954 - Send datasheet for keyboard and also confirm if KB-SILENT-3 is in stock qty 30.,multiple_intents,,,
Subj: Case 0955 - Need invoice for order 68076 and also can you add tax exemption to it asap.,multiple_intents,,68076,
Subj: Case 0956 - Refund request for order 68077 amount 89.90 and return label never arrived.,multiple_intents,,68077,
"Subj: Case 0957 - Need sales rep for Japan and also quote for 8 routers, asap pls.",multiple_intents,,,
Subj: Case 0958 - Laptop overheating (support) and also please provide warranty terms doc.,multiple_intents,,,
Subj: Case 0959 - Cancel order 68078 and also check if we can get invoice for already shipped cables.,multiple_intents,,68078,
Subj: Case 0960 - Need availability for LT-13AIR qty 9 and also price per unit for that qty.,multiple_intents,,,
"Subj: Case 0961 - Order 68079 printer late + AP needs invoice today, pls help asap.",multiple_intents,,68079,
"Subj: Case 0962 - Credit hold because of order 68080 but we returned it, please clear and process refund 499.00.",multiple_intents,,68080,
"Subj: Case 0963 - Need product docs (RoHS) for cables and also pricing for 200 cables, urgent.",multiple_intents,,,
Subj: Case 0964 - Order 68081: status check and please change delivery instructions to dock door 3.,multiple_intents,,68081,
Subj: Case 0965 - Return request order 68082 laptop + need invoice copy for expense report.,multiple_intents,,68082,
Subj: Case 0966 - Printer wifi not connecting (support) and also we want to cancel order 68083 if not shipped.,multiple_intents,,68083,
"Subj: Case 0967 - Need quote + stock for SR-27U-GLASS2 qty 1, and sales contact for Netherlands.",multiple_intents,,,
Subj: Case 0968 - Delivery issue order 68084 (wrong keyboard) and i need refund once returned.,multiple_intents,,68084,
Subj: Case 0969 - Need invoice for order 68085 and also update billing address on file (wrong suite #).,multiple_intents,,68085,
Subj: Case 0970 - Monitor not going above 60hz (support) and i'm honestly disappointed (complaint).,multiple_intents,,,
"Subj: Case 0971 - Need price/avail for SW-PRO-51 qty 50 and also activation guide doc, pls.",multiple_intents,,,
"Subj: Case 0972 - Order 68086 laptop status and we need to upgrade shipping to overnight, asap.",multiple_intents,,68086,
Subj: Case 0973 - Return request order 68087 tablet + also dispute collections email about it.,multiple_intents,,68087,
Subj: Case 0974 - Need quote for 6 server racks and check stock for SR-18U-SLIM qty 3.,multiple_intents,,,
Subj: Case 0975 - Invoice for order 68088 pls and also the balance notice says we owe $13.40 (why?).,multiple_intents,,68088,
Subj: Case 0976 - Delivery issue order 68089 (tablet seal broken) and we need to return it.,multiple_intents,,68089,
"Subj: Case 0977 - Need sales rep for UK and availability on PR-4411 qty 3, pls.",multiple_intents,,,
Subj: Case 0978 - Printer scan-to-email auth error (support) and need the network setup guide v2.2.,multiple_intents,,,
Subj: Case 0979 - Refund request order 68090 amount 333.33 and please confirm order cancellation too.,multiple_intents,,68090,
Subj: Case 0980 - Need order status for 68091 router and also price for 50 routers (bulk) urgent.,multiple_intents,,68091,
Subj: Case 0981 - Need to change order 68092 quantity and also confirm availability of that printer model.,multiple_intents,,68092,
"Subj: Case 0982 - Monitor arrived damaged order 68093 (delivery) and we need refund 179.50, pls asap.",multiple_intents,,68093,
Subj: Case 0983 - Can you send invoice for 68094 and also confirm return window? might send it back.,multiple_intents,,68094,
Subj: Case 0984 - Need availability + pricing for USB-C-2M qty 40 and also cable datasheet v1.1.,multiple_intents,,,
"Subj: Case 0985 - Order 68095 laptop: status check + invoice pdf needed today, AP cutoff.",multiple_intents,,68095,
Subj: Case 0986 - Router port forwarding not working (support) and i'm mad because your UI is terrible (complaint).,multiple_intents,,,
"Subj: Case 0987 - Need sales rep for Australia and quote for 30 tablets, soon pls.",multiple_intents,,,
"Subj: Case 0988 - Please return order 68096 keyboard and refund 49.95, reason: double typing.",multiple_intents,,68096,
Subj: Case 0989 - Need to cancel order 68097 and stop any collections notices about it (we wont pay for cancelled).,multiple_intents,,68097,
Subj: Case 0990 - Printer prints blank pages (support) and also want invoice copy for order 68098.,multiple_intents,,68098,
"Subj: Case 0991 - Check availability on RT-POE9 qty 7 and price for qty 7, urgent pls.",multiple_intents,,,
Subj: Case 0992 - Order 68099 delivery missing 2 items and i need to update delivery instructions for next attempt.,multiple_intents,,68099,
Subj: Case 0993 - Need invoice for order 68100 and also want to dispute the balance discrepancy in your AR emails.,multiple_intents,,68100,
Subj: Case 0994 - Tablet MDM enrollment fails (support) and we need to know if TB-EDU11 is available qty 20.,multiple_intents,,,
Subj: Case 0995 - Price+availability for MN-4K33 qty 2 and also send monitor calibration guide.,multiple_intents,,,
Subj: Case 0996 - Return request for order 68101 printer (paper jams) and status of return refund pls.,multiple_intents,,68101,
Subj: Case 0997 - Need to change shipping address on order 68102 and also check current order status.,multiple_intents,,68102,
"Subj: Case 0998 - Need sales rep for Florida and also price+stock for LT-7581 qty 2, asap.",multiple_intents,,,
Subj: Case 0999 - Delivery issue on order 68103 (server rack rails bent) and we need return started asap.,multiple_intents,,68103,
Subj: Case 1000 - Need invoice for order 68104 and tech help activating software license (no email).,multiple_intents,,68104,
"Hi team, my order 583912 for the router was marked delivered but nothing showed up at our office. Can you pls check w/ the carrier, need this asap.",delivery_issue,high,583912,router
"Hey, order #7741052 (monitor) is still stuck on 'label created' since Monday... any update? Kinda urgent.",delivery_issue,medium,7741052,monitor
"I recieved the email saying my laptop shipped, but tracking just loops and no ETA. Order 619430.",delivery_issue,medium,619430,laptop
"Delivery issue: cables box arrived torn open and missing items. Order id 902117, pls advise.",delivery_issue,low,902117,cables
"Our printer delivery never came, but your site says delivered yesterday 4:12pm. Order 4487711. I'm pretty frustrated.",delivery_issue,high,4487711,printer
Order 731006 for a keyboard is delayed again (3rd time). Any chance to expedite??,delivery_issue,high,731006,keyboard
Do you have SKU AB-2234 in stock? Need 20 if possible for a roll out.,availability,,,
"Looking for a server rack, not sure sku, but the 42U one—how many units are avail right now? Need 2.",availability,,,server rack
Can you confirm availability for XZ9981 (router)? We might need 6.,availability,,,router
"Hi, are the HDMI cables back in stock yet? Need like 50, pls.",availability,,,cables
Need tablets for new hires—any inventory for SKU TBL-771A? Qty 12.,availability,,,tablet
Do you guys have the ergonomic keyboard in stock? I only need 1 but want it this week.,availability,,,keyboard
This monitor is awful—dead pixels right out of the box. Super dissapointed.,complaints,,,monitor
"Your router firmware update bricked it, now it just reboots nonstop. Not happy.",complaints,,,router
"The printer keeps jamming every 5 pages, basically unusable. What a mess.",complaints,,,printer
Laptop arrived with scratches and the seal looked opened. This is not acceptable.,complaints,,,laptop
The keyboard keys are sticking after 2 days. Feels super cheap tbh.,complaints,,,keyboard
"We bought a software license and activation failed twice, support link goes nowhere. Pretty annoyed.",complaints,,,software license
"Collections keeps emailing us but invoice was already paid. Order 610275, pls stop the reminders.",credit_and_collections,,610275,
"We were charged twice for order 9350112, can you fix the balance? It's $249.99 extra.",credit_and_collections,,9350112,
"Statement shows past-due but we never recieved the invoice. Order id 502981, amount says 1200.00.",credit_and_collections,,502981,
"Can someone explain why our credit memo isn't applied? Ref order 781440, open balance 89.50.",credit_and_collections,,781440,
"You sent us to collections for $540 but that order was canceled. Order 668190, please correct ASAP.",credit_and_collections,,668190,
"Payment posted to wrong account maybe? Order 8472601 is showing unpaid, amount 310.00.",credit_and_collections,,8472601,
"Hi, can you send the invoice for order 449120? Need it today for accounting, thx.",invoice_request,high,449120,
"Please provide invoices for Feb 2026, we need the full period PDF. Not tied to a single order.",invoice_request,medium,,
Need a copy of invoice for order #7706183 (lost the email). No rush.,invoice_request,low,7706183,
Can u resend the invoice for Q4 2025? Finance is bugging me lol.,invoice_request,medium,,
"Invoice request: order 118904, we need it for our audit asap pls.",invoice_request,high,118904,
"Hey team, could you send invoices for Jan 2026 + Feb 2026? If only one period allowed then start with Jan 2026.",invoice_request,medium,,
"Can you change order 306517 to ship to our new address? I typed it wrong, sorry.",order_modification_request,medium,306517,
Need to cancel order 9902711 (printer) if it hasn't gone out yet pls!,order_modification_request,high,9902711,
Order #614880: can you add 2 more monitors to the same shipment? If not possible let me know.,order_modification_request,medium,614880,
I put the wrong model in the cart—can you swap the router on order 205981 to the newer version?,order_modification_request,medium,205981,
Please remove the extended warranty from order 873400 (laptop). Not urgent just fix it when u can.,order_modification_request,low,873400,
"Can you split shipment on order 5419922? Keyboard and cables can ship now, monitor can wait.",order_modification_request,low,5419922,
What's the statuz of order 650129? It was a tablet purchase from last Friday.,order_status,,650129,tablet
"Checking on order 9077113, server rack. Pls tell me if it shipped yet.",order_status,,9077113,server rack
"Hey, any update on my laptop order #318770? I placed it 2 days ago.",order_status,,318770,laptop
Order 5204810 for printer supplies (cables) — is it processing or backordered??,order_status,,5204810,cables
Can you confirm if order 760055 has been packed? It's the keyboard I ordered yesterday evening.,order_status,,760055,keyboard
"Need status on order #882019 (monitor). It’s been over a week, no emails.",order_status,,882019,monitor
Can you quote pricing for 15 routers? Need a ballpark asap.,pricing,high,,router
What's your best price on 2 server racks for a small office? Not urgent.,pricing,low,,server rack
"Pricing request for software license (annual). Need 50 seats, pls send info.",pricing,medium,,software license
How much for 8 monitors? If there's a volume discount let me know.,pricing,medium,,monitor
"Need price for 100 ethernet cables, and any lead time? Kinda time sensitive.",pricing,medium,,cables
"Hi, what’s the unit price on 3 tablets? Please respond today if possible.",pricing,high,,tablet
"Need price + if it's in stock: SKU RT-4400, qty 10. Pls reply asap.",pricing_and_availability,high,,
Do you have XZ9981 and what's the cost? Need 4 units.,pricing_and_availability,medium,,
"Can you confirm availability + pricing for AB-2234, qty 200 (bulk).",pricing_and_availability,medium,,
"Quick q: SKU MON-27Q2, do you still sell it and how much? Need 6.",pricing_and_availability,low,,
"Looking at SKU LIC-9Z10, need 25 licenses—price + stock/lead time?",pricing_and_availability,medium,,
SKU KB-118B: how much and can you ship 12 this week? super urgent,pricing_and_availability,high,,
Can you send the datasheet for the router model XR-200? Need specs for procurement.,product_docs,,,router
Looking for the user manual for your printer (the office laser one). If there's a PDF pls share.,product_docs,,,printer
Do you have the safety / compliance docs for the laptop line? Like CE/FCC stuff.,product_docs,,,laptop
"Need install guide for the server rack, version 2.1 if that's the latest.",product_docs,,,server rack
Can you share the quick start guide for the tablet? Any version is fine.,product_docs,,,tablet
Who is the sales rep for Pacific Northwest? We're about 200 employees and want to talk pricing soon.,sales_reps,medium,,
Need a sales contact for UK/Ireland region. Small startup (20 ppl).,sales_reps,low,,
Can someone connect me w/ a sales rep in Texas? We’re mid-size (~500 staff) and need a quote asap.,sales_reps,high,,
"Which rep covers Germany/DE? Company size around 1,200. Not urgent just planning.",sales_reps,low,,
"Sales rep request: Toronto area (Canada). We're a 60 person org, need help this week.",sales_reps,medium,,
"Hi, we want to register as a vendor. Company name: NorthBridge IT LLC, business type: reseller, region: US.",vendor_registration,,,
"Vendor onboarding pls—Skyline Networks Ltd, we're a systems integrator in EMEA.",vendor_registration,,,
"How do we become an approved vendor? Company: Red Maple Supplies, business: distributor, region Canada.",vendor_registration,,,
Need vendor registration info for BrightLoop Consulting (we do IT consulting) - based in APAC/Singapore.,vendor_registration,,,
"Hello, registering vendor: Oak & Iron Hardware Co. We are a retail partner in the Midwest US.",vendor_registration,,,
"I'd like to return the keyboard from order 471905, keys are too loud for our office.",return_request,,471905,keyboard
"Return request: order #6500881 monitor doesn't fit our mounts, can we send it back?",return_request,,6500881,monitor
"Need to return router from order 239901, it was the wrong model (my mistake).",return_request,,239901,router
"Can I return the tablet on order 808314? It's unopened, we ended up not needing it.",return_request,,808314,tablet
"Order 996120: want to return the printer, it arrived but we already purchased another brand.",return_request,,996120,printer
Please refund order 771002 (software license). Charged 199.00 but we canceled same day.,refund_request,,771002,
"I need a refund for order #4309118, the monitor was returned already. Amount should be $329.99.",refund_request,,4309118,
"Refund request for order 582010: printer never arrived so we bought elsewhere, please refund 449.00.",refund_request,,582010,
"Can you process my refund? Order 910663, cables were missing from the box. Not sure total, maybe 39.95.",refund_request,,910663,
"Hey, refund pls for order 3001777. I was billed twice, refund the extra 120.00.",refund_request,,3001777,
Need tech help: router keeps dropping wifi every 10 mins after setup. Can someone help asap?,technical_support,high,,router
"Laptop won't boot, just black screen and fans spin. Any troubleshooting steps?",technical_support,high,,laptop
Printer says 'error 0x12' and won't print. Not super urgent but need a fix soon.,technical_support,medium,,printer
"Software license activation screen just spins forever, no code accepted. pls assist",technical_support,medium,,software license
"Monitor flickers when connected via HDMI, tried 2 cables. Any ideas? not urgent.",technical_support,low,,monitor
"Keyboard intermittently disconnects over USB-C hub. Need help today, it's blocking work.",technical_support,high,,keyboard
Do you offer internships? I'm a CS student and love your company.,out_of_scope,,,
Can you change the color theme on your website? The contrast hurts my eyes tbh.,out_of_scope,,,
I got a phishing email pretending to be you—where do I report it?,out_of_scope,,,
Why did you remove the blog post about office setups? Kinda annoying to find info now.,out_of_scope,,,
Can you sponsor our local hackathon next month? We’re in Austin and expect 300 ppl.,out_of_scope,,,
"Hi, can you tell me where order 701155 is at AND also resend the invoice? Need both asap pls.",multiple_intents,,701155,
Order 8802142 shows shipped but I'm missing the invoice for it. Can you confirm delivery ETA + invoice copy?,multiple_intents,,8802142,
Need to cancel order 409771 AND want a refund if it already charged. Pls handle quick.,multiple_intents,,409771,
"My laptop on order 560901 arrived damaged, I want to return it. What's the process?",multiple_intents,,560901,
Order 672004: where is it (router) and can you change the ship address to our new suite #? sorry for the mess.,multiple_intents,,672004,
Can you quote pricing for 30 monitors and also tell me if SKU MON-27Q2 is in stock? Need answer today.,multiple_intents,,,
We paid order 315880 but collections says overdue; also please send the invoice copy. This is urgent.,multiple_intents,,315880,
Need technical help with the printer (error code) and honestly I want to return it if we can't fix it. Order 998104.,multiple_intents,,998104,
Order 1229077 was delivered to the wrong floor AND now I need a refund for the missing item. What do we do?,multiple_intents,,1229077,
"Can you confirm if AB-2234 is available, and if yes what's the price for 75? Pls reply soon.",multiple_intents,,,
Need the datasheet for the server rack AND can you connect me to a sales rep for California? We're ~300 ppl.,multiple_intents,,,
"Order 734199: please resend invoice, and also update the PO number if possible (I forgot to add it).",multiple_intents,,734199,
Router is dropping connections (need tech support) and I also want to know if my order 847119 shipped yet.,multiple_intents,,847119,
We got billed twice on order 600512 and I'd like a refund for the extra amount. Also stop the dunning emails pls.,multiple_intents,,600512,
Monitor arrived with a crack (order 459033) so I'm complaining AND want to return it. This is ridiculous.,multiple_intents,,459033,
"Need to know status of order 518902, and btw can you also provide the invoice for March 2026? If only one, start w/ the order invoice.",multiple_intents,,518902,
"Hi team, order 583921 still not here and tracking has been stuck on ""label created"" for 3 days. It's a router for our office, pls check ASAP.",delivery_issue,high,583921,router
My laptop shipment (order #74018) says delivered but we didnt recieve anything at reception. Can you help figure out where it went?,delivery_issue,high,74018,laptop
Order 906772 for a monitor is arriving way later than promised... we needed it for a setup tomorrow. Any chance to speed this up?,delivery_issue,high,906772,monitor
"Hey, cables order 118903 has the wrong delivery address on the carrier site (shows old suite). Can you correct before it gets dropped off??",delivery_issue,medium,118903,cables
"Printer order 665410 is showing ""exception"" on tracking, no other details. Pls tell me whats going on, it's been a week now.",delivery_issue,medium,665410,printer
We got part of our server rack shipment but one box is missing (order 391047). Can you confirm if its split or lost?,delivery_issue,medium,391047,server rack
"Do you have SKU AB-2234 in stock? It's the keyboard we bought last time, need 12 units if possible.",availability,,,keyboard
"Hi, checking availability on the XZ9981 tablet. We need 4 but can do partial if that's all you have.",availability,,,tablet
"Can you confirm if the 27in monitor is backordered? SKU MN-4401, qty 7. Pls reply when you can.",availability,,,monitor
"Need to know if you have any router units left, SKU RT55-A1. Looking for 2, today if possible.",availability,,,router
"Hey support, is the software license (SKU LIC-9000) available for immediate activation? Need 25 licenses.",availability,,,software license
"I'm pretty dissapointed. The printer keeps jamming straight out of the box, like every 3 pages. This is not ok.",complaints,,,printer
"The router drops connection multiple times a day, and yes we updated firmware. Honestly super frustrating.",complaints,,,router
"Your cables are labeled 2m but they are clearly shorter, this is kinda ridiculous. Need someone to fix this.",complaints,,,cables
"Monitor arrived with a bright dead pixel cluster in the center. For the price, this quality is unacceptable.",complaints,,,monitor
"The keyboard keys are sticking after like 2 days of normal use. Not happy at all, pls advise.",complaints,,,keyboard
"Hi, we keep getting past-due notices for order 552190 but we already paid last week. Can you stop the collections emails?",credit_and_collections,,552190,
Order 804771 was put on credit hold and now our shipment is blocked. What do you need from us to release it?,credit_and_collections,,804771,
"Your statement shows an overdue balance of $1,260.50 but that doesnt match our records. Please review and correct.",credit_and_collections,,,
I got a 2nd reminder for order 330781 and the amount looks wrong (says 499). Can someone check the invoice vs payment?,credit_and_collections,,330781,
"We need to update our billing terms, collections keeps calling and it's getting out of hand. Account should be net-30, not due on receipt.",credit_and_collections,,,
Can you send the invoice for order 771204? Our AP team needs it today pls.,invoice_request,high,771204,
"Hi, looking for all invoices for Feb 2026 for our account, PDF is fine. Not urgent but pls include everything.",invoice_request,low,,
"Need a copy of invoice tied to order #990571 (server rack). We can't close the month without it, asap.",invoice_request,high,990571,
Can you resend invoice for order 615839? I think it got stuck in spam and AP is asking again.,invoice_request,medium,615839,
"Please provide invoices for Q4 2025, we are doing an audit. No rush but make sure it's complete.",invoice_request,low,,
Invoice request: order 204667. Could you send it within the next hour? Thanks.,invoice_request,high,204667,
"Hey, can you cancel order 448201? It's for a tablet and we placed it by mistake, pls do it before it ships.",order_modification_request,high,448201,
"Need to change ship-to address on order 572904 (keyboard). We moved offices, pls update to the new address on file.",order_modification_request,medium,572904,
Order 839105 - can you add 3 extra cables to it? Same type as already on the order. If not possible just let me know.,order_modification_request,medium,839105,
Pls update order 961773 quantity for monitors from 10 down to 8. We overestimated.,order_modification_request,low,961773,
"Can you switch order 300682 to expedited shipping? It's a router and we need it sooner, thanks.",order_modification_request,high,300682,
Any update on order statuz for #129045? It's a laptop order from last Friday.,order_status,,129045,laptop
Where is my order 775390 (printer)? I placed it yesterday morning and havent seen any confirmation besides the receipt.,order_status,,775390,printer
"Hi, can you tell me if order 408116 has shipped yet? It's just some ethernet cables for the lab.",order_status,,408116,cables
"Checking on order #516782 for a server rack, placed around 2 weeks ago. Still says processing on the portal.",order_status,,516782,server rack
Order 603559 for a monitor: can you confirm ETA? We have installers coming on Monday.,order_status,,603559,monitor
"Hey there, status check for order 947520 (software license). Need to know if activation is queued or already sent.",order_status,,947520,software license
Can you quote pricing for 30 units of the keyboard? We might need to place PO today so pls be quick.,pricing,high,,keyboard
"Whats the price break if we order 100 ethernet cables? Not super urgent, just planning.",pricing,low,,cables
Need pricing for 8 monitors (same as last time). Can you send a formal quote asap?,pricing,high,,monitor
"Hi, can you tell me current unit cost for the tablet if we buy 3? Reply when you get a chance.",pricing,medium,,tablet
"Looking for pricing on a server rack, qty 1. Not sure on model yet but need a ballpark.",pricing,low,,server rack
"We need a renewed quote for 50 software licenses, and finance wants it today. Pls send ASAP.",pricing,high,,software license
Can you confirm price + availability for SKU PR-7710? Need 6 printers and we are on a tight timeline.,pricing_and_availability,high,,
"Hi, looking at SKU RBX-210 router, need qty 10. Are they in stock and whats the unit price?",pricing_and_availability,medium,,
"Pls advise availability + best pricing for SKU MON-5K2. Need 2 monitors, no rush.",pricing_and_availability,low,,
"Do you have SKU CAB-889A cables in stock, and can you quote for 200 pcs? We might order this week.",pricing_and_availability,medium,,
Need quick info: SKU LIC-X14 (software license) - qty 15. In stock and price? pls respond today.,pricing_and_availability,high,,
"Can you send the datasheet for the router model we bought? It's the ""EdgeRouter 8"". Need the latest PDF.",product_docs,,,router
"Hi, looking for the user manual for your printer (we have the OfficePrint 300). Any doc link?",product_docs,,,printer
"Do you have installation guide for the server rack? The box didnt include anything, pls send.",product_docs,,,server rack
Need SDS / safety sheet for the cable management kit (cables accessory). Which version is current?,product_docs,,,cables
"Can you send licensing documentation for the software license, like the EULA and activation steps? For v3.2 if thats a thing.",product_docs,,,software license
Who is the sales rep for the Pacific Northwest? We are mid-size (about 350 employees) and need to talk this week.,sales_reps,medium,,
Can you connect me with a sales person for NYC area? We're a small startup (20 ppl) and need pricing soon.,sales_reps,high,,
"Need a rep in Germany / DACH region. Company is enterprise, global IT rollout coming, pls advise.",sales_reps,medium,,
"Hi there, who handles sales for the Southeast US? We're about 1200 staff, not urgent just intro.",sales_reps,low,,
"Looking for a sales contact for Ontario, Canada. We're a 60-person shop and need help picking routers asap.",sales_reps,high,,
"Hello, we want to register as a vendor. Company name: NorthBridge IT Supplies, business type: reseller, region: US.",vendor_registration,,,
"Pls send vendor onboarding steps. We're ""Green Valley Consulting"" (managed services) located in UK.",vendor_registration,,,
"We'd like to become a vendor partner. Company: AeroByte Manufacturing, type: manufacturer, region EU (Netherlands).",vendor_registration,,,
"Hi team, vendor registration request for ""Sapphire Retail Group"". We're a retailer in Australia, how do we start?",vendor_registration,,,
"Need to register as supplier: Kinetic Cable Co. We do wholesale/distribution, region: Canada. Thanks.",vendor_registration,,,
"I'd like to return the monitor from order 610583. It's too big for our desk setup, can you start a return?",return_request,,610583,monitor
"Return request pls: order 728406, keyboard. Keys feel mushy and user hates it, want to send back.",return_request,,728406,keyboard
"Hey support, need return for router on order #195037. It doesn't work with our ISP, so we can't use it.",return_request,,195037,router
"Can I return the tablet from order 862944? We ordered the wrong model, unopened still.",return_request,,862944,tablet
Requesting a return label for cables from order 540118. We ended up not needing them after project got canceled.,return_request,,540118,cables
"I need a refund for order 401885, the printer was never used and we already replaced it. Refund amount should be 299.99.",refund_request,,401885,
Refund request: order #533070. We were charged twice (same software license). Please refund 149.00.,refund_request,,533070,
"Can you process refund for order 870611? Router arrived damaged and we don't want a replacement, just money back.",refund_request,,870611,
"Hi, order 296104 for monitor was canceled but my card still shows a pending charge. Need refund pls.",refund_request,,296104,
We returned the keyboard already (order 645902) but havent recieved the refund. Amount was 79.50 i think.,refund_request,,645902,
"Help pls: laptop won't boot after the latest update, stuck on black screen. This is urgent, team is down.",technical_support,high,,laptop
"Router setup issue - can't get WAN to connect, keeps saying ""no IP"". Any troubleshooting steps?",technical_support,medium,,router
"Printer driver install fails on Windows 11, error 0x0000011b. Pls advise when you can.",technical_support,medium,,printer
"Monitor flickers randomly over HDMI, tried different cable already. Need a fix asap, it's making ppl nauseous.",technical_support,high,,monitor
"Software license activation keeps failing with ""license key invalid"" but we copied it exactly. What can we do?",technical_support,medium,,software license
"Keyboard not being detected on one of our laptops, works on other machine. Is there a firmware reset or something?",technical_support,low,,keyboard
"Hi, can you update my marketing email preferences? I'm getting too many promos lately, thx.",out_of_scope,,,
Just wanted to say your support agent Mike was awesome yesterday. Please pass it along!,out_of_scope,,,
Can you help me reset my password for the customer portal? I can't log in and keep getting locked out.,out_of_scope,,,
Where can I find your privacy policy and data retention info? Legal team is asking.,out_of_scope,,,
"This is getting annoying: your website checkout keeps crashing on my phone. Not even placing an order, just browsing.",out_of_scope,,,
"Order 782104 shows delivered but we didnt recieve it, and also please resend the invoice for it. Need both fixed asap.",multiple_intents,,782104,
"Hi, what's the statuz of order 905177 and can you switch it to expedited shipping? It's a tablet and we're behind schedule.",multiple_intents,,905177,
Can you quote pricing for 20 routers AND tell me if SKU R-200X is in stock? We need to decide today.,multiple_intents,,,
"Invoice for order 318905 is missing, plus collections emailed us saying it's overdue. We paid already, pls sort this out.",multiple_intents,,318905,
"The monitor is flickering and also has a dead pixel, honestly not impressed. What can you do?",multiple_intents,,,
"Need to return order 447629 (keyboard), and also want the refund back to the card. Please tell next steps.",multiple_intents,,447629,
Can you cancel order 662981 and confirm if the refund will be automatic? We ordered the wrong printer model.,multiple_intents,,662981,
"Order 109335 for cables is late and we need them by tomorrow, plus can you send the invoice to AP? Thanks.",multiple_intents,,109335,
"Hey, can you tell me if SKU TAB-77Q is available, and if so what's the price for qty 5? Quick reply pls.",multiple_intents,,,
We can't activate the software license we bought (order 573804) and we also need a copy of the invoice for audit. Pls help.,multiple_intents,,573804,
"Status update for order 836150 pls, and also change the ship-to address (our old address is still on there).",multiple_intents,,836150,
Got a payment reminder for order 240519 but we never got the invoice. Can you send invoice + stop the reminders?,multiple_intents,,240519,
Need pricing for 12 monitors and also the datasheet/spec sheet so our IT lead can approve. Not urgent but soon.,multiple_intents,,,
"Order 700184 says delivered but box was empty (!!). We want to return/claim it and get a refund, pls advise.",multiple_intents,,700184,
"Can you tell me if order 458776 shipped yet, and btw our router keeps dropping even after reboot. Two problems here.",multiple_intents,,458776,
"Hi, my monitor still hasn't shown up — tracking just says 'in transit' forever. Order 5843201 I think. Can you check? Need it asap!!",delivery_issue,high,5843201,monitor
"Do you have SKU AB-2234 on hand? It's the HDMI cables pack. I need around 25 pcs, let me know.",availability,,,cables
Super frustrated—this router keeps dropping WiFi every hour. I've rebooted 10x and it's still garbage.,complaints,,,router
Following up on overdue balance for order 7739205. Late fee added?? Please explain the extra charge 89.50.,credit_and_collections,,7739205,
Can you send the invoice for order 6601429 covering Feb–Mar 2025? Need it today pls.,invoice_request,high,6601429,
"Hey support, I typed the wrong color monitor on order 5928140. Can you switch to the matte black? Need confirm asap.",order_modification_request,high,5928140,
What's the statuz on order 7319550 for the server rack? It was supposed to ship last Friday.,order_status,,7319550,server rack
"Need pricing for 12 tablets, mid-range model pls. Budget decision by EOD.",pricing,high,,tablet
"Quote req: SKU XZ9981 for 40 units, we’re comparing vendors, need by tomorrow morning.",pricing_and_availability,high,,
"Can you send datasheet for the new router model, specifically the security features rev 2.1?",product_docs,,,router
Looking for a sales rep for the Midwest region; we're a 120-person startup. Call me soon?,sales_reps,medium,,
"We want to register as a vendor. Company: HexaNova Ltd, B2B electronics, operating in EU.",vendor_registration,,,
I need to return the keyboard from order 8451092 — wrong layout (got AZERTY). How do I start?,return_request,,8451092,keyboard
"Requesting a refund on order 6944017, the monitor arrived cracked. Amount 219.99 please.",refund_request,,6944017,
"My printer keeps jamming every 3 pages, even with new paper. Need help asap!!",technical_support,high,,printer
Unrelated but can you sponsor our school fair? We love your brand!,out_of_scope,,,
"Two things: I need invoice for order 5701123, and also what's stock like for SKU AB-2234? Thx.",multiple_intents,,5701123,
Package says delivered but nothing at my door. Order 6078833 for cables set. Pls resolve.,delivery_issue,medium,6078833,cables
Is the laptop model with SKU LT-5500 in stock? Need 3 units for Monday.,availability,,,laptop
"I'm really upset—the tablet battery dies in 45 mins, totally unusable.",complaints,,,tablet
Why did you charge an extra 15.00 on order 5589310? This looks like a duplicate fee.,credit_and_collections,,5589310,
"Need invoice copy for order 7901264 covering Q4 2024, as soon as you can.",invoice_request,medium,7901264,
Please change the quantity on order 7442190 from 5 to 8 tablets. Sorry for the mixup.,order_modification_request,medium,7442190,
Any update on order 6152044 for the router? Needed by end of week.,order_status,,6152044,router
What’s the price if we buy 60 keyboards? Need a quick quote pls.,pricing,high,,keyboard
"Price and stock check for SKU PR-7712, qty 10 by next Tuesday.",pricing_and_availability,medium,,
"Can you share install guide for the server rack, rev B or latest? Thx.",product_docs,,,server rack
Need to talk to a sales person in APAC; our company size ~500 employees.,sales_reps,low,,
"We’re applying as a vendor. Company: BlueMosaic Inc, IT services, region: North America.",vendor_registration,,,
Returning the monitor from order 7319045—dead pixels out of the box.,return_request,,7319045,monitor
"Refund needed for order 6601189, cables never arrived and we bought elsewhere. Amount 42.00.",refund_request,,6601189,
My laptop fan is screaming loud after update. Can you help me fix this?,technical_support,medium,,laptop
"Do you offer internships? Totally different question, I know.",out_of_scope,,,
"Need two things: change shipping address on order 7402219, and quote for 30 monitors. Pls hurry.",multiple_intents,,7402219,
Courier marked delivered but the printer isn't here... Order 6955012. This is urgent!,delivery_issue,high,6955012,printer
Stock check for SKU KB-9090 (keyboard). Need 15 this week.,availability,,,keyboard
"So upset—monitor colors are way off, even after calibration. Not acceptable.",complaints,,,monitor
Order 5594207 shows an outstanding 129.00 but we already paid. Please review.,credit_and_collections,,5594207,
Could you resend invoice for order 7783310 for Jan 2025? Need for audit.,invoice_request,low,7783310,
Please cancel order 7188201 if it hasn't shipped yet. Sorry for the late notice.,order_modification_request,high,7188201,
Any ETA on order 6409933 for the software license? Need keys by tomorrow.,order_status,,6409933,software license
What’s your price for 8 server racks? Decision this week.,pricing,medium,,server rack
"Pricing + availability for SKU MR-5521, qty 6, can ship by Friday?",pricing_and_availability,medium,,
"Need user manual for the tablet, v3 if possible. Thanks!",product_docs,,,tablet
Who covers the Northeast? We're ~200 ppl and want a demo.,sales_reps,low,,
"We'd like to become vendors. Name: Orbit Owl LLC, hardware reseller, region: UK.",vendor_registration,,,
Returning the router from order 7051342—missing antennas.,return_request,,7051342,router
"Please refund order 6822109, duplicate shipment received. Amount 149.00.",refund_request,,6822109,
Keyboard keys sticking randomly; can someone help fix? Need this for work!,technical_support,high,,keyboard
Do you offer bulk donation discounts for nonprofits?,out_of_scope,,,
"Please: status on order 7711022 and also send invoice for it, thx.",multiple_intents,,7711022,
Driver left the package at wrong building (I think). Order 6402205 for laptop. Need help asap!!,delivery_issue,high,6402205,laptop
Availability check for SKU CB-2020 (USB-C cables). Need 100 units.,availability,,,cables
Super annoyed: printer ink smears everywhere even after drying.,complaints,,,printer
Order 5599810 shows balance due 72.30. We paid last week—why still due?,credit_and_collections,,5599810,
Need invoice for order 6832104 for fiscal year 2024 wrap-up. When can you send?,invoice_request,low,6832104,
Change shipping method on order 6145022 to overnight if possible.,order_modification_request,medium,6145022,
When will order 7001145 (cables) ship? Need them early next week.,order_status,,7001145,cables
"Price for 4 high-res monitors, pls send by noon.",pricing,high,,monitor
"Quote + stock for SKU SR-8844 qty 2, need quick turnaround.",pricing_and_availability,high,,
"Do you have the maintenance manual for the printer, edition 2023?",product_docs,,,printer
Who handles LATAM accounts? Company size ~50.,sales_reps,low,,
"Applying to be a supplier: NorthPeak GmbH, component distributor, DACH region.",vendor_registration,,,
I'd like to return the software license from order 7922018—wrong edition purchased.,return_request,,7922018,software license
Refund order 6401187 please—the server rack arrived bent. Amount 899.00.,refund_request,,6401187,
"Tablet won't power on even after charge, need urgent help.",technical_support,high,,tablet
Are you open on weekends for store pickup?,out_of_scope,,,
Need status on order 6009912 and also availability of SKU LT-5500. Thanks.,multiple_intents,,6009912,
The courier says delivered yesterday but my router is missing. Order 6670043. Pls assist.,delivery_issue,medium,6670043,router
Is SKU PR-1100 (laser printer) in stock? We need 2 asap.,availability,,,printer
Very unhappy: laptop hinge cracked after 2 weeks of light use.,complaints,,,laptop
Order 7712009 shows a random $9 fee. What is this? Remove it.,credit_and_collections,,7712009,
Please email invoice for order 5855013 (Apr 2025).,invoice_request,low,5855013,
Can you swap the router model in order 7422110 to the dual-band version?,order_modification_request,medium,7422110,
When should I expect order 7012299 (monitor)? Need it by Wed.,order_status,,7012299,monitor
"Quote for 3 premium routers pls, quick turnaround.",pricing,medium,,router
"SKU KB-1200 quote + stock, 75 units, can you ship this week?",pricing_and_availability,medium,,
"Send me the quick start guide for the monitor, v1.2.",product_docs,,,monitor
Need a sales contact in Canada; company size 80.,sales_reps,low,,
"Registering as vendor: BrightQuill Co., SaaS provider, region SEA.",vendor_registration,,,
Return request for cables in order 7340019—wrong length sent.,return_request,,7340019,cables
"Refund for order 6810154 plz, software license key invalid. Amount 129.99.",refund_request,,6810154,
"Monitor flickers at 144hz, help ASAP please.",technical_support,high,,monitor
Can you donate a router to our charity event? :),out_of_scope,,,
Need to: cancel order 7001101 and also send invoice for 6990099. Thx.,multiple_intents,,7001101,
Tracking hasn't moved in 5 days. Order 6804412 for the tablet. This is getting silly.,delivery_issue,medium,6804412,tablet
Do you carry SKU RK-3300 (server rack)? Need 1 unit.,availability,,,server rack
Angry here: cables fray after 2 days of use. Not ok.,complaints,,,cables
Order 5901029 shows balance $0.01? Really? Please clear.,credit_and_collections,,5901029,
Pls send invoice for order 6122100 for May 2025 asap.,invoice_request,high,6122100,
Need to update address on order 6602207 to 45 King St.,order_modification_request,medium,6602207,
When is order 7056651 for keyboard arriving? Before Friday?,order_status,,7056651,keyboard
What's your price for 20 printers? Need quote today.,pricing,high,,printer
Check price+stock SKU MT-8800 qty 5; reply fast pls.,pricing_and_availability,high,,
"Share compliance cert for router, version 2024 CE mark.",product_docs,,,router
We need a rep in Southern Europe. Company size 300.,sales_reps,low,,
"Vendor signup: LimeArc Tech, MSP, region Middle East.",vendor_registration,,,
Return the laptop from order 6405023—screen cracked.,return_request,,6405023,laptop
Refund for order 7321109: monitor has stuck pixels. Amount 279.00.,refund_request,,7321109,
"Router keeps rebooting randomly, pls help asap.",technical_support,high,,router
Are pets allowed in your office? Random Q.,out_of_scope,,,
Can you confirm ship date for order 6022991 and also send product datasheet? Thx.,multiple_intents,,6022991,
Package arrived open and missing tablet. Order 7190031. Need help now.,delivery_issue,high,7190031,tablet
Do you have SKU SW-4411 (software license) available? Need 12.,availability,,,software license
Mad rn: server rack screws stripped out of the box. Unusable.,complaints,,,server rack
Order 6402210 has an extra 5.25 charge labeled 'misc'. Why?,credit_and_collections,,6402210,
"Invoice copy for order 7011233, period Q1 2025, need for taxes.",invoice_request,medium,7011233,
Please add 2 more monitors to order 5902022 if not shipped yet.,order_modification_request,high,5902022,
"Need timeline on order 6899120 (cables), arriving this weekend?",order_status,,6899120,cables
What’s price for 7 tablets? Reply EOD pls.,pricing,high,,tablet
"SKU MN-7701 quote and stock, qty 10, ship next day?",pricing_and_availability,medium,,
"Share FCC cert for the router model, rev 2024-05.",product_docs,,,router
Looking for a sales rep in Benelux; company size 35.,sales_reps,low,,
"Vendor registration: CoralByte, VAR, region Oceania.",vendor_registration,,,
Return the keyboard on order 6112920—wrong switch type.,return_request,,6112920,keyboard
"Refund req for order 6888203, cables DOA on arrival. $24.50.",refund_request,,6888203,
Laptop won’t detect WiFi networks randomly. Help plz!,technical_support,medium,,laptop
Do you have a student discount? Just curious.,out_of_scope,,,
Need to: change qty on order 6091100 and check ETA as well.,multiple_intents,,6091100,
"My package was left in the rain, printer soaked. Order 7222102. Help fast.",delivery_issue,high,7222102,printer
Is SKU TB-3002 (tablet) available? Need 9 units.,availability,,,tablet
Fuming—router UI keeps freezing and locking me out.,complaints,,,router
Order 5901129 claims $39 due but we settled—please fix.,credit_and_collections,,5901129,
Invoice request for order 6405512 (Nov 2024). Need it by tomorrow.,invoice_request,high,6405512,
"Adjust order 7330211 to swap printer color to white, pls.",order_modification_request,low,7330211,
ETA for order 5982103 of server rack? Need by month-end.,order_status,,5982103,server rack
Price for 50 ethernet cables? Reply asap.,pricing,high,,cables
"Check price/stock SKU SW-5000, qty 20, urgent need.",pricing_and_availability,high,,
"Please share safety sheet for monitor, rev 1.",product_docs,,,monitor
Sales contact for Iberia? Company size 60.,sales_reps,low,,
"Vendor registration request: AeroLeaf Ltd, cloud services, ANZ.",vendor_registration,,,
Return my monitor in order 6401208—stand missing.,return_request,,6401208,monitor
Refund order 7205511 please: keyboard DOA. $59.00.,refund_request,,7205511,
"Software license not activating, error 0x92. Need help now.",technical_support,high,,software license
Do you sponsor esports teams? Just asking.,out_of_scope,,,
Please: invoice for 7022991 and also confirm stock of SKU KB-9090.,multiple_intents,,7022991,
Tracking says delivered Sunday but no laptop here. Order 6789102.,delivery_issue,medium,6789102,laptop
Need availability for SKU PR-2001 (printer). Qty 6.,availability,,,printer
Super mad: tablet screen ghost touches non-stop.,complaints,,,tablet
Why is there a $3.99 handling fee on order 5907777?,credit_and_collections,,5907777,
"Send invoice for order 6991202 covering Sep–Oct 2024, pls.",invoice_request,low,6991202,
Update order 6110044: change from 10 to 12 cables.,order_modification_request,low,6110044,
Status on order 7300551 for router by tomorrow morning?,order_status,,7300551,router
"Price check: 2 laptops, need quote today.",pricing,high,,laptop
"Need price+stock for SKU RK-9900 qty 3, asap pls.",pricing_and_availability,high,,
"Share install video link for keyboard, rev A.",product_docs,,,keyboard
"Sales rep needed in West Coast USA, 150 staff.",sales_reps,medium,,
"Vendor registration: PentaNorth, logistics, Nordics.",vendor_registration,,,
Return the server rack in order 6442090—wrong size.,return_request,,6442090,server rack
"Refund needed for 7003110, router missing parts. $129.00.",refund_request,,7003110,
Printer shows error 13.2 paper jam even when empty—help!,technical_support,medium,,printer
Do you partner with affiliates? Curious.,out_of_scope,,,
I need to confirm delivery date for order 6902204 and also tweak quantity to 6.,multiple_intents,,6902204,
"Hey, where's my order? I ordered a laptop last week, order# 45231, never got any tracking, its been ages. pls update asap!!",delivery_issue,high,45231,laptop
"Recieved an email about an invoice but I didnt get the invoice PDF for order 33120 for the router. Need it for feb billing cycle, urgent-ish",invoice_request,medium,33120,
Ugh the monitor arrived cracked!!! Product: monitor. Totally useless. This is unacceptable!!,complaints,,,monitor
Can you tell me if SKU AB-2234 (printer) is in stock? Need 3 units for next week.,availability,,,printer
"I need to return order 88765, the keyboard is faulty and keys stick. How do I start a return?",return_request,,88765,keyboard
Where is my shipment 55990?? says delivered but didnt recieve it. Product: cables. Please investigate!,delivery_issue,high,55990,cables
"Looking for pricing on the server rack, qty 2. Need ballpark cost asap pls",pricing,high,,server rack
My payment for order 24011 hasn't been applied and I got a collection notice. Amount due shows 1200.00,credit_and_collections,,24011,
"pls send product manual for software license v2.1 — need installation guide, version 2.1",product_docs,,,software license
I want to change shipping address for order 44322 — can you update? order placed today,order_modification_request,medium,44322,
Is SKU XZ9981 (tablet) available? Need 10 pcs.,availability,,,tablet
Refund pls for order 66210 — I returned the router but haven't seen refund of 199.99,refund_request,,66210,
"My new router won't connect to internet, firmware keeps crashing, model: router. Need tech support ASAP!!",technical_support,high,,router
"Hey team, pricing and availability for AB-2234? Need 5 units urgently",pricing_and_availability,high,,
"Hi, can sales rep contact our firm? We're SMB ~ 50 employees in EMEA, need quote later this wk",sales_reps,medium,,
Vendor regs: I want to register Acme Supplies as a vendor. We're a distributor in US,vendor_registration,,,
"order status pls? Order 77109 with keyboard, placed yesterday, any eta?",order_status,,77109,keyboard
"Invoice needed for order 99223 for Mar-Apr 2025 billing cycle, super urgent",invoice_request,high,99223,
"The printer keeps jamming and prints lines across pages. brand new, very frustrated.",complaints,,,printer
"Hi, can I mod order 55440 to add 2 cables? order id:55440 pls",order_modification_request,low,55440,
"pls confirm availability of monitor model QW-11 SKU QM11-77, need 1",availability,,,monitor
Multiple issues: 12876 — got wrong item (tablet) and also want refund. Pls advise.,multiple_intents,,12876,
Out of scope: asking about partnership opportunities not product support,out_of_scope,,,
"Hey, my order 33445 (laptop) still in 'processing' for 5 days. Please update status",order_status,,33445,laptop
"Bought a keyboard, dead keys after 2 days. Not happy.",complaints,,,keyboard
"Need price quote for 15 monitors, urgent for office set up",pricing,high,,monitor
"Can I get product brochure for server rack, structural specs, v1.0 pls",product_docs,,,server rack
"I want to register as vendor: TechHub LLC, we provide hardware resale, region: APAC",vendor_registration,,,
"My invoice for order 55893 missing line items, need invoice for Jan 2025. thanks",invoice_request,medium,55893,
"order 44512 charged twice, amount 499.00. I need this fixed, collections contacted me",credit_and_collections,,44512,
"Do you have SKU XY-009 in stock? it's for cables, need 50",availability,,,cables
Recieved wrong color tablet order 22490. I want return and refund pls,multiple_intents,,22490,
"My software license key won't activate, error code 502. Pls help.",technical_support,high,,software license
"Price check: server rack, qty 1, kinda urgent this week",pricing,medium,,server rack
"Hi, when will order 90012 with monitor arrive? tracking says delayed",delivery_issue,medium,90012,monitor
Need documentation: tablet user guide version 3.2,product_docs,,,tablet
Order mod: change quantity on 66001 from 2 to 4 (printer). pls confirm,order_modification_request,medium,66001,
I keep getting charged late fees for order 12121 but I paid. Amount outstanding shows 0.00 but collections keep calling,credit_and_collections,,12121,
"Where's my laptop order 70707?? no tracking since shipped, I'm furious",delivery_issue,high,70707,laptop
"Is monitor stock available? SKU MN-330, need 2",availability,,,monitor
"Complaint: cables received are frayed and unsafe, want replacement NOW",complaints,,,cables
"Can I get a quote for 100 keyboards, price per unit? not urgent",pricing,low,,keyboard
"Refund request for 30303, amount 45.00 for returned cables, reason: wrong length",refund_request,,30303,
"My printer won't connect to wifi after update, model printer, pls look into it",technical_support,medium,,printer
"Need invoice for 77654 covering Q4 2024, it's urgent for audit",invoice_request,high,77654,
Availability for SKU ZT-101 for laptop chargers? need 20,availability,,,laptop
order status: 21212 shipped? when will monitor arrive? placed 3 days ago,order_status,,21212,monitor
"I need help registering my company: BrightCo, we're a retailer in LATAM",vendor_registration,,,
The tablet screen flickers and battery drains quick. Very upset.,complaints,,,tablet
"Hey sales, can someone from NA contact us? Large enterprise, 5000 employees, need custom quote",sales_reps,high,,
Can I modify order 88090 to remove the printer and add a monitor instead?,order_modification_request,medium,88090,
Pricing and availability for SKU GH-77? need qty 7,pricing_and_availability,low,,
Out of scope question: Do you offer office space rental? not related to products,out_of_scope,,,
My order 50505 arrived missing cables. Order shows complete but box was empty of cables,delivery_issue,high,50505,cables
Can you send latest spec sheet for server rack v2? need measurements,product_docs,,,server rack
I got billed for order 33333 but never recieved it. Amount 850.00 please explain,credit_and_collections,,33333,
Is the laptop model LX-5 available? Need 4 units.,availability,,,laptop
My monitor arrived but it's the wrong model  — return pls for order 41414,return_request,,41414,monitor
"Need help activating software license for order 12100, key invalid. pls fix",technical_support,high,,software license
"Hey, want pricing on cables quantity 200, low priority",pricing,low,,cables
Order status pls for 99887 - server rack - when will it ship?,order_status,,99887,server rack
"Please add our company to vendor list: Global Parts Inc, wholesaler, region: EU",vendor_registration,,,
"Complaint: laptop battery overheats and smells. Very dangerous, pls respond",complaints,,,laptop
"I need invoice for order 20121 for billing month Oct 2024, thanks",invoice_request,low,20121,
Can you change delivery method on 78787 to overnight? it's urgent,order_modification_request,high,78787,
"Pricing for SKU KL-900 for keyboards, qty 30. asap pls",pricing_and_availability,high,,
"Help! printer ink leaked all over box. Order 55566, want refund",multiple_intents,,55566,
Is there a PDF manual for monitor model UltraView? need assembly instructions,product_docs,,,monitor
"We need a sales rep for LATAM, medium sized company ~200 people, pls reach out",sales_reps,medium,,
Out of scope: I'm asking about job openings at your company,out_of_scope,,,
recieved wrong item in order 22445 — got cables instead of keyboard. return pleease,return_request,,22445,keyboard
Why is order 66666 delayed? says in transit for 10 days. product: tablet,order_status,,66666,tablet
"My server rack quote missing taxes, need final invoice for order 10101",invoice_request,medium,10101,
Can I get a refund for order 70708 amount 59.99 — item defective,refund_request,,70708,
"Router keeps rebooting every few hours. Model: router, pls escalte",technical_support,high,,router
Availability: SKU PL-55 for printer cartridges? need 12,availability,,,printer
"Pricing: tablet qty 25, want discount? urgent for rollout",pricing,high,,tablet
"hello, i need docs for keyboard — wiring diagram version 1.2",product_docs,,,keyboard
"My order 30330 got cancelled without notice, product laptop. Not happy",complaints,,,laptop
Can you confirm SKU UV-200 availability and price for 3 units?,pricing_and_availability,low,,
"We want vendor registration: NovaTech, service provider, region: NA",vendor_registration,,,
"Order 88221 — need to split shipment into 2 deliveries, pls modify",order_modification_request,medium,88221,
"My keyboard stopped working after 1 week, lights on but no keys register. refund pls",multiple_intents,,,
"Hey, how do I get invoice for order 12233 for June? thanks",invoice_request,low,12233,
Is laptop model ZB-11 in stock? need 1 asap,availability,,,laptop
"Sent delivery complaint: order 40099 left at wrong address, please pick up and redeliver",delivery_issue,high,40099,
My software license expired but it was auto-renewed and now activation fails. order 13131,technical_support,medium,,software license
"Out of scope: I need gardening tips, not related to your products",out_of_scope,,,
"Hi, please register our company: EdgeWorks, reseller, Europe region",vendor_registration,,,
"Complaint: monitor has dead pixel cluster, unacceptable quality",complaints,,,monitor
"Need price for 6 server racks, budget planning next month",pricing,medium,,server rack
Order 21210 says delivered but recieved only half the items. product: cables,delivery_issue,high,21210,cables
Can we change billing info on order 99100? pls update company name,order_modification_request,low,99100,
Please send user manual for keyboard K-500 version 5,product_docs,,,keyboard
Who is our sales rep in EMEA? need contact asap,sales_reps,high,,
"Pricing and availability: SKU RT-77 for routers, qty 40, urgent deployment",pricing_and_availability,high,,
"Refund missing for order 45454, amount 22.50. It was supposed to be processed 2 weeks ago",refund_request,,45454,
Is monitor warranty covered for cracked screen? order 55855,order_status,,55855,monitor
"Recieved wrong SKU AB-777, expected AB-778. return needed",return_request,,,
Laptop won't boot after update. black screen. please help,technical_support,high,,laptop
"Complaint: server rack bolts missing on delivery, assembly impossible",complaints,,,server rack
"Need to add purchase order number to invoice for order 21222, invoice for May",invoice_request,low,21222,
"Order 66601 charged wrong amount, should be 299.99 but billed 399.99, please correct",credit_and_collections,,66601,
Are tablets with SKU TB-3 available? qty 12 please,availability,,,tablet
"Pricing request for cables qty 500, procurement next quarter",pricing,low,,cables
"Hello, want to sign up as vendor: Apex Solutions, integrator, APAC",vendor_registration,,,
My order 80808 arrived late and the laptop battery is swollen. very upset,multiple_intents,,80808,
Can you provide datasheet for printer model P-300 version 2.0?,product_docs,,,printer
"Need to cancel order 10010 placed earlier today, order id 10010",order_modification_request,high,10010,
Where's my monitor order 44777? tracking shows delay and I need for presentation tomorrow,delivery_issue,high,44777,monitor
I want to know price for keyboard SKU KB-11 for qty 60,pricing,low,,keyboard
"Refund request: returned monitor from order 23232, amount 249.00 reason: defective",refund_request,,23232,
"My router firmware update bricked the device, error loop. Need tech support asap",technical_support,high,,router
Are there manuals for server rack models SR-1? need assembly manual,product_docs,,,server rack
"Weird charge on account for order 17171, amount shows 75.00, please investigate collections issue",credit_and_collections,,17171,
"Availability check SKU XY-77 for keyboards, qty 8",availability,,,keyboard
Complaint: tablet screen shattered within a day. want replacement,complaints,,,tablet
Pricing and availability for AB-333? need 3 units asap,pricing_and_availability,high,,
"Out of scope: asking for competitor pricing info, not something you handle",out_of_scope,,,
"Please register our small biz: TinyTech, reseller, NA region",vendor_registration,,,
"My order 41400 hasn't shipped, placed 2 weeks ago for monitor, what gives?",order_status,,41400,monitor
"I got billed for order 31331 twice and now collections are calling, amount 1299.00",credit_and_collections,,31331,
"Help — received incomplete shipment for order 70709, missing printer cables. pls resolve",delivery_issue,high,70709,printer
"Need technical doc: software license SLA doc, version 1.0",product_docs,,,software license
Is the laptop LX-200 in stock? need two for demo,availability,,,laptop
"Order mod: add expedited shipping to 50550, willing to pay extra",order_modification_request,medium,50550,
"Complaint: keyboard sticky keys after spill, want RMA",complaints,,,keyboard
Can sales rep for enterprise APAC contact me? We're 1200 employees and need custom pricing,sales_reps,high,,
"Need price quote for monitor model MX-9, qty 10, not urgent",pricing,low,,monitor
"Returned cables under order 90909, request refund of 12.00",refund_request,,90909,
"My tablet won't update - keeps failing at 60%, pls help",technical_support,medium,,tablet
Are keyboards KB-55 available? Need 25 pcs for office,availability,,,keyboard
"Invoice needed for order 86868 covering Sept 2024, need for accounting",invoice_request,medium,86868,
multiple: order 33400 — monitor arrived broken AND need replacement invoice,multiple_intents,,33400,
Pricing and availability check for SKU ZX-1 for printers qty 6,pricing_and_availability,low,,
Out of scope: asking about personal device repair — not part of service,out_of_scope,,,
"I want to register: GearHouse, wholesaler, region: Africa",vendor_registration,,,
My laptop charger is missing from package 22334 — order incomplete,delivery_issue,medium,22334,laptop
Where's my refund for order 12120? amount 15.00 still not in account,refund_request,,12120,
Complaint: router wifi speed much slower than promised. very unhappy,complaints,,,router
"Need product manual for tablet ProTab, doc type: troubleshooting guide, version 4.0",product_docs,,,tablet
Order 14141 — can you change delivery date to next Monday? thanks,order_modification_request,low,14141,
Is SKU RK-200 for server rack available? need 3,availability,,,server rack
"I got a chargeback notice for order 81818. Amount 599.00, pls sort with collections",credit_and_collections,,81818,
"Monitor screen has vertical lines, extremely annoyed. Want replacement",complaints,,,monitor
Can you provide pricing for software license for 50 users? medium urgency,pricing,medium,,software license
Delivery issue: order 99900 marked delivered but to wrong address. need pickup,delivery_issue,high,99900,
Please supply datasheet for cables model C-12 version 1,product_docs,,,cables
"We want a sales rep in NA for a small company (~30 people), contact pls",sales_reps,low,,
"My keyboard shipment 67676 is delayed and I need it tomorrow, whats the eta?",order_status,,67676,keyboard
"Hi, can I get pricing for SKU MN-999 for monitors qty 20 ASAP",pricing_and_availability,high,,
"Returned laptop under order 14100, want refund amount 1299.00 reason: defective battery",refund_request,,14100,
"Technical issue: server rack shelf warped during install, need support",technical_support,medium,,server rack
Availability: SKU PR-7 for printers? need 2 by next week,availability,,,printer
My invoice is missing PO number for order 57575 for April. Please resend.,invoice_request,low,57575,
"Complaint: cables arrived burnt smell, possible transit damage. replace pls",complaints,,,cables
Can you split order 10001 so half ships now? order id 10001,order_modification_request,medium,10001,
Out of scope: asking for medical advice about ergonomic keyboards,out_of_scope,,,
"I want product spec for laptop model L-9000, tech sheet version 3",product_docs,,,laptop
Is SKU TB-999 in stock? tablets x4 pls,availability,,,tablet
Where's my order 21221 with cables? tracking hasn't updated in 6 days,order_status,,21221,cables
"Need pricing on keyboards 200 units for a bulk buy, low urgency",pricing,low,,keyboard
My router arrived with broken antenna. order 45400. want return,return_request,,45400,router
"I keep getting billed interest on order 23200 amount 15.00, not fair, pls remove",credit_and_collections,,23200,
multiple issue: order 54545 — printer defective AND need new invoice,multiple_intents,,54545,
"My tablet screen won't rotate and touch is laggy, help please",technical_support,medium,,tablet
"Please register vendor: CircuitPro, electronics distributor, region: EU",vendor_registration,,,
"Complaint: monitor color calibration way off out of box, unusable",complaints,,,monitor
"Hey, can someone from sales contact us in APAC for large deployment? company size 2500",sales_reps,high,,
Do you have SKU CB-21 cables in stock? need 300,availability,,,cables
Requesting refund for order 87878 amount 9.99 — returned item reason: wrong_size,refund_request,,87878,
"Invoice for order 60606 needed for fiscal year 2024, urgent for audit",invoice_request,high,60606,
I got a shipment missing screws for server rack — what's the RMA process? order 70770,return_request,,70770,server rack
"Pricing: laptop qty 8, need quote with shipping, medium priority",pricing,medium,,laptop
Order status for 12100 — did the printer ship? placed last week,order_status,,12100,printer
"Technical: keyboard backlight stopped working after firmware update, model KBX",technical_support,medium,,keyboard
"Out of scope: asking for donation to charity, not related to orders",out_of_scope,,,
Can you provide pricing and availability for SKU SR-90 for server racks qty 5 ASAP,pricing_and_availability,high,,
Recieved wrong adapter with the laptop order 90908 — need correct part,delivery_issue,medium,90908,laptop
Need product brochure for keyboard K-Pro version 2.3,product_docs,,,keyboard
My card was charged but order 33322 shows unpaid. Please help collections asap,credit_and_collections,,33322,
Are tablets model TA-1 available? need 6 units,availability,,,tablet
"Complaint: laptop screen glue popping at edge after 3 days, want replacement",complaints,,,laptop
Can I have two invoices merged for orders 11111 and 11112? Please advise,invoice_request,low,11111,
Need to change contact email on order 45454 before it ships,order_modification_request,low,45454,
"Pricing request: printer qty 12, need volume discount info",pricing,medium,,printer
My monitor power button stuck and won't power on. order 20202,technical_support,high,,monitor
Availability check SKU LX-500 for laptops? qty 3,availability,,,laptop
"We want a sales rep for small company in EU, ~45 ppl, low urgency",sales_reps,low,,
Refund for order 60607 amount 5.00 — returned faulty cable,refund_request,,60607,
"Received invoice without VAT number for order 98989, need corrected invoice",invoice_request,medium,98989,
Complaint: software license key reused across customers? security concern!,complaints,,,software license
"Order 47474 — change shipping address to new office, pls do",order_modification_request,medium,47474,
Multiple intents: want availability for SKU PR-101 and also invoice for order 10101,multiple_intents,,10101,
"Out of scope: asking how to build a server from scratch, not your service",out_of_scope,,,
Is SKU CB-300 cables in stock? Need 100 asap,availability,,,cables
"My monitor arrived with a dent, order 32323. Replacement please",complaints,,,monitor
"Need price for laptop dock for 50 units, quarterly procurement",pricing,low,,laptop
Where's order 70707? I emailed earlier — laptop still not delivered,delivery_issue,high,70707,laptop
"Technical: server rack grounding not correct after install, safety issue",technical_support,high,,server rack
Can you provide a user manual for printer P-900 model version 3,product_docs,,,printer
"Please register vendor: SupplyWorks, distributor, region: NA",vendor_registration,,,
"I was charged tax incorrectly on order 88888 amount 49.00, collections notified me",credit_and_collections,,88888,
Availability: SKU KBX-2 for keyboards? need 9,availability,,,keyboard
"Complaint: tablet mounting bracket missing screws, can't mount it",complaints,,,tablet
"Hello, want pricing & availability for AB-900 printers qty 9 urgent",pricing_and_availability,high,,
"Order 14141 — tracking shows returned to sender, what's happening? monitor needed asap",delivery_issue,high,14141,monitor
"Invoice request for order 37373 for Dec 2024, need it for taxes",invoice_request,medium,37373,
Refund: returned laptop under order 20203 amount 899.00 — reason: defective battery,refund_request,,20203,
Order mod: please upgrade monitor to better model on order 21212,order_modification_request,medium,21212,
"Out of scope: asking for household appliance support, not offered",out_of_scope,,,
My keyboard backspace key missing from package. order 52525,delivery_issue,medium,52525,keyboard
"Need to know if SKU SW-11 software license supports SSO, qty 10",availability,,,software license
"Complaint: printer ink colors all wrong after first print, want replacement",complaints,,,printer
Can sales rep in EMEA reach out? medium company ~300 ppl,sales_reps,medium,,
Multiple: order 99999 — want refund AND reship the monitor,multiple_intents,,99999,
"Pricing request for tablet accessories qty 60, low urgency",pricing,low,,tablet
"My router arrived with firmware v1.0 and won't accept updates, tech support needed",technical_support,medium,,router
Please provide datasheet for cables C-404 version 1.1,product_docs,,,cables
Where's my order 21200 with keyboards? marked delivered but neighbors have it? pls check,delivery_issue,high,21200,keyboard
Is SKU ZP-88 available for printers qty 4? need leadtime,availability,,,printer
"I filed a dispute for order 45455, amount 59.00 with collections, please respond",credit_and_collections,,45455,
"Invoice issue: missing billing address on invoice for order 81819, please resend corrected",invoice_request,medium,81819,
Complaint: tablet battery won't hold charge after first cycle. very annoyed,complaints,,,tablet
"Need price + stock for server rack SR-400, qty 2, urgent for data center",pricing,high,,server rack
Order 17170 — can you cancel one item from the order? printer removal,order_modification_request,medium,17170,
Refund for order 21212 amount 49.99 — returned because wrong color,refund_request,,21212,
Are keyboards KB-900 in stock? need 10 for office,availability,,,keyboard
Product docs: need API guide for software license version 2.5,product_docs,,,software license
My monitor 33333 keeps flickering when connected to laptop. urgent since presentation tomorrow,technical_support,high,,monitor
Out of scope: asking for legal advice about warranties,out_of_scope,,,
Availability and pricing: SKU LK-21 for laptop docks qty 12,pricing_and_availability,medium,,
"Registering vendor: NetParts, parts distributor, region: SA",vendor_registration,,,
Order status: 13131 — any update for router delivery? placed last Friday,order_status,,13131,router
Complaint: software license emailed wrong key and won't activate,complaints,,,software license
"I need to modify order 60660 to change billing address, order id 60660",order_modification_request,low,60660,
Why is my invoice missing for order 90909? Needed for expense report,invoice_request,medium,90909,
Recieved damaged screen on tablet order 52525 — request return,return_request,,52525,tablet
"My order 22222 hasn't been charged but items shipped? collections emailed me, weird",credit_and_collections,,22222,
"Pricing for printer toner qty 40, low priority",pricing,low,,printer
Multiple: order 77700 — want invoice AND check delivery status for the laptop,multiple_intents,,77700,
"Need urgent tech help: router NAT not functioning, breaks VPN connections",technical_support,high,,router
Are monitors model MX-1 in stock? SKU MX1-01 need 7,availability,,,monitor
Complaint: keyboard arrived with sticky residue and smells like glue,complaints,,,keyboard
Can you price out server racks SRX-2 qty 10 for budgeting next quarter,pricing,low,,server rack
"I want to become vendor: HarborTech, systems integrator, region: NA",vendor_registration,,,
"Invoice needed for order 45400 covering March 2025, urgent for tax filing",invoice_request,high,45400,
"Where's my refund for order 61616? still pending, amount 29.99",refund_request,,61616,
Tech: tablet won't power on after factory reset. Please advise,technical_support,medium,,tablet
"Delivery issue: order 18282 left at side door but house locked, worried it's stolen",delivery_issue,high,18282,
Product docs: need compatibility matrix for cables C-MAX version 2,product_docs,,,cables
Pricing & availability for SKU TV-12 for tablets qty 30,pricing_and_availability,medium,,
"Complaint: printer smells burnt when printing, dangerous!",complaints,,,printer
Order mod: change payment method on 31331 to PO# 5566,order_modification_request,low,31331,
Multiple: order 45454 — missing parts AND want vendor registration info,multiple_intents,,45454,
Availability check SKU LK-900 for laptop docks? need 6,availability,,,laptop
"Out of scope: asking to edit personal photos, not part of service",out_of_scope,,,
"I got the wrong invoice address on 10101, please update and resend invoice",invoice_request,medium,10101,
My laptop keyboard backlight flickers only on battery. annoying,technical_support,low,,laptop
Are server racks SR-222 available? need 1 for datacenter,availability,,,server rack
Refund request: order 90901 amount 14.00 for returned adapter,refund_request,,90901,
"Complaint: cables shorted my device when plugged in, dangerous product",complaints,,,cables
"Please register vendor: BrightParts, components supplier, region: EU",vendor_registration,,,
"Where's order 65656 with routers? ETA needed, deployment scheduled",order_status,,65656,router
"Pricing request for monitors MX-Pro qty 5, medium urgency",pricing,medium,,monitor
Product docs: want installation guide for server rack SR-5 v1.3,product_docs,,,server rack
"I need a sales rep in SA for 400-person company, pls contact",sales_reps,medium,,
"Order 37300 shows shipped but tracking 404, what's the delay? keyboard needed",delivery_issue,medium,37300,keyboard
Multiple intents: want price for SKU ZZ-1 and register as vendor,multiple_intents,,,
"Hi, my package hasn't arrived yet. Order 48291 shows 'delivered' but I never got the laptop. Pls help, this is urgent!!",delivery_issue,high,48291,laptop
"Recieved an email that monitor is on the way but no tracking? Order# 70312. not cool, need it soon",delivery_issue,medium,70312,monitor
"Hello, my router order 55903 is missing parts — I only got cables. statuz says completed. can you check?",delivery_issue,high,55903,router
"hey, my printer didnt arrive w/ the order 21467. says delivery attempted but nobody rang. pls sort",delivery_issue,medium,21467,printer
Order 99821 never showed up. server rack was supposed to be here. Really need it tomorrow if possible,delivery_issue,high,99821,server rack
I placed order 33145 for keyboard but tracking says delivered to neighbor? can't find it. odd. help,delivery_issue,medium,33145,keyboard
Tablet order 44556 marked delivered but it's not here. order id: 44556. pls escalate,delivery_issue,high,44556,tablet
My cables order 10293 is late. says in transit for 10 days. not acceptable,delivery_issue,medium,10293,cables
Order 88720 - software license never arrived. I only got an empty email. urgent please,delivery_issue,high,88720,software license
I think my monitor from order 66411 got lost. tracking shows 'exception'. pls advise,delivery_issue,medium,66411,monitor
Is keyboard AB-2234 in stock? I need 10 asap,availability,,,keyboard
any stock for monitor XZ9981? want 2 for our office,availability,,,monitor
need 50 cables SKU: CB-450. Are these available?,availability,,,cables
do you have tablet TL-900 in stock? want 5 units,availability,,,tablet
printer PN-77 available? need 1 only,availability,,,printer
looking for server rack SR-12 qty 3. are these available pls?,availability,,,server rack
Keyboard KBD-001 out there? I'd like 20 pcs,availability,,,keyboard
Is software license SL-5 available? Need 15 licenses,availability,,,software license
router RT-88 stock? We plan to buy 4,availability,,,router
monitor MTR-45 in stock? need 8,availability,,,monitor
"Hi, the laptop I got is faulty — screen flickers and battery dies quick. Really annoyed.",complaints,,,laptop
"This printer jams every other page, terrible quality. I want this fixed!",complaints,,,printer
My router keeps dropping connection since day 1. Not happy at all,complaints,,,router
Monitor has dead pixels and colour is off. Disappointed.,complaints,,,monitor
"Keyboard keys sticking, very frustr8ing. please replace?",complaints,,,keyboard
Tablet touchscreen unresponsive sometimes. this is unacceptable,complaints,,,tablet
"Software license key invalid, can't activate. this is a problem",complaints,,,software license
"Cables frayed on arrival, safety issue. really bad",complaints,,,cables
"Server rack screws missing, incomplete shipment. Not good",complaints,,,server rack
"Printer support was rude on the phone, terrible service.",complaints,,,printer
"I got a bill I don't recognize for order 55213, pls explain",credit_and_collections,,55213,
Charged twice for order 77890. Need refund for the duplicate charge: $1299,credit_and_collections,,77890,
Invoice says overdue for order 33441 but we already paid. check pls,credit_and_collections,,33441,
Why is there a late fee on order 99012? We paid on time!,credit_and_collections,,99012,
Account shows outstanding for order 44100 of $450. This is wrong,credit_and_collections,,44100,
"We received collections notice for order 22331, but it's under review. Please stop!",credit_and_collections,,22331,
Refund not applied to order 66221 after return. Amount was 249.99,credit_and_collections,,66221,
Payment failed for order 88009 but you marked it overdue. Fix balance pls,credit_and_collections,,88009,
"We were billed extra tax on order 11773 for $32.50, need correction",credit_and_collections,,11773,
Order 50555 shows amount due $1200 but PO covers it. clarify,credit_and_collections,,50555,
"Can I get an invoice for order 44221 for Jan 2026? Need it for records, medium urgency",invoice_request,medium,44221,
pls send invoice for 77100 covering Feb-Mar 2026 asap! super urgent,invoice_request,high,77100,
Need invoice for order 22345 for 2025 Q4 but not urgent,invoice_request,low,22345,
Can you email invoice for order 61616 - period: March 2026? pls,invoice_request,medium,61616,
Invoice for 33221 missing for Apr 2026. need it asap,invoice_request,high,33221,
"I need invoice for order 90012 covering last month, low priority",invoice_request,low,90012,
Can you resend invoice for 10001 for Jan-Feb? urgent pls,invoice_request,high,10001,
"Requesting invoice for order 77822 period: 2026-01, medium",invoice_request,medium,77822,
Need invoice for 55666 - Q1 2026. thanks,invoice_request,low,55666,
"Hi, can I change shipping on order 44290? Need to update address, pls help asap",order_modification_request,high,44290,
I want to add items to order 88421 — add 2 cables. Not urgent,order_modification_request,low,88421,
Please cancel order 77310 before it ships. order# 77310,order_modification_request,medium,77310,
"Can't change payment method on 99212? pls switch to PO# 555, high prio",order_modification_request,high,99212,
Need delivery date changed for order 22444 to next Monday,order_modification_request,medium,22444,
"Swap color for order 55123 — choose black instead of silver, pls",order_modification_request,low,55123,
Can you update billing address on 66330? urgent please,order_modification_request,high,66330,
I need to split shipment for order 44007 into two deliveries,order_modification_request,medium,44007,
"Change quantity on order 77555 from 10 to 5, pls",order_modification_request,low,77555,
Need to hold order 33322 for pickup instead of delivery,order_modification_request,low,33322,
"Where's my order 66778? I need status, ordered a server rack 66778 last week",order_status,,66778,server rack
Order# 11223 for laptop — whats the ETA? placed yesterday,order_status,,11223,laptop
"Checking on order 44500 (printer). it's been 3 days, any update?",order_status,,44500,printer
Status on order 99001 for monitor? Placed two weeks ago,order_status,,99001,monitor
Order 55677 (router) update pls — order placed this morning,order_status,,55677,router
Need status for order 22400 (keyboard). when will it ship? ordered last month,order_status,,22400,keyboard
What's the statuz on 33881 tablet order? placed 4 days ago,order_status,,33881,tablet
Order 77441 for cables — any updates? ordered earlier today,order_status,,77441,cables
Can you confirm delivery window for order 90555 (software license)? placed last week,order_status,,90555,software license
When will order 11112 (monitor) be shipped? placed two days ago,order_status,,11112,monitor
"How much is the laptop? I need price for 3 units, medium urgency",pricing,medium,,laptop
"Price for router pls — buying 10, urgent",pricing,high,,router
"Looking for price on printer, qty 1. not urgent",pricing,low,,printer
What's the cost for monitor if I buy 5? need quote asap,pricing,high,,monitor
"Can I get pricing for server rack - qty 2, medium plz",pricing,medium,,server rack
"Need a quote for cables x100, low priority",pricing,low,,cables
How much for software license if we want 50 seats? urgent procurement,pricing,high,,software license
"Keyboard pricing for 25 units pls, medium",pricing,medium,,keyboard
Tablet price for 10 pcs? not rush,pricing,low,,tablet
Need quote for monitor package qty 20 asap pls,pricing,high,,monitor
"SKU AB-2234 price and stock? Need 5, medium",pricing_and_availability,medium,,
Is XZ9981 available and what's price for 10 units? urgent,pricing_and_availability,high,,
"Check PN-77 availability for 2 units, low urgency",pricing_and_availability,low,,
"Need price & stock for CB-450 qty 100, pls",pricing_and_availability,medium,,
TL-900 availability for 8 units? urgentish,pricing_and_availability,high,,
"SR-12 pricing and stock for 1 unit, low please",pricing_and_availability,low,,
"KBD-001 in stock for 30 units? Need price, medium",pricing_and_availability,medium,,
SL-5 availability for 20 licenses pls asap,pricing_and_availability,high,,
"RT-88 qty 4 price check, not urgent",pricing_and_availability,low,,
MTR-45 price and availability for 12 units? medium,pricing_and_availability,medium,,
Where can I find the manual for the router? need product docs version 2,product_docs,,,router
Need spec sheet for server rack - version 1.1 pls,product_docs,,,server rack
Can I get installation guide for printer? version unknown,product_docs,,,printer
Looking for datasheet for monitor v3.0,product_docs,,,monitor
"User manual for tablet TL please, prefer latest version",product_docs,,,tablet
Where's the warranty doc for laptop? which version? idk,product_docs,,,laptop
Need software license agreement doc for software license SL-5 ver 2,product_docs,,,software license
"I want spec sheet for keyboard, version 2025",product_docs,,,keyboard
"Give me cabling guide for cables, no version needed",product_docs,,,cables
Can I have the quickstart for monitor? version v1 pls,product_docs,,,monitor
"Need a sales rep in the APAC region for our 200-employee company, medium urgency",sales_reps,medium,,
"pls assign sales rep for US, startup w/ 10 ppl, urgent",sales_reps,high,,
"Looking for rep in EU for enterprise 5000+ employees, not urgent",sales_reps,low,,
"Need contact for sales in LATAM, company size ~150, medium",sales_reps,medium,,
"Want rep for Canada, small business 25 ppl, low priority",sales_reps,low,,
"Assign someone in MEA for 800 headcount, urgent pls",sales_reps,high,,
"Need sales rep in Germany for mid-size biz 300 ppl, medium urgency",sales_reps,medium,,
"Connect me to sales in UK, company size 50, not urgent",sales_reps,low,,
"Requesting rep in APAC for 1000 employee corp, high priority",sales_reps,high,,
"We need local rep in Brazil, around 60 people, medium pls",sales_reps,medium,,
"How do I register as a vendor? Company: Acme Supplies, type: distributor, region: US",vendor_registration,,,
"Want to become a vendor — company: TechParts, biz type: manufacturer, region: EU",vendor_registration,,,
"Vendor reg pls for SmallCo, business type: reseller, region: APAC",vendor_registration,,,
"How to register vendor? Company: CableWorks, business type: wholesaler, region: LATAM",vendor_registration,,,
"We want to vendor with you — company: RackStars, type: OEM, region: MEA",vendor_registration,,,
"Register vendor: KeyboardKing, biz type: manufacturer, region: Canada",vendor_registration,,,
"Vendor reg for PrintCo, type: supplier, region: UK",vendor_registration,,,
"How to apply as vendor? Company: SoftLic, type: software vendor, region: Germany",vendor_registration,,,
"Please onboard us as vendor: TabletPro, business_type: retailer, region: Brazil",vendor_registration,,,
"Vendor signup for NetGearz, type: distributor, region: US",vendor_registration,,,
I need to return order 55119 — the laptop is faulty. Reason: defective screen,return_request,,55119,laptop
Return request for 77002 printer — prints blank pages. reason: not working,return_request,,77002,printer
I want to return router from order 33388. reason: wrong model shipped,return_request,,33388,router
Need to return monitor order 44590 — scratches on screen,return_request,,44590,monitor
"Returning keyboard from order 66200 because keys missing, pls advise",return_request,,66200,keyboard
Order 99009 tablet return — battery swelling. reason: safety defect,return_request,,99009,tablet
Want return for cables order 10101 — wrong length sent,return_request,,10101,cables
"Return request: server rack from 80808, reason: damaged in transit",return_request,,80808,server rack
Can I return software license order 22322? reason: license key invalid,return_request,,22322,software license
"Need to return monitor 33455 due to dead pixels, order#33455",return_request,,33455,monitor
Requesting refund for order 44110 — charged twice. amount: 499.99,refund_request,,44110,
"Refund pls for 77234, amount $1299, reason: item never delivered",refund_request,,77234,
I want refund for order 99333 amount 59.99 reason: defective product,refund_request,,99333,
Refund request: order 11002 $250. reason: cancelled by seller,refund_request,,11002,
"Please refund order 55100, amount 89.5 — wrong item shipped",refund_request,,55100,
Need refund for 66789 $149.99 reason: late delivery caused us loss,refund_request,,66789,
Refund for order 22300 amount 35 reason: billing error pls,refund_request,,22300,
Can I get refund on 33400 — amt 999.00 reason: product not as described,refund_request,,33400,
Request refund for 44555 amt 19.99 reason: accidental order,refund_request,,44555,
Refund please for 55660 amount 120 reason: returned damaged,refund_request,,55660,
"My router won't boot, keeps beeping. Need tech support asap",technical_support,high,,router
"Printer won't print even though ink full. pls help, not urgent",technical_support,low,,printer
"Laptop fans are loud and overheating, urgent fix pls",technical_support,high,,laptop
Monitor has no display even though power light is on. pls troubleshoot,technical_support,medium,,monitor
Keyboard not connecting via Bluetooth. tried resets. low urgency,technical_support,low,,keyboard
"Tablet app crashes during startup. need help, medium priority",technical_support,medium,,tablet
"Software license activation server error. cant activate, urgent",technical_support,high,,software license
Cables causing intermittent signal loss. please advise tech steps,technical_support,medium,,cables
"Server rack remote monitoring not reporting temps, high prio",technical_support,high,,server rack
"Router firmware update failed and now bricked, pls help",technical_support,high,,router
"Hi, I ordered laptop 55112 but also need to change shipping and ask for invoice — order 55112",multiple_intents,,55112,
Order 77222 never arrived and I want refund. order#77222 pls sort,multiple_intents,,77222,
"I need price for AB-2234 and also availability XZ9981, order later",multiple_intents,,,
Received wrong printer and want return + refund for order 33410,multiple_intents,,33410,
Can you send invoice for 44500 and check status of that order? 44500,multiple_intents,,44500,
"Need sales rep in US and pricing for 3 monitors, order not placed yet",multiple_intents,,,
Laptop screen broken (complaint) and want return for order 99123,multiple_intents,,99123,
Router keeps dropping (tech support) and I want to cancel order 88400,multiple_intents,,88400,
Need vendor registration and price list for keyboards pls,multiple_intents,,,
Order 55670 delayed and billing shows $0 but charged — need help,multiple_intents,,55670,
Want to return monitor 66400 and also need product docs for warranty claim,multiple_intents,,66400,
My tablet is defective and need refund for order 22350 asap,multiple_intents,,22350,
Need technical support for printer and also invoice for order 11211,multiple_intents,,11211,
Cables arrived damaged (complaint) and I'd like return - order 90707,multiple_intents,,90707,
"Hi, question: are monitors MTR-45 available? Also need sales rep contact",multiple_intents,,,
Order 44567 missing and we'd like to cancel plus get refund,multiple_intents,,44567,
I want to change billing on 33333 and also resend invoice period Mar 2026,multiple_intents,,33333,
Where's order 12121 and also why was I charged extra $15? order12121,multiple_intents,,12121,
Need documentation for router and tech support for same device,multiple_intents,,,
Request: vendor registration for MegaCo and pricing quote for server racks,multiple_intents,,,
My laptop overheats (complaint) and support says swap but I want refund order 55055,multiple_intents,,55055,
Where's the monitor I ordered 99888? Also need return label if lost,multiple_intents,,99888,
"Order 77200: invoice missing and account shows past due, pls advise",multiple_intents,,77200,
Is keyboard AB-2234 available? Also want warranty docs pls,multiple_intents,,,
I need rep in APAC and want to place an order for 50 cables,multiple_intents,,,
Router RT-88 bricked after update (tech) and also want replacement (return) order 44333,multiple_intents,,44333,
Invoice for 66000 missing and order 66000 is delayed — please check,multiple_intents,,66000,
"We were double billed for order 50505 and item not delivered, order50505",multiple_intents,,50505,
I recieved wrong model of monitor and want to return plus get an invoice 33477,multiple_intents,,33477,
"Hello, my support ticket: printer won't feed paper and I also want to change ship date 88900",multiple_intents,,88900,
Complaint: keyboard arrived dirty. Also need refund for order 66700,multiple_intents,,66700,
"Hi team, random question about partnerships — is this the right channel?",out_of_scope,,,
Can you help install our third-party software? not about your products,out_of_scope,,,
Are you hiring? pls tell me open roles! thanks,out_of_scope,,,
What's your refund policy for unrelated marketplace items? idk where to ask,out_of_scope,,,
I want to advertise on your site — not product support,out_of_scope,,,
"Hey, just wanna say love your monitors!! :)",out_of_scope,,,
Can you recommend a competitor's router? pls advise,out_of_scope,,,
My company's legal dept needs vendor contract template for review (not vendor reg?),out_of_scope,,,
I have a suggestion for product roadmap — feature idea for keyboard backlight,out_of_scope,,,
Random question: when's your company picnic? LOL,out_of_scope,,,
"My laptop order 44123 was delayed and I want refund — really upset, pls hurry",delivery_issue,high,44123,laptop
"Order 66212 monitor missing, tracking vanished. medium urgency",delivery_issue,medium,66212,monitor
Recieved wrong cables on order 11999. shipped cables but I ordered keyboard. urgent-ish,delivery_issue,medium,11999,cables
Order 55643 router arrived but one port broken. delivery issue? pls help,delivery_issue,high,55643,router
"My printer order 33421 shows  delivered but I'm missing it, can you check?",delivery_issue,high,33421,printer
"Order 22200 server rack hasn't left warehouse, need ETA, medium",delivery_issue,medium,22200,server rack
Keyboard order 11335 never arrived despite confirmation. pls check,delivery_issue,medium,11335,keyboard
"Tablet order 77177 is late, courier says delayed. low urgency though",delivery_issue,low,77177,tablet
"Software license for 00555 not delivered after payment, urgent please",delivery_issue,high,00555,software license
Monitor order 22418's tracking stuck on 'label created' since 5 days,delivery_issue,medium,22418,monitor
SKU AB-3300 available? need 6 units,availability,,,monitor
Do you have router RT-2020 in stock? qty 2,availability,,,router
Printer SKU PR-12 available for 10 units?,availability,,,printer
Is laptop LP-5000 in stock? want 1,availability,,,laptop
Tablet TB-77 availability for 20 pieces pls,availability,,,tablet
Cables CB-999 - do you have 200 pcs?,availability,,,cables
Server rack SR-900 availability? need 4,availability,,,server rack
Keyboard KB-77 in stock? looking for 15,availability,,,keyboard
Software license SL-2026 available for enterprise? qty 100,availability,,,software license
Monitor M-900 availability for 3 units pls,availability,,,monitor
"This laptop is trash, cracked hinge in 2 days. I'm furious.",complaints,,,laptop
"Printer prints lines across pages, awful quality. Really mad",complaints,,,printer
Router overheats and reboots constantly. Total garbage,complaints,,,router
"Monitor backlight bleeding all across, unacceptable",complaints,,,monitor
Keyboard arrived with keys missing letters. poor QC,complaints,,,keyboard
Tablet battery drains to 10% in 30 mins. useless device,complaints,,,tablet
Software license didn't unlock pro features after payment. pissed,complaints,,,software license
"Cables not shielding properly, interference on our setup",complaints,,,cables
Server rack arrived dented and unusable. really upset,complaints,,,server rack
Printer warranty claim refused even though still in warranty. Not happy,complaints,,,printer
"We have overdue invoice for order 22110 amount $2000, pls collect",credit_and_collections,,22110,
"Order 99000 paid but showing unpaid, outstanding $0? pls fix",credit_and_collections,,99000,
"Please send statement for order 33320, there's an amount $450.25 due",credit_and_collections,,33320,
We need to dispute a charge for order 88777 amount 75.00,credit_and_collections,,88777,
Collections reached out about order 10123 but we have a plan. order10123,credit_and_collections,,10123,
Please reverse a $299 charge on order 50550. This was incorrect,credit_and_collections,,50550,
"Payment short paid on 66710, invoice shows $120 missing",credit_and_collections,,66710,
Need to settle balance for order 77777 — amount 1500 pls advise,credit_and_collections,,77777,
Invoice not matching PO for order 55443 — amount discrepancy $45,credit_and_collections,,55443,
Can you send invoice for order 90909 covering May 2026? urgent,invoice_request,high,90909,
Need invoice for 12000 for April 2026 but not urgent,invoice_request,low,12000,
Resend invoice for order 33003 period: 2026-02 please,invoice_request,medium,33003,
Could you email invoice for 44044 covering Feb 2026 asap,invoice_request,high,44044,
Invoice request for order 55000 Jan 2026 — low priority,invoice_request,low,55000,
"Need invoice for 99999 Q2 2026, pls hurry",invoice_request,high,99999,
"Please provide invoice for 80801 for March 2026, medium",invoice_request,medium,80801,
"Invoice for 20202 (Dec 2025) required, low urgency",invoice_request,low,20202,
Resend invoice for order 37373 period: June 2026 pls,invoice_request,medium,37373,
Change shipping on order 88000 to alternate address pls urgent,order_modification_request,high,88000,
"Can I cancel order 66555? Not shipped yet, low urgency",order_modification_request,low,66555,
"Add 3 monitors to order 33433 please, medium urgency",order_modification_request,medium,33433,
Change quantity on 22122 from 2 to 4 — need it changed asap,order_modification_request,high,22122,
Update delivery instructions on order 14141 to leave at back door,order_modification_request,low,14141,
"Switch payment to net30 on order 30303 pls, medium",order_modification_request,medium,30303,
Hold shipment for order 12120 until further notice,order_modification_request,low,12120,
"Change product variant on 50050 to Pro model, urgent",order_modification_request,high,50050,
Please split shipment on order 20220 into two cartons,order_modification_request,medium,20220,
"Update billing on 80808 to new billing contact, medium pls",order_modification_request,medium,80808,
"Where's order 33331 laptop? ordered last Friday, pls update",order_status,,33331,laptop
Status of order 44444 printer — it's been delayed 1 week,order_status,,44444,printer
When will my router (order 57575) ship? placed earlier today,order_status,,57575,router
Order 68686 (keyboard) ETA? I need it by Monday,order_status,,68686,keyboard
Check order 77770 (tablet) status — ordered 3 days back,order_status,,77770,tablet
Order 88881 for monitor — any shipment updates? placed 2 weeks back,order_status,,88881,monitor
"Status inquiry: order 99900 cables, ordered last month",order_status,,99900,cables
What's happening with order 12125 server rack? placed yesterday,order_status,,12125,server rack
Order 45678 software license status pls — purchased today,order_status,,45678,software license
Any ETA for order 21212 monitor? placed 5 days ago,order_status,,21212,monitor
"Price quote for laptop for 7 seats, urgent",pricing,high,,laptop
How much for 2 routers? low urgency,pricing,low,,router
"Cost for 6 printers pls, medium",pricing,medium,,printer
Need price for 50 keyboards urgently,pricing,high,,keyboard
"Quote for 3 tablets, not urgent",pricing,low,,tablet
"Looking for pricing on 200 cables, medium pls",pricing,medium,,cables
How much for 4 server racks? urgent installation next week,pricing,high,,server rack
"Pricing for 10 monitors, low priority",pricing,low,,monitor
"Need software license price for 500 seats, very urgent",pricing,high,,software license
"Keyboard price for 2 units, medium please",pricing,medium,,keyboard
"SKU AB-7777 status & price for 7 pcs, urgent",pricing_and_availability,high,,
XZ1111 availability for 100 units? low urgent,pricing_and_availability,low,,
"Check PR-900 availability & cost for 5 units, medium",pricing_and_availability,medium,,
"Are LP-100 in stock? need 10, urgent",pricing_and_availability,high,,
"CB-321 price & stock for 300 cables pls, low",pricing_and_availability,low,,
"TL-404 availability & pricing for 20, medium",pricing_and_availability,medium,,
SR-7 in stock? need 2 urgently,pricing_and_availability,high,,
KBD-202 pricing and availability for 40 units pls,pricing_and_availability,medium,,
SL-9000 license stock for 250 seats? urgent,pricing_and_availability,high,,
MTR-101 available for 15? low urgency,pricing_and_availability,low,,
Can I get assembly manual for server rack SR-12 version 2.0?,product_docs,,,server rack
"Need repair manual for printer PR-12, no version specified",product_docs,,,printer
Where's the quickstart guide for laptop LP-5000 ver1?,product_docs,,,laptop
Give me firmware notes for router RT-88 v4.2 pls,product_docs,,,router
"Looking for warranty terms for keyboard KB-77, version 2024",product_docs,,,keyboard
Datasheet for monitor MTR-45 v3 needed,product_docs,,,monitor
Requesting API docs for software license SL-5 version 1.0,product_docs,,,software license
"Need safety sheet for cables CB-450, any version",product_docs,,,cables
User guide for tablet TB-77 latest version please,product_docs,,,tablet
Spec sheet for monitor M-900 ver2 pls,product_docs,,,monitor
"We need a sales rep for EU, company size 1200, medium",sales_reps,medium,,
"Assign sales contact for US-based 5-person startup, low prio",sales_reps,low,,
"Looking for reps in APAC for 400 employees, urgent pls",sales_reps,high,,
"Need rep for LATAM, company size 60, medium",sales_reps,medium,,
"Sales rep needed in UK for 900 headcount, low urgency",sales_reps,low,,
"Please connect me with someone in Germany for 220 employees, medium",sales_reps,medium,,
I want vendor registration form for 'Global Parts' business: wholesaler region: US,vendor_registration,,,
"Register 'OfficeGoods' as vendor, biz type: reseller, region: Canada",vendor_registration,,,
"Can 'CableMart' be added as vendor? business_type: distributor, region: UK",vendor_registration,,,
Vendor application: 'Rackify' manufacturer in EU pls,vendor_registration,,,
"Return: order 21221 cables wrong color, reason: incorrect item",return_request,,21221,cables
"I want to return printer 40040 because it won't power on, order40040",return_request,,40040,printer
Return keyboard 50505 order#50505 reason: missing keys,return_request,,50505,keyboard
Sending back tablet 80880 cause: screen cracked on arrival,return_request,,80880,tablet
I'd like to return software license 30333 — reason: unauthorized charge,return_request,,30333,software license
Return server rack 67676 due to wrong configuration shipped,return_request,,67676,server rack
Return monitor 21212 because color calibration is off,return_request,,21212,monitor
Refund for order 88999 $599 reason: order never arrived,refund_request,,88999,
Please process refund 33456 amount 45.5 reason: duplicate charge,refund_request,,33456,
Refund order 77877 amount 1299 reason: defective on arrival,refund_request,,77877,
Need refund for 22222 amt 250 reason: canceled order,refund_request,,22222,
Refund 10101 amount 19.99 because accidental purchase,refund_request,,10101,
Request refund: order 57575 $75 reason: service not provided,refund_request,,57575,
Refund for 80808 $400 reason: returned damaged product,refund_request,,80808,
"technical issue: monitor flickers when HDMI connected, medium priority",technical_support,medium,,monitor
"Router LEDs blinking red, wont connect to ISP, urgent",technical_support,high,,router
"Laptop won't charge via USB-C, pls advise low urgency",technical_support,low,,laptop
"Printer driver errors on Windows 10, need fix",technical_support,medium,,printer
"Tablet overheats during video calls, urgent for presentation",technical_support,high,,tablet
"Keyboard backlight not turning on, low priority",technical_support,low,,keyboard
"Software license throws error code 403 when activating, pls help",technical_support,medium,,software license
"Cables causing packet loss on network, medium urgency",technical_support,medium,,cables
"Server rack doors wont lock properly, urgent for security",technical_support,high,,server rack
"Monitor calibration tool not working after update, medium",technical_support,medium,,monitor
"Hey, got 2 issues: order 33333 late and also invoice missing 33333",multiple_intents,,33333,
I need to change shipping on 44444 and also request refund if it can't be delivered,multiple_intents,,44444,
Wrong monitor delivered and I also want technical help on setup 55555,multiple_intents,,55555,
Complaint about keyboard quality + want a sales rep for bulk purchase,multiple_intents,,,
Need availability for AB-2234 and vendor registration info for our company,multiple_intents,,,
"Order 12111 showed delivered but missing, also charged extra $20",multiple_intents,,12111,
Want product docs for laptop and immediate tech support - laptop 99800,multiple_intents,,99800,
We want to register as vendor and request pricing for monitors MTR-45,multiple_intents,,,
My router is faulty and I need a refund for order 70707,multiple_intents,,70707,
Invoice missing for 81818 and we also need status update for that order,multiple_intents,,81818,
"Hi, this is random: can you host our procurement event? not support",out_of_scope,,,
Do you provide on-site installation for third-party racks? not your product,out_of_scope,,,
How to apply for job? saw roles on LinkedIn,out_of_scope,,,
"I want to donate old hardware, is there a program?",out_of_scope,,,
Are you sponsoring conferences this year? pls tell,out_of_scope,,,
Where to send press inquiries? media request,out_of_scope,,,
"Thanks for quick delivery, super happy!!",out_of_scope,,,
My order 14141 got lost and I'm irritated — laptop missing,delivery_issue,high,14141,laptop
"Order 25252 cables delayed, tracking hasn't updated, medium",delivery_issue,medium,25252,cables
"Printer 33321 arrived but wrong color, order 33321, pls fix",delivery_issue,medium,33321,printer
"Monitor 87878 was supposed to ship yesterday but still pending, need update",delivery_issue,medium,87878,monitor
I ordered a keyboard 69696 and it hasn't arrived. can you check?,delivery_issue,medium,69696,keyboard
"Order 12345 tablet not delivered, tracking shows exception, pls asap",delivery_issue,high,12345,tablet
"Software license 21212 key not sent after order, need asap",delivery_issue,high,21212,software license
"Server rack order 78787 delayed due to customs, what's ETA? medium",delivery_issue,medium,78787,server rack
"Router order 45454 missing accessories — recieved only device, order45454",delivery_issue,medium,45454,router
Monitor order 60606 shows delivered but neighbor doesn't have it,delivery_issue,high,60606,monitor
SKU AB-9999 available? want 12 please,availability,,,laptop
Is XZ2222 in stock for 40 units?,availability,,,cables
PN-300 printers available? need 6,availability,,,printer
LP-900 laptops in stock? qty 3,availability,,,laptop
TB-100 tablets available for 10 pcs?,availability,,,tablet
CB-007 cables availability for 500 units,availability,,,cables
SR-500 server rack in stock? need 1,availability,,,server rack
KB-9 keyboards available for 100 units? pls advise,availability,,,keyboard
SL-1 software licenses available for 1000 seats? urgent,availability,,,software license
M-101 monitors available for 25 pcs,availability,,,monitor
Laptop battery melted slightly!! This is crazy,complaints,,,laptop
"Printer smells burnt after use, dangerous!",complaints,,,printer
"Router firmware glitch breaks wifi every hour, makes us mad",complaints,,,router
"Monitor ghosting so bad can't use it, replace pls",complaints,,,monitor
"Keyboard arrived with oil stains, gross. want refund",complaints,,,keyboard
Tablet camera broken out of box. so annoyed,complaints,,,tablet
"License agreement terms wrong for our region, can't use it",complaints,,,software license
Cables intermittent and causing outages. this is unacceptable,complaints,,,cables
"Server rack arrived missing mounting brackets, really poor QC",complaints,,,server rack
"Support refused warranty for printer citing misuse, disagree",complaints,,,printer
Overdue payment for order 50501 amount $600 - please advise,credit_and_collections,,50501,
Chargeback initiated for order 90901 amount 199.99,credit_and_collections,,90901,
We paid invoice late for 12112 add late fee $10,credit_and_collections,,12112,
Refund not processed for return of order 78700 amount 349.5,credit_and_collections,,78700,
Query about credit memo for order 45400 amount 75,credit_and_collections,,45400,
Please stop collections on order 60606 we're disputing amount $500,credit_and_collections,,60606,
Invoice shows wrong tax on order 32323 amount 30.5,credit_and_collections,,32323,
Payment posted to wrong account for order 11100 pls fix,credit_and_collections,,11100,
Request invoice for order 70700 period: July 2026 urgent,invoice_request,high,70700,
"Need invoice for 50505 for May 2026, low prio",invoice_request,low,50505,
"Resend invoice 60606 Jan 2026 pls, medium",invoice_request,medium,60606,
"Invoice required for 30303 Q3 2025, not urgent",invoice_request,low,30303,
Please email invoice for 80808 covering Apr 2026 asap,invoice_request,high,80808,
"Need invoice for 90909 period: 2026-05, medium",invoice_request,medium,90909,
Send invoice for 12121 for March 2026 pls,invoice_request,low,12121,
"Invoice for order 43434 Jan-Feb 2026, urgent",invoice_request,high,43434,
"Need invoice for 25252 — period: 2026 Q1, medium",invoice_request,medium,25252,
"Invoice resend for 14141 covering Dec 2025, low urgency",invoice_request,low,14141,
Change shipping address on 99009 to office address asap,order_modification_request,high,99009,
"Cancel order 67676 as we found alternate supplier, low urgency",order_modification_request,low,67676,
Add 10 keyboards to order 12120 pls medium,order_modification_request,medium,12120,
"Change qty on 34343 from 5 to 2, urgent pls",order_modification_request,high,34343,
"Reschedule delivery for 23232 next Friday, medium",order_modification_request,medium,23232,
"Update billing info on 45454 because contact changed, low priority",order_modification_request,low,45454,
"Swap monitor model on 56565 to pro variant, medium urgency",order_modification_request,medium,56565,
"Hold order 67670 for pickup at warehouse, low",order_modification_request,low,67670,
Split shipment of order 78780 into two deliveries pls,order_modification_request,medium,78780,
Change payment method to PO on order 89898 urgent,order_modification_request,high,89898,
Order 21212 status? monitor ordered last Thursday,order_status,,21212,monitor
When will laptop 32323 ship? ordered 2 days ago,order_status,,32323,laptop
Printer order 43434 update pls — placed 1 week ago,order_status,,43434,printer
Any update for router 54545? ordered this morning,order_status,,54545,router
Status of keyboard order 65656? ordered last month,order_status,,65656,keyboard
Tablet 76767 shipping status? placed yesterday afternoon,order_status,,76767,tablet
Order 87878 cables ETA? set for next week?,order_status,,87878,cables
Software license 98989 activation status? bought today,order_status,,98989,software license
When will server rack 10101 ship? PO submitted a week ago,order_status,,10101,server rack
Monitor 12121 expected delivery timeframe? ordered earlier,order_status,,12121,monitor
Quote for 30 laptops asap,pricing,high,,laptop
"Price for 15 routers, low urgency pls",pricing,low,,router
"Need cost for 25 keyboards, medium priority",pricing,medium,,keyboard
How much for 8 printers? urgent procurement,pricing,high,,printer
"Quote for 12 monitors, low prio",pricing,low,,monitor
"Server rack pricing for 6 units, medium",pricing,medium,,server rack
Cables pricing for 1000 units urgent please,pricing,high,,cables
"Software license quote for 200 seats, medium urgency",pricing,medium,,software license
"Tablet pricing for 40 units, low priority",pricing,low,,tablet
Keyboard price for bulk 500 pcs asap,pricing,high,,keyboard
AB-4455 availability & price for 9 units please,pricing_and_availability,medium,,
Is XZ1234 in stock for 7 units? urgent,pricing_and_availability,high,,
"PN-111 stock & price for 20 printers, low",pricing_and_availability,low,,
"LP-2020 laptop availability for 3 units, medium",pricing_and_availability,medium,,
"CB-111 cables availability & price for 250, urgent pls",pricing_and_availability,high,,
"TL-202 tablet availability for 15 units, low urgency",pricing_and_availability,low,,
SR-88 server rack in stock for 2 units? medium,pricing_and_availability,medium,,
"KBD-88 keyboards availability for 60 units, high",pricing_and_availability,high,,
SL-500 availability for 1000 seats? medium,pricing_and_availability,medium,,
"MTR-202 monitors availability for 30, low urgency",pricing_and_availability,low,,
Need assembly instructions for keyboard KB-9 version 1.2,product_docs,,,keyboard
"Repair guide for laptop LP-900, version unknown",product_docs,,,laptop
Where's the quickstart for router RT-2020 v2 pls,product_docs,,,router
Datasheet for monitor M-101 ver3.1 required,product_docs,,,monitor
User manual for server rack SR-500 latest please,product_docs,,,server rack
Warranty terms for printer PR-12 v2025 needed,product_docs,,,printer
"License terms doc for software SL-1 v1, pls send",product_docs,,,software license
"Cabling spec sheet for CB-007, any version ok",product_docs,,,cables
Quickstart for tablet TB-100 ver1.0 needed,product_docs,,,tablet
Safety manual for monitor MTR-202 no version known,product_docs,,,monitor
Need sales rep in LATAM for 300 employees medium,sales_reps,medium,,
Connect me with APAC rep - 75 staff company low urgency,sales_reps,low,,
Sales contact for US for 2500 employee enterprise urgent,sales_reps,high,,
Looking for rep in UK for 40-person firm medium,sales_reps,medium,,
Please assign Germany rep for 180 staff company low,sales_reps,low,,
Vendor registration: 'OfficeTech' reseller in EU pls,vendor_registration,,,
We want to register 'NetCables' distributor in LATAM,vendor_registration,,,
Register 'RackMasters' as OEM in MEA please,vendor_registration,,,
Vendor sign-up for 'KeyWorks' manufacturer in US,vendor_registration,,,
Start vendor onboarding for 'TabWorld' retailer in Canada,vendor_registration,,,
Return request: order 90909 monitor color mismatch reason: wrong color,return_request,,90909,monitor
Return 81818 cables - wrong length delivered,return_request,,81818,cables
I need to return laptop order 70707 - cracked hinge on arrival,return_request,,70707,laptop
Return printer 60606 because it smoke on first use,return_request,,60606,printer
Want return for server rack 50505 reason: missing screws,return_request,,50505,server rack
Return keyboard 40404 — keys stuck after first day,return_request,,40404,keyboard
Please refund 12321 amount 199.99 reason: order cancelled by seller,refund_request,,12321,
Refund 21221 amount 25.75 reason: duplicate charge pls,refund_request,,21221,
I want refund for 34343 $899 reason: defective screen,refund_request,,34343,
Refund request 45454 amount 49.99 reason: wrong subscription charged,refund_request,,45454,
Please refund 56565 amt 15 reason: shipping issue,refund_request,,56565,
Refund for 67676 amount 1200 reason: item not as described,refund_request,,67676,
"Router won't pick up ISP PPPoE credentials, urgent",technical_support,high,,router
"Printer keeps showing paper out even when tray full, medium",technical_support,medium,,printer
"Laptop OS won't boot after update, urgent cause meeting",technical_support,high,,laptop
"Monitor shows 'no signal' when connected via DisplayPort, medium",technical_support,medium,,monitor
"Keyboard USB not recognized by PC, low priority",technical_support,low,,keyboard
"Tablet won't charge with original cable, medium urgent",technical_support,medium,,tablet
"Software license portal times out during activation, urgent",technical_support,high,,software license
"Cables cause crosstalk in our audio system, medium",technical_support,medium,,cables
"Server rack fans making loud noise, urgent for data center",technical_support,high,,server rack
"Monitor color profile not loading after update, medium",technical_support,medium,,monitor
Order 80880 arrived wrong and I want return plus refund pls 80880,multiple_intents,,80880,
Need invoice for 90909 and status update for same 90909,multiple_intents,,90909,
"Router bricked and I also want to register as vendor, odd combo",multiple_intents,,,
Complaint about monitor + need sales rep for bulk buy,multiple_intents,,,
Need product docs for printer and also tech support for setup,multiple_intents,,,
I want to cancel order 99999 and get refund if it already shipped pls,multiple_intents,,99999,
"Double charged on 12123 and the item never arrived, order12123",multiple_intents,,12123,
We want pricing for 100 laptops and need vendor registration form,multiple_intents,,,
Complaint: software license not working + request refund order 14141,multiple_intents,,14141,
Help — my tablet 23232 wont boot and I also need invoice 23232,multiple_intents,,23232,
Out of scope: can you help me code a website?,out_of_scope,,,
Is there a student discount? not product support,out_of_scope,,,
I'd like to partner for joint marketing - where to apply?,out_of_scope,,,
Can you provide legal counsel on contracts? not your job,out_of_scope,,,
"Love your customer service, thanks team!",out_of_scope,,,
When is the next public holiday in your country? random question,out_of_scope,,,
My order 39393 is way late and I'm fed up. laptop order39393,delivery_issue,high,39393,laptop
"Router order 29292 delivered to wrong address, pls help",delivery_issue,high,29292,router
Printer 18181 missing ink cartridges on delivery,delivery_issue,medium,18181,printer
"Monitor order 17171 delayed at customs, need ETA",delivery_issue,medium,17171,monitor
"Keyboard 16161 not received despite confirmation, check pls",delivery_issue,high,16161,keyboard
"Tablet 15151 courier lost the package, need help ASAP",delivery_issue,high,15151,tablet
"Software license 14141 emailed wrong key, not working",delivery_issue,high,14141,software license
"Server rack 13131 partial delivery missing bolts, pls send",delivery_issue,medium,13131,server rack
"Cables order 12121 got wrong type, need correct ones",delivery_issue,medium,12121,cables
"Monitor 11111 marked delivered but not with us, urgent pls",delivery_issue,high,11111,monitor
SKU AB-1010 available? need 11 units,availability,,,keyboard
XZ0001 stock for 50 pcs?,availability,,,cables
PN-2000 printers availability 3 units,availability,,,printer
"LP-1 laptop stock for 2, medium",availability,,,laptop
TB-2 tablets available for 6 pls,availability,,,tablet
CB-2 cables 1000 available? low,availability,,,cables
SR-1 server rack in stock for 1 urgent,availability,,,server rack
KB-100 keyboards available for 250 pcs,availability,,,keyboard
SL-100 license stock for 300 seats? medium,availability,,,software license
M-1 monitor availability for 7 units,availability,,,monitor
Laptop keyboard fell apart after 2 days. so mad.,complaints,,,laptop
Printer software causes system crash. terrible product,complaints,,,printer
"Router support couldn't help and it still drops, not happy",complaints,,,router
"Monitor frame cracked on delivery, disappointed",complaints,,,monitor
"Keyboard stutters when typing, infuriating",complaints,,,keyboard
"Tablet lags terribly even after reset, unhappy",complaints,,,tablet
"License renewal charged wrong tier, upset",complaints,,,software license
"Cables failed EMI compliance tests, causing downtime",complaints,,,cables
"Server rack bolts stripped on assembly, poor quality",complaints,,,server rack
Printer repair bill higher than quoted — complaint,complaints,,,printer
Outstanding balance for 99901 is $300 please collect,credit_and_collections,,99901,
"Order 88888 shows credit hold, amount $0? pls review",credit_and_collections,,88888,
We need collections details for order 77701 amount 600,credit_and_collections,,77701,
Payment dispute for 66666 amount 49.99 opened,credit_and_collections,,66666,
Invoice mismatch for order 55555 amount 100 difference,credit_and_collections,,55555,
Charge posted to wrong customer for order 44444 amount 200,credit_and_collections,,44444,
"Refund not received for order 33333 amount 250, pls escalate",credit_and_collections,,33333,
Late fee applied to 22222 should be waived amount 15,credit_and_collections,,22222,
"Payment failed but invoice shows paid for 11111, check",credit_and_collections,,11111,
Statement request for order 10101 showing amount 1000,credit_and_collections,,10101,
"Hi team, I ordered a laptop two weeks ago (order 48291) and still havent recieved any tracking info. Where is it? I'm getting worried, pls reply asap.",delivery_issue,high,48291,laptop
"Hello! Do you have SKU AB-2234 in stock? Need 10 units for next week but not sure availability, thx.",availability,,,laptop
"This printer I bought is absolute rubbish, keeps jamming and making noises. Very disappointed.",complaints,,,printer
"We got a late payment notice for order 77512 but we already paid? Order 77512 — pls advise, amount shows 1200 on statement.",credit_and_collections,,77512,
"Hi, can I get an invoice for order 33901 for Feb 2026? Needed for our accounting, it's urgent.",invoice_request,high,33901,
"Pls change shipping address for order 55823 to 123 Main St. It's wrong rn, thanks.",order_modification_request,medium,55823,
Where's order 99440? I ordered a monitor and it said shipped yesterday but no update in the statuz page.,order_status,,99440,monitor
"How much for 5 keyboards? Need price quote, budget tight, pls.",pricing,low,,keyboard
"Need price + stock for SKU XZ9981, want 50 pcs, urgent delivery next month pls.",pricing_and_availability,high,,
Can you send product manual for the router model? Need installation guide v2.0 if available.,product_docs,,,router
"Looking for a sales rep for West Coast, we are 200 employees company, urgent contact pls.",sales_reps,high,,
"Hi, we'd like to register as vendor — company: SilverTech Solutions, we're an llc, region: EU.",vendor_registration,,,
"Order 66213 arrived damaged, want to return the tablet, cracked screen. Please arrange RMA.",return_request,,66213,tablet
"Refund pls for order 22109, amount $349.99 — never used product, wrong model sent.",refund_request,,22109,
"My new server rack keeps beeping and wont mount drives, firmware error? Need tech help asap.",technical_support,high,,server rack
"Hey, random question about holiday party — can you send catering options?",out_of_scope,,,
"I need to change my order 88765 — add extra cables, originally forgot them. Can you do it?",order_modification_request,medium,88765,
"My keyboard arrived missing keycaps, order 41002. Not happy here.",complaints,,,keyboard
Do you have monitor stock? SKU MN-4500 — need qty 3 for office asap.,availability,,,monitor
"Where's the invoice for order 12890? Need invoice for Jan 2026 for tax filing, pls send.",invoice_request,high,12890,
"I keep getting charged interest on order 90321, we dispute this — pls stop collections.",credit_and_collections,,90321,
"The router I installed keeps dropping wifi and firmware update wont finish, very annoying.",technical_support,medium,,router
"Hello, pricing for server rack please — need 2 units, budget approval next week.",pricing,low,,server rack
"Received wrong item for order 33120 — I ordered cables but got a keyboard, want refund.",refund_request,,33120,
Is SKU ZX-100 available? Need 100 pcs. pls confirm stock levels.,availability,,,cables
"Ticket: my printer is printing faded pages and lines, model unknown. It's unusable.",technical_support,high,,printer
"Hi, invoice needed for orders 44211 & 44212 for Q4 2025. If you can send asap that would be great.",multiple_intents,,44211,
"Wtf — order 55770 never arrived, tracking useless. This is urgent, we need the router.",delivery_issue,high,55770,router
pls can i amend billing on order 22009? wrong company name was entered.,order_modification_request,medium,22009,
Hey do you have a datasheet for that monitor? Spec sheet v1 would be great.,product_docs,,,monitor
"Account shows past due for order 77120 amount 5600, we need to settle but statement unclear.",credit_and_collections,,77120,
"My tablet screen is dead after 2 days, battery seems fine but wont boot. Very frustrated.",complaints,,,tablet
"Need price for software license for 25 users. Budget review soon, pls provide quote.",pricing,medium,,software license
"Can I register as vendor? Company: TechNova, we are manufacturer, region: APAC.",vendor_registration,,,
Order 99823 status pls? It was placed this morning for a keyboard and I havent seen confirmation.,order_status,,99823,keyboard
"I want to return order 12045 — tablet battery swollen, scary. Please advise RMA.",return_request,,12045,tablet
"Why is SKU AB-900 out of stock? Need 7 monitors next month, this is blocking our deployment.",pricing_and_availability,medium,,
"Your monitor docs are rubbish, missing calibration steps. Not helpful at all.",complaints,,,monitor
Can you give me a quote for 12 routers ASAP? Project starts soon.,pricing,high,,router
"I paid twice for order 44321, need refund for the duplicate charge, amount 799.50.",refund_request,,44321,
"Server rack delivery delayed again — order 77231, pls escalate, our deployment blocked.",delivery_issue,high,77231,server rack
"Do you have keyboards in black? SKU KB-11, need 30 pieces, asap pls.",availability,,,keyboard
"My cables arrived frayed and some pins bent, order 55460. This is unacceptable.",complaints,,,cables
"Need invoice for order 99001 for March 2026 quarter, accounting deadline soon.",invoice_request,high,99001,
Can I change qty on order 66002 from 5 to 8? order id 66002. Thanks.,order_modification_request,low,66002,
"My router is overheating after a week, LED lights go red. Pls help.",technical_support,medium,,router
"Hello, need pricing & availability for SKU QP-556, want 200 units for resell.",pricing_and_availability,low,,
I want product brochure for keyboard model KX-3 version 3.2 if u have it.,product_docs,,,keyboard
"We need a sales rep in EMEA — company size 50-100, could someone reach out pls?",sales_reps,medium,,
"Wanted to register vendor: BrightParts Inc, distributor, region: North America.",vendor_registration,,,
"Returned the printer but havent received confirmation for order 33455 return., pls update.",return_request,,33455,printer
"Refund request for order 22778 — amount 59.99, product was defective out of box.",refund_request,,22778,
"My software license key isn't working, activation error code 402. Need help asap.",technical_support,high,,software license
"Hi — just asking about office party decorations, is that something you do?",out_of_scope,,,
"Order 77190 missing parts, monitor stand screws not included. Need them fast.",delivery_issue,medium,77190,monitor
Can you tell me price per unit for SKU LM-300 for qty 15? Need it for quote.,pricing_and_availability,low,,
"Hello, my order 55600 says delivered but i didnt get it. Pls check asap it's a laptop.",delivery_issue,high,55600,laptop
"Need availability of tablet model TAB-22, qty 6 for a pilot program next month.",availability,,,tablet
"The monitor I bought has dead pixels and burnt colors, very upset about quality.",complaints,,,monitor
"We disputed invoice for order 88001 — amount 2400 charged incorrectly, pls advise.",credit_and_collections,,88001,
Can you send invoice for order 55421 for period Apr 2026? Need for bookkeeping.,invoice_request,low,55421,
"Pls change delivery date for 33999 to next Friday, address same. Thx!",order_modification_request,medium,33999,
Order 11123 status? I ordered cables yesterday and no updates on statuz page.,order_status,,11123,cables
What are the pricing tiers for buying 100 vs 500 keyboards? Need numbers for CFO.,pricing,low,,keyboard
"I need both pricing and availability for SKU PR-777, qty 20, deadline tomorrow pls.",pricing_and_availability,high,,
"Need user manual for server rack, assembly guide v1.1 if possible.",product_docs,,,server rack
"Can a sales rep call me about enterprise deals? Region: APAC, company size 1000+.",sales_reps,high,,
"We are a new vendor hoping to register: GreenCircuits, reseller, region: LATAM.",vendor_registration,,,
I want to return the router from order 44012 — not compatible with our ISP.,return_request,,44012,router
"Please refund order 66330, amount 199.99 — wrong configuration sent.",refund_request,,66330,
"My printer driver crashes on install, windows 10, error logs attached (cant attach here).",technical_support,medium,,printer
"Hey, do y'all sponsor local meetups? Just curious :)",out_of_scope,,,
"Order 92012 didnt arrive, couriers say delivered but its not here. Please investigate.",delivery_issue,high,92012,
"Looking to buy 8 monitors, is SKU MO-900 in stock? pls get back.",availability,,,monitor
"The new keyboard rattle is annoying and some keys double-press, bad quality control.",complaints,,,keyboard
"We have an outstanding balance for order 21011, unsure about charges, pls clarify amount 4500.",credit_and_collections,,21011,
"Need invoice for order 12100 for Jan-Feb 2026 combined, urgent for tax reporting.",invoice_request,high,12100,
Can I swap the product on order 44555 from monitor to laptop? Order was just placed.,order_modification_request,medium,44555,
"Order 55701 status? It was due last week, please tell delivery ETA.",order_status,,55701,
"Pricing for cables — need 500, what's price per meter? Project starts in 2 months.",pricing,low,,cables
"Need price and stock for SKU SV-12 quantity 3, can you confirm lead times?",pricing_and_availability,medium,,
Do you have installation manual for the server rack? version 2 pls.,product_docs,,,server rack
"Sales rep request for region: South America, we're 300 employees and expanding.",sales_reps,medium,,
"Vendor registration: Orbit Supplies, wholesaler, region: Canada. How do we sign up?",vendor_registration,,,
I want to return order 88222 keyboard — keys broken after 3 days.,return_request,,88222,keyboard
Refund please for order 11199 amount 29.99 — charged shipping twice.,refund_request,,11199,
"My laptop wifi adapter failed after update, can't connect to networks. Help pls.",technical_support,high,,laptop
This is off-topic: do you host webinars? Interested in attending.,out_of_scope,,,
Where tf is order 67890? shows out for delivery but nothing. Very frustrated.,delivery_issue,high,67890,
"Need to know if SKU KB-300 is on hand, qty 12 for a small office order.",availability,,,keyboard
"Printer ink smudges and prints light, ink quality is terrible. Not happy.",complaints,,,printer
"Account shows collection notice for order 10101 amount 1200, we need a payment plan.",credit_and_collections,,10101,
Could you send invoice for order 55555 covering March 2026? Need asap.,invoice_request,high,55555,
"I need to update PO number on order 77200, pls change it to PO-9988.",order_modification_request,low,77200,
Status on 33901? I bought a router and want ETA — ordered last Monday.,order_status,,33901,router
"What's the price for 40 cables? Need cost breakdown, procurement meeting tomorrow.",pricing,high,,cables
"Need price+availability for SKU RT-44 qty 7, project deadline soon.",pricing_and_availability,high,,
Where can I find the quick start guide for the tablet? version 1.0 pls.,product_docs,,,tablet
"Can a sales rep reach out for pricing on bulk monitors? Region: US, we are 800 employees.",sales_reps,medium,,
"Vendor reg: Nexus Parts, OEM, region: Europe. How long does approval take?",vendor_registration,,,
"Return request: order 90909 — cables incorrect length, need to send back.",return_request,,90909,cables
"Refund for order 40404, amount 1200 — product failed QA and we cant use it.",refund_request,,40404,
"My monitor flickers randomly and reboots my workstation, urgent fix pls.",technical_support,high,,monitor
Is this the right place to ask about catering orders? Not related to purchase.,out_of_scope,,,
"Order 20002 was marked delivered but missing items, specifically printer cartridges.",delivery_issue,medium,20002,printer
Are there 2TB SSDs in stock under SKU SS-200? Need 10 for a build.,availability,,,server rack
"Keyboard arrived with sticky keys, prob from manufacturing. Very annoyed.",complaints,,,keyboard
"We have a billing question about order 33312 and late fees charged, pls explain — amount 75.",credit_and_collections,,33312,
Can you send invoice for order 67880 covering Feb 2026? Needed today.,invoice_request,high,67880,
"Need to change delivery method for order 44500 from ground to express, order 44500.",order_modification_request,high,44500,
"Order 99009 status pls? Product was a software license for 5 seats, ordered last week.",order_status,,99009,software license
"Price for 250 cables? Need discount tiers and lead time, procurement ASAP.",pricing,high,,cables
"Pricing & availability needed for SKU LK-88 qty 60, planning a rollout next quarter.",pricing_and_availability,low,,
Where can I download the schematic for the router? Looking for hardware doc v3.,product_docs,,,router
"Sales rep pls — Europe region, company size 20, interested in demo and discounts.",sales_reps,medium,,
"Vendor registration request: PixelWorks, retailer, region: US. How to apply?",vendor_registration,,,
Want to return order 11777 monitor stand — incorrect model shipped.,return_request,,11777,monitor
"Refund for order 88812 amount 49.99, shipping never arrived and item lost.",refund_request,,88812,
"Laptop screen flickers after login, odd artifacts appear. Need tech support.",technical_support,medium,,laptop
Is this support for event bookings? Asking because I need venue recs.,out_of_scope,,,
"order 30303 — still no delivery, tracking says exception. Pls respond ASAP it's a monitor.",delivery_issue,high,30303,monitor
SKU ABX-44 available? Need 4 routers for branch office next month.,availability,,,router
"The printer driver you provided corruputed our system, wasted hours. Not acceptable.",complaints,,,printer
"We show overdue invoice for order 14001 amount 3200, want to settle but need remittance details.",credit_and_collections,,14001,
"Please email invoice for order 55500 for FY 2025, urgent for audit.",invoice_request,high,55500,
"Change shipping on order 60606 to expedited overnight, pls do this evening.",order_modification_request,high,60606,
Status check on 45454 — ordered cables and havent received confirmation email.,order_status,,45454,cables
"What's the price for 3 server racks? Need breakdown w/ shipping costs, thanks.",pricing,medium,,server rack
"Need price & availability for SKU TL-77 quantity 90, urgent deployment next week.",pricing_and_availability,high,,
"Looking for API doc for software license integration, version 2.5 please.",product_docs,,,software license
"Sales rep for APAC pls, company size is 60 and we want enterprise terms.",sales_reps,medium,,
"How do i sign up as vendor? Company: CoreTech, distributor, region: UK.",vendor_registration,,,
"Want to return order 52525 — cables not compatible with our gear, pls advise.",return_request,,52525,cables
"Refund for order 30330, amount 15.00 — ordered wrong length, pls process.",refund_request,,30330,
"Screen on the tablet goes black intermittently, software seems to crash. Need help.",technical_support,medium,,tablet
Are you doing charity donations? Asking about sponsoring local schools.,out_of_scope,,,
"My order 21212 shipments split and part hasn't arrived, its the monitor stand part missing.",delivery_issue,medium,21212,monitor
Availability for SKU PR-202? Need 30 printers for school rollout next semester.,availability,,,printer
"The router admin page is inaccessible and password reset not working, pretty mad now.",complaints,,,router
"We were charged twice on order 66777 amount 2500, please refund duplicate.",credit_and_collections,,66777,
Could you send invoice for order 88800 for Q2 2026? Tax filing pending.,invoice_request,high,88800,
"I need to update contact for order 49009 to new project manager, order 49009.",order_modification_request,low,49009,
"Order 70707 status? It's been in processing for 5 days, product was server rack.",order_status,,70707,server rack
Price for 1 laptop? Need outright purchase and leasing options too.,pricing,medium,,laptop
Need price + stock for SKU LK-999 qty 12 asap for demo units.,pricing_and_availability,high,,
"User guide for keyboard KBL-2 version 1.0 missing some shortcuts, plz send full doc.",product_docs,,,keyboard
"Can a sales rep reach out in North America? We're 60 ppl, need enterprise pricing.",sales_reps,medium,,
"Vendor registration enquiry: Silverline, manufacturer, region: Germany.",vendor_registration,,,
Return request: order 70770 monitor — wrong item size and wont fit rack.,return_request,,70770,monitor
"Refund for order 12121 amount 499.99 — device DOA, pls process quickly.",refund_request,,12121,
"Laptop battery drains super fast after update, need troubleshooting asap.",technical_support,high,,laptop
Not related: asking about office interior designers you recommend.,out_of_scope,,,
My order 14141 shows delivered but no package. Tracking lied. Please escalate.,delivery_issue,high,14141,
"Do you have tablet TAB-77 in stock? Need 2 for execs, shipment next week.",availability,,,tablet
"Monitor arrived with cracked bezel, order 19190. Really disappointed in packaging.",complaints,,,monitor
"We were billed incorrectly for order 23232, amount charged 980 but PO was 480, pls correct.",credit_and_collections,,23232,
"Invoice request for order 66700 covering May 2026, urgent for vendor payment.",invoice_request,high,66700,
I need to modify order 22334 — remove the software license and add a monitor instead.,order_modification_request,medium,22334,
Order 40000 status? It was shipped two days ago but no delivery ETA on tracking page.,order_status,,40000,
"Price quote for 6 routers, please include discount for education org — thanks.",pricing,low,,router
"Pricing & stock for SKU SV-999 qty 500, long lead time ok, need formal quote.",pricing_and_availability,low,,
"Need whitepaper for server rack safety standards v4, can you send it?",product_docs,,,server rack
"Sales rep request: region Midwest US, company size 45, want to discuss SLA terms.",sales_reps,medium,,
"Vendor registration: PrimeGear, supplier, region: Australia. What's required?",vendor_registration,,,
"Return order 31313 — printer not compatible with our OS, want returns label.",return_request,,31313,printer
"Refund needed for order 55656, amount 89.95, item never shipped and canceled previously.",refund_request,,55656,
"Router firmware update bricked the device, won't boot. Tech support pls asap.",technical_support,high,,router
"Is this support line for event catering? No purchase, just asking.",out_of_scope,,,
"Order 62626 missing items from box, specifically cables and screws, delivery issue.",delivery_issue,medium,62626,cables
"Availability check: SKU PR-404 printers, need 10, ship end of month.",availability,,,printer
"My monitor arrived with color banding, return? Very poor QC on this batch.",complaints,,,monitor
We got a collections notice for order 99900 but we've been disputing this. pls advise.,credit_and_collections,,99900,
"Need invoice for order 21221 for year end reporting, period FY 2025, asap.",invoice_request,high,21221,
"Change billing address on order 77007 to new company address, order 77007.",order_modification_request,low,77007,
Status on order 14100? It contained a software license and still not activated.,order_status,,14100,software license
"What's price for 20 tablets? Need per unit and bulk discounts, urgent procurement.",pricing,high,,tablet
Pricing & availability for SKU CB-12 qty 100 — need confirmed lead times this week.,pricing_and_availability,high,,
User manual for cables? Looking for wiring diagram v1.2 please.,product_docs,,,cables
"Sales rep contact for APAC region pls, we're a startup (30 ppl) and need reseller pricing.",sales_reps,medium,,
"Registering vendor: TechParts Ltd, wholesaler, region: Ireland. Pls advise next steps.",vendor_registration,,,
"Return request order 45400 — laptop has different spec than purchased, not acceptable.",return_request,,45400,laptop
"Refund for order 21212 amount 160.00 — item arrived used, not new as expected.",refund_request,,21212,
"Printer won't connect to server, spooler errors, urgent support please.",technical_support,high,,printer
Not a purchase question: do you offer internship programs? Asking for college students.,out_of_scope,,,
Order 52500 shows partial delivery — monitor arrived but not cables. Fix pls.,delivery_issue,medium,52500,monitor
Are there 4K monitors in stock SKU 4K-77? Need two for design team.,availability,,,monitor
"Keyboard backlight broken after first use, order 80808. Very upset overall.",complaints,,,keyboard
"We received an invoice for order 60060 we already paid — pls rectify, amount 300.",credit_and_collections,,60060,
"Invoice needed for order 24444 covering April-May 2026, tax deadline soon.",invoice_request,high,24444,
"Need to change PO on order 99000 to PO-7722, pls update order 99000.",order_modification_request,low,99000,
Status on 31300? The cables are needed for tomorrow's install and no update given.,order_status,,31300,cables
"Quote for 100 keyboards and 50 mice pls, also include shipping to CA.",pricing,medium,,keyboard
"Pricing & availability for SKU MN-222 qty 25, urgent for store opening.",pricing_and_availability,high,,
Where can I get the API integration guide for the software license version 3.0?,product_docs,,,software license
"Sales rep for UK pls, we're 150 people and want to discuss custom contracts.",sales_reps,medium,,
"Vendor registration enquiry: ElectroHub, retailer, region: Singapore.",vendor_registration,,,
"Return order 21200 — tablet has software not matching spec sheet, need return.",return_request,,21200,tablet
"Refund order 57575 amount 350.00 — unit DOA, please process refund quick.",refund_request,,57575,
"Monitor HDMI port dead after first connection, tech support required, thanks.",technical_support,high,,monitor
"Is this where I ask about catering menus? Not buying, just asking for contact.",out_of_scope,,,
"Order 70700 was scheduled and never picked up, courier delay — pls escalate.",delivery_issue,high,70700,
Availability: SKU TL-101 routers? Need 15 units for branch upgrade.,availability,,,router
"Laptop keyboard keys sticking after a spill, product poorly sealed, upset.",complaints,,,laptop
"We received a collections email for order 32323 but we have a dispute open, pls stop.",credit_and_collections,,32323,
Could you send invoice for order 18181 covering Q3 2025? Need for audit.,invoice_request,high,18181,
Need to change delivery address for order 22222 — new address provided in thread.,order_modification_request,medium,22222,
Order 44444 status? It said dispatched but tracking shows stuck in transit for days.,order_status,,44444,
Price for 10 server racks? Include assembly and installation costs pls.,pricing,medium,,server rack
Need pricing + availability for SKU CB-300 qty 300 — long lead ok but need confirmation.,pricing_and_availability,low,,
Can you send maintenance manual for printer model PRX-5 version 5.0?,product_docs,,,printer
"Sales rep for LATAM please, mid-size company of 220, interested in reseller program.",sales_reps,medium,,
"Vendor registration: CircuitWorks, manufacturer, region: Japan. How to proceed?",vendor_registration,,,
"Return request order 50050 — software license wrong edition, want return.",return_request,,50050,software license
Refund for order 61616 amount 75.00 — returned item but refund not processed.,refund_request,,61616,
"Router rsa token auth failing after update, can't get into admin. Need urgent support.",technical_support,high,,router
"Asking about pet adoption events — not related to orders, sry for randomness.",out_of_scope,,,
"Order 81818 shows damaged packaging and missing screws, need replacement parts.",delivery_issue,medium,81818,monitor
Are the tablets TAB-X available? need 9 pcs for training next month.,availability,,,tablet
"Printer arrived with wrong voltage plug and fried the unit, totally pissed off.",complaints,,,printer
"We were charged interest fees on order 98989, this shouldn't happen — pls refund.",credit_and_collections,,98989,
Invoice request for order 17171 for Jan 2025 — need it for accounting review.,invoice_request,medium,17171,
"Please update order 70701 to include expedited handling, order id 70701.",order_modification_request,high,70701,
"Order 23200 status — ordered monitor stand and still waiting weeks later, pls update.",order_status,,23200,monitor
Pricing for 3 software licenses and support plan? Need cost breakdown quick.,pricing,high,,software license
Pricing & availability for SKU KB-777 qty 40 urgent for event next week.,pricing_and_availability,high,,
"Looking for troubleshooting guide for keyboard firmware update v1.4, send pls.",product_docs,,,keyboard
"Sales rep in Southeast Asia pls contact — company size 500, looking for partner program.",sales_reps,medium,,
"Vendor registration: MacroTech, supplier, region: Brazil. What's the onboarding time?",vendor_registration,,,
Returned order 41414 but still no confirmation and want to return printer — order 41414.,return_request,,41414,printer
Refund request for order 23234 amount 420.00 — item arrived faulty and used.,refund_request,,23234,
"Monitor drivers crash on startup, windows reports driver stop code, pls assist urgently.",technical_support,high,,monitor
Random non-related: do you host music events? asking for community group.,out_of_scope,,,
"Order 66666 shows delivered to wrong address, neighbor has it but we need it back.",delivery_issue,high,66666,
Is SKU LK-1010 in stock? Need 75 units for rollout next quarter.,availability,,,keyboard
"The tablet touchscreen is unresponsive after one day, very frustrated with quality.",complaints,,,tablet
"Collections call received for order 12345 but invoice disputed, please hold actions.",credit_and_collections,,12345,
"Need invoice for order 90900 for fiscal year 2026, urgent for compliance.",invoice_request,high,90900,
Change delivery instructions on 80080 to leave at reception instead of dock.,order_modification_request,low,80080,
Order 10010 status? Purchased cables and havent got any shipping email yet.,order_status,,10010,cables
"Quote for 5 printers and 10 cartridges please, need procurement approval next week.",pricing,medium,,printer
"Pricing & availability for SKU SV-001 qty 1000 — bulk distro, lead times important.",pricing_and_availability,low,,
Can you send the spec sheet for the server rack weight limits v6? Need to review.,product_docs,,,server rack
"Sales rep contact: region Canada, we're 90 people and want reseller agreement details.",sales_reps,medium,,
"Vendor registration: ByteLine, OEM, region: Mexico. How do we start onboarding?",vendor_registration,,,
"Return order 28282 — keyboard layout wrong (uk vs us), want exchange.",return_request,,28282,keyboard
Refund for order 70707 amount 99.99 — wrong color shipped and they wont replace it.,refund_request,,70707,
"Laptop camera not detected by OS after update, need help troubleshooting pls.",technical_support,medium,,laptop
"Asking about social events — not related to support, sorry to bother.",out_of_scope,,,
"Order 36363 delayed with no notice, shipping says exception — urgent for install.",delivery_issue,high,36363,
Are there tablets TAB-900 in stock? Need 30 for classroom use next month.,availability,,,tablet
"My cables arrived short and useless for setup, very annoyed with QA.",complaints,,,cables
"We got a past due notice for order 45454 but payment was mailed, need confirmation.",credit_and_collections,,45454,
"Invoice pls for order 60000 for May 2026, we need it for our books.",invoice_request,medium,60000,
"Change rush delivery on order 12111 to standard, customer requested delay.",order_modification_request,low,12111,
"Order 20202 status? The software license key hasn't arrived in email, ordered yesterday.",order_status,,20202,software license
Price for 15 monitors and mounting kits? Need full quote including VAT.,pricing,medium,,monitor
Need pricing+availability for SKU LP-88 qty 8 urgent for demo next week.,pricing_and_availability,high,,
"User manual for tablet TAB-4 firmware 2.1 missing payment section, pls resend.",product_docs,,,tablet
"Sales rep request for Midwest US, company size 120, urgent for procurement cycle.",sales_reps,high,,
"Vendor registration: AlphaSupply, wholesaler, region: Scandinavia. Need vendor form.",vendor_registration,,,
"Return request for order 90901 — monitor has dead pixel cluster, want return.",return_request,,90901,monitor
Refund pls for order 82828 amount 19.99 — cancelled item but still charged.,refund_request,,82828,
"Keyboard firmware update failed, device bricked. Need tech support urgently.",technical_support,high,,keyboard
"Not related: asking if you donate to schools, pls let me know your CSR programs.",out_of_scope,,,
"Order 25252 delivered but screen protector missing, hinges loose. Not good.",delivery_issue,medium,25252,tablet
Is SKU PX-300 available? Need 60 units for deployment next month.,availability,,,printer
"Monitor power supply burned smell after plugging in, extremely unsafe, complaint.",complaints,,,monitor
"We received a collections email but invoice 78787 is disputed, stop collection action pls.",credit_and_collections,,78787,
"Please send invoice for order 32300 for Q4 2025, we need for quarterly close.",invoice_request,high,32300,
"I need to change address on order 50505 to new warehouse, pls confirm change.",order_modification_request,medium,50505,
Order 70709 status? It contained cables needed for critical networking today.,order_status,,70709,cables
How much for 2 server racks plus assembly? Include shipping estimate pls.,pricing,medium,,server rack
Pricing & availability for SKU RT-100 qty 14 — deadline imminent for phase 1.,pricing_and_availability,high,,
"Need wiring diagram for cables CB-1 version 2, send pdf pls.",product_docs,,,cables
"Sales rep contact for EMEA urgently, company size 400, interested in volume pricing.",sales_reps,high,,
"Vendor registration: NovaParts, retailer, region: Spain. What docs required?",vendor_registration,,,
"Return request: order 61661 — software license key invalid, need refund/return.",return_request,,61661,software license
Refund for order 14141 amount 250.00 — product incompatible and returned days ago.,refund_request,,14141,
"Router WAN port not working, link down despite cables being fine, pls assist.",technical_support,high,,router
Random question: do you run an alumni program? Not buying atm.,out_of_scope,,,
Hi guys—order statuz says delivered but i didnt recieve anything. It was supposed to be a laptop. Order 483920. pls check asap,delivery_issue,high,483920,laptop
My printer shipment is stuck in limbo... tracking hasn’t moved in 5 days and we need it for the office. Order 517604,delivery_issue,high,517604,printer
Package came crushed and the monitor box is torn open. Not sure if screen is ok yet. Order id 90518,delivery_issue,medium,90518,monitor
Only 1 box arrived but the order had cables + a keyboard. It says delivered (??). Order 640771,delivery_issue,medium,640771,cables and keyboard
"Delivery went to the wrong suite again—left with someone in 2A, we’re 2C. Order 778041 (router). pls fix",delivery_issue,high,778041,router
Can you confirm if order 362915 is actually going out today? we have a server rack install tomorow and nothing’s shown up,delivery_issue,high,362915,server rack
"Do you have the WaveLink router in stock? SKU WL-AX5400. Need qty 8, pls",availability,,,WaveLink router
"Looking for 25 keyboards, the silent one. SKU KB-SLNT-221A. available or backorder?",availability,,,silent keyboard
Need to know if the 24U server rack is available in your west coast warehouse. SKU RK-24U-BLK. Qty 2,availability,,,server rack 24U
Is the tablet (FieldTab 10) still in stock? sku FT10-64G-BK. Need 14 units for onboarding,availability,,,tablet
"Any ETA/availability on software license packs, SKU LIC-PRO-12M. Need 60 but can do partial if that helps",availability,,,software license
Honestly this laptop feels super flimsy for the price and the hinge squeaks. Not happy at all.,complaints,,,laptop
Your support chat just copy/pasted scripts and didn’t read what i wrote. wasted like 45 mins. cmon.,complaints,,,
The printer ink you sent is leaking in the bag… how does that even ship like this. total mess.,complaints,,,printer ink
Website kept throwing errors at checkout and cleared my cart twice. really frustrating.,complaints,,,
The cables are labeled wrong lengths. We ordered 2m and they’re clearly shorter. This is not ok.,complaints,,,cables
We got a past-due notice for order 491770 but we already paid it. Please check—amount was 1280.50,credit_and_collections,,491770,
Account is on credit hold and we can’t place orders. What invoice is causing this? I see 0 balance on our side.,credit_and_collections,,,
Collections called again about order 700265. Can you resend the remittance details? We paid 4999.00 via ACH,credit_and_collections,,700265,
Need to increase our credit limit before next week’s purchase. Current limit is too low and blocking PO. No specific order yet.,credit_and_collections,,,
Why am i being charged a late fee? It says 75.00 added and we never agreed to that. Order 612099,credit_and_collections,,612099,
pls email invoice for order 588104. need it today for expense report,invoice_request,high,588104,
Can you send all invoices for Jan 2026 as one PDF bundle? thx,invoice_request,medium,,
"Need a copy of invoice for order 930176, original email got deleted. no rush",invoice_request,low,930176,
Please send invoices for Q4 2025 (Oct-Dec). Auditor is asking and it’s kind of urgent.,invoice_request,high,,
"Invoice request: order 705991, we need the bill for our PO closeout. pls",invoice_request,medium,705991,
Can you cancel order 641085? It was placed by mistake and i need it stopped asap,order_modification_request,high,641085,
Please change shipping address on order 502761—autofill put our old office. Need this fixed before it ships,order_modification_request,high,502761,
Order 870044: can you add 3 more HDMI cables to the same shipment? not urgent but would be nice,order_modification_request,low,870044,
Need to change quantity on order 775090 from 10 to 6. pls confirm when done,order_modification_request,medium,775090,
Can you upgrade shipping on order 916773 to overnight? we need the tablet by tomorow morning,order_modification_request,high,916773,
Any update on order 604118? placed 2 weeks ago and still shows processing. what’s going on,order_status,,604118,
Order 733509 for the router—did it ship yet? i didnt get tracking email,order_status,,733509,router
"Checking statuz on order 519990 (monitor). needed for install next Tue, pls confirm",order_status,,519990,monitor
Order #880051 says 'label created' since last Friday. has it actually left the warehouse??,order_status,,880051,
"Where’s order 760285 (keyboard + cables). I ordered it yesterday afternoon, just want to know eta",order_status,,760285,keyboard and cables
Order 671904 is showing backordered. can you tell me how long for the server rack to ship?,order_status,,671904,server rack
"Need pricing for 30 laptops (midrange, 16GB). pls send quote asap",pricing,high,,laptop (16GB)
What’s your best price on 12 routers for small office? not urgent just budgeting,pricing,low,,router
Can you quote 5x 27in monitors? Need it by end of day if possible,pricing,high,,monitor 27in
"Pricing request: server rack 42U, qty 1. also any discount for nonprofit?",pricing,medium,,server rack 42U
"How much for 200 CAT6 cables (3ft)? send rough pricing, no rush",pricing,low,,CAT6 cables 3ft
Need price + if available for SKU AB-2234 (USB-C cable 1m). qty 150. pls reply today,pricing_and_availability,high,,
Do you have SKU XZ9981 in stock and what’s the unit cost for 20? (it’s the 24-port router/switch combo),pricing_and_availability,medium,,
"Can you confirm availability + pricing for SKU PRN-LSR4400. Need 2 printers for a new site, kinda urgent",pricing_and_availability,high,,
"Looking at SKU MON-4K27-A1, need 6 monitors. Are they in stock and what would it cost shipped to NY?",pricing_and_availability,medium,,
"Need software license packs, SKU LIC-TEAM-50. what’s price and are you out of stock? qty 1 pack",pricing_and_availability,medium,,
Do you have SKU RK-12U-WALL and can you quote 3 units? not super urgent,pricing_and_availability,low,,
Need the user manual for the AeroWave router. what version is current? thx,product_docs,,,AeroWave router
"Can you send a datasheet for your 42U server rack, preferably Rev B if you have it",product_docs,,,server rack 42U
Looking for MSDS/SDS for the screen cleaning wipes you sell. Need latest version for compliance,product_docs,,,screen cleaning wipes
Do you have firmware release notes for the PrintMaster 5000 printer? version 2.1 maybe?,product_docs,,,PrintMaster 5000 printer
Need quickstart guide PDF for the 10-inch tablet (FieldTab). Not sure what revision but anything helps,product_docs,,,FieldTab tablet
Who is the sales rep for Pacific Northwest? We’re a mid-size company (~300 ppl) and need to talk this week,sales_reps,medium,,
Need an account manager in Texas. we’re small (25 employees) and want to set up recurring purchases. pls call asap,sales_reps,high,,
Can you tell me who covers NYC metro for enterprise accounts? we’re 2k staff. not urgent just intro,sales_reps,low,,
Need a rep in the UK/Ireland region. we’re a startup (12 ppl). pls reply when you can,sales_reps,medium,,
"Who do we talk to for California state contracts? we’re a large public agency, need response today",sales_reps,high,,
We want to register as a vendor. Company name: NorthBridge IT Services. We’re an LLC in the Midwest (US). What’s the next step?,vendor_registration,,,
"Hello, pls send vendor onboarding info. Company: Sunvale Manufacturing Inc. We build metal racks. Located in Ontario, Canada",vendor_registration,,,
Looking to become a supplier—KiteRun Logistics (we do warehousing + last-mile). Region: Southeast US,vendor_registration,,,
Vendor registration request for ByteGarden Software GmbH (software publisher). We’re in Germany/EU,vendor_registration,,,
Can we get set up as a vendor? Company: Cobalt Cable Co. Business type: distributor. Region: Australia/NZ,vendor_registration,,,
Need to return the monitor from order 720551. It has dead pixels and it’s driving me nuts,return_request,,720551,monitor
Return request: order 589104 (keyboard). Keys stick and it’s unusable. pls advise next steps,return_request,,589104,keyboard
"I want to return the router, order 831905. It keeps dropping connection and we’re switching brands",return_request,,831905,router
Can i return the tablet from order 470166? Bought wrong size for our team (needed bigger screen),return_request,,470166,tablet
Order 665702: returning the server rack. It doesn’t fit our closet depth (my bad).,return_request,,665702,server rack
Refund pls. Order 690115 was canceled but my card still got charged 299.99. Why??,refund_request,,690115,
I was billed twice for order 510992 (same amount 89.00). Can you refund one of the charges asap,refund_request,,510992,
Order 772040: pls refund 49.95 for the shipping upgrade—i paid for overnight and it arrived 3 days later,refund_request,,772040,
"Need refund for order 805511. The software license key never arrived, so we bought elsewhere. amount was 1200.00",refund_request,,805511,
"Refund request: order 930502, returned the printer and tracking shows delivered back to you. should be 159.50 back to card",refund_request,,930502,
Tech help pls: the router keeps rebooting every 10-15 mins after latest update. We’re offline all day,technical_support,high,,router
My printer is printing blank pages even with new toner. Tried power cycle. any ideas?,technical_support,medium,,printer
Laptop won’t boot—just a blinking cursor. It was fine yesterday. Need help asap,technical_support,high,,laptop
"Monitor flickers when connected via HDMI, but works on DP. Is this a setting or a defect?",technical_support,medium,,monitor
Software license activation keeps failing with 'invalid host id'. It’s blocking deployment today,technical_support,high,,software license
Tablet touchscreen is laggy and sometimes doesn’t register taps. Not urgent but annoying—any fix?,technical_support,low,,tablet
Can you help me reset my password for the website? i’m locked out and it says my email doesnt exist,out_of_scope,,,
"Hi, I’m applying for a job—where do i send my resume? your careers page 404s",out_of_scope,,,
"Please unsubscribe me from marketing emails. i keep getting promos every day, its too much",out_of_scope,,,
Do you sponsor local robotics teams? We’re looking for donations for a school event next month,out_of_scope,,,
Your website is great btw—just wanted to say thanks for the fast responses last time,out_of_scope,,,
Order 516830 is late (was due yesterday) and i also need the invoice resent. pls dont make me chase this again,multiple_intents,,516830,
Can you tell me the statuz of order 780902 AND change the ship-to address before it goes out? i typed it wrong,multiple_intents,,780902,
"Need price + availability for SKU QP-7711 (USB-C dock). qty 40, and we kinda need it asap",multiple_intents,,,
Do you have the manual for the router AND is it in stock? SKU RT-AXE6600. need 5,multiple_intents,,,
Order 605772: please cancel if not shipped. If it already shipped then i need return instructions for the monitor.,multiple_intents,,605772,
I need to return order 744910 (keyboard) AND get a refund. it arrived with sticky keys,multiple_intents,,744910,
We’re on credit hold and i also need copies of all invoices for Dec 2025 to reconcile. pls,multiple_intents,,,
Need a sales rep for Florida (we’re ~120 ppl) and also want bulk pricing on 60 tablets for Q2 rollout,multiple_intents,,,
"Vendor registration for 'IronPeak Racks' (manufacturer, EU) + can you share your supplier code of conduct doc?",multiple_intents,,,
"Order 691220 shows delivered but we never got it, and now AP is asking why there’s no invoice email either. help pls",multiple_intents,,691220,
Can you change order 872640 qty down (we ordered too many cables) and confirm the updated price total?,multiple_intents,,872640,
Need status on order 590118 and also your fastest ship option if it hasn’t gone out yet (we need it before Friday),multiple_intents,,590118,
"The router keeps dropping and rebooting, and we’re still waiting on delivery for order 930055. can someone help??",multiple_intents,,930055,
"Need quote + stock check for SKU SW-4410 (software license), qty 10. also what’s the latest version for the install guide?",multiple_intents,,,
Can you resend invoice for order 406771 and btw we were charged a late fee even though payment was sent. pls fix,multiple_intents,,406771,
Order 782991: return the tablet (wrong model) and refund the card. we need this sorted asap,multiple_intents,,782991,
