email_text,intent,urgency,order_id,product,clean_email_text,char_length,word_count
"Hello! Do you have SKU AB-2234 in stock? Need 10 units for next week but not sure availability, thx.",availability,,,laptop,hello do you have sku ab 2234 in stock need 10 units for next week but not sure availability thx,96,20
"Subj: Case 0825 - Just saying thanks, your support agent was super patient earlier.",out_of_scope,,,,just saying thanks your support agent was super patient earlier,63,10
"Can you confirm if the 27in monitor is backordered? SKU MN-4401, qty 7. Pls reply when you can.",availability,,,monitor,can you confirm if the 27in monitor is backordered sku mn 4401 qty 7 pls reply when you can,91,19
Monitor has dead pixels and colour is off. Disappointed.,complaints,,,monitor,monitor has dead pixels and colour is off disappointed,54,9
We can't activate the software license we bought (order 573804) and we also need a copy of the invoice for audit. Pls help.,multiple_intents,,573804.0,,we can t activate the software license we bought order 573804 and we also need a copy of the invoice for audit pls help,119,24
"Subj: Case 0015 - order 51015 cables were delivered to neighbor suite, can you contact the carrier?",delivery_issue,medium,51015.0,cables,order 51015 cables were delivered to neighbor suite can you contact the carrier,79,13
"Subj: Case 0232 - Need invoice copies for Dec 2025, pls.",invoice_request,low,,,need invoice copies for dec 2025 pls,36,7
"Order 81818 shows damaged packaging and missing screws, need replacement parts.",delivery_issue,medium,81818.0,monitor,order 81818 shows damaged packaging and missing screws need replacement parts,77,11
"Subj: Case 0100 - Software license availability: sku SW-PRO-50, qty 50, do you have enough?",availability,,,software license,software license availability sku sw pro 50 qty 50 do you have enough,69,13
"Can you share install guide for the server rack, rev B or latest? Thx.",product_docs,,,server rack,can you share install guide for the server rack rev b or latest thx,67,14
When should I expect order 7012299 (monitor)? Need it by Wed.,order_status,,7012299.0,monitor,when should i expect order 7012299 monitor need it by wed,57,11
Refund for order 7321109: monitor has stuck pixels. Amount 279.00.,refund_request,,7321109.0,,refund for order 7321109 monitor has stuck pixels amount 279 00,63,11
Collections called again about order 700265. Can you resend the remittance details? We paid 4999.00 via ACH,credit_and_collections,,700265.0,,collections called again about order 700265 can you resend the remittance details we paid 4999 00 via ach,105,18
"Swap color for order 55123 — choose black instead of silver, pls",order_modification_request,low,55123.0,,swap color for order 55123 choose black instead of silver pls,61,11
"Subj: Case 0653 - Please initiate return for server rack order 66015, reason: rails warped.",return_request,,66015.0,server rack,please initiate return for server rack order 66015 reason rails warped,70,11
"Monitor order 17171 delayed at customs, need ETA",delivery_issue,medium,17171.0,monitor,monitor order 17171 delayed at customs need eta,47,8
"Looking for reps in APAC for 400 employees, urgent pls",sales_reps,high,,,looking for reps in apac for 400 employees urgent pls,53,10
"Subj: Case 0221 - invoice request: order 63005, we didnt recieve it in the first email.",invoice_request,medium,63005.0,,invoice request order 63005 we didnt recieve it in the first email,66,12
Is XZ2222 in stock for 40 units?,availability,,,cables,is xz2222 in stock for 40 units,31,7
"Please unsubscribe me from marketing emails. i keep getting promos every day, its too much",out_of_scope,,,,please unsubscribe me from marketing emails i keep getting promos every day its too much,88,15
"Order 20002 was marked delivered but missing items, specifically printer cartridges.",delivery_issue,medium,20002.0,printer,order 20002 was marked delivered but missing items specifically printer cartridges,82,11
Received wrong printer and want return + refund for order 33410,multiple_intents,,33410.0,,received wrong printer and want return refund for order 33410,61,10
Cables pricing for 1000 units urgent please,pricing,high,,cables,cables pricing for 1000 units urgent please,43,7
Subj: Case 0798 - Random question: can you sponsor our local hackathon? details: we need swag + a speaker.,out_of_scope,,,,random question can you sponsor our local hackathon details we need swag a speaker,82,14
"My software license key isn't working, activation error code 402. Need help asap.",technical_support,high,,software license,my software license key isn t working activation error code 402 need help asap,78,14
"Subj: Case 0089 - Is keyboard KB-SILENT-2 available, qty 30?",availability,,,keyboard,is keyboard kb silent 2 available qty 30,40,8
Product docs: need compatibility matrix for cables C-MAX version 2,product_docs,,,cables,product docs need compatibility matrix for cables c max version 2,65,11
"Hi, this is random: can you host our procurement event? not support",out_of_scope,,,,hi this is random can you host our procurement event not support,64,12
Subj: Case 0343 - Order 65023 cables: what is the shipping status? ordered Tuesday.,order_status,,65023.0,cables,order 65023 cables what is the shipping status ordered tuesday,62,10
Resend invoice for order 33003 period: 2026-02 please,invoice_request,medium,33003.0,,resend invoice for order 33003 period 2026 02 please,52,9
"Subj: Case 0181 - Payment plan request: order 62020 outstanding $3200, who do i talk to?",credit_and_collections,,62020.0,,payment plan request order 62020 outstanding 3200 who do i talk to,66,12
"Subj: Case 0288 - Order 64022: can you change it from 1 monitor to 2 monitors, urgent pls.",order_modification_request,high,64022.0,,order 64022 can you change it from 1 monitor to 2 monitors urgent pls,69,14
Status of keyboard order 65656? ordered last month,order_status,,65656.0,keyboard,status of keyboard order 65656 ordered last month,49,8
"Subj: Case 0122 - The HDMI cables fail after a day, intermittent signal, trash quality.",complaints,,,cables,the hdmi cables fail after a day intermittent signal trash quality,66,11
"Subj: Case 0699 - Need refund for order 67008, amount 299.99, reason: tablet overheating.",refund_request,,67008.0,,need refund for order 67008 amount 299 99 reason tablet overheating,67,11
TB-100 tablets available for 10 pcs?,availability,,,tablet,tb 100 tablets available for 10 pcs,35,7
Out of scope: asking for medical advice about ergonomic keyboards,out_of_scope,,,,out of scope asking for medical advice about ergonomic keyboards,64,10
"Subj: Case 0359 - Printer order 65039: still no tracking, ordered last Tuesday.",order_status,,65039.0,printer,printer order 65039 still no tracking ordered last tuesday,58,9
"Hi, can sales rep contact our firm? We're SMB ~ 50 employees in EMEA, need quote later this wk",sales_reps,medium,,,hi can sales rep contact our firm we re smb 50 employees in emea need quote later this wk,89,19
"I need a sales rep in SA for 400-person company, pls contact",sales_reps,medium,,,i need a sales rep in sa for 400 person company pls contact,59,13
Subj: Case 0212 - We need a copy of the promissory agreement? order 62051 is $1200 due per email.,credit_and_collections,,62051.0,,we need a copy of the promissory agreement order 62051 is 1200 due per email,76,15
"Can someone explain why our credit memo isn't applied? Ref order 781440, open balance 89.50.",credit_and_collections,,781440.0,,can someone explain why our credit memo isn t applied ref order 781440 open balance 89 50,89,17
"Subj: Case 0145 - Laptop webcam is grainy and keeps freezing, not meeting spec.",complaints,,,laptop,laptop webcam is grainy and keeps freezing not meeting spec,59,10
"Registering vendor: NetParts, parts distributor, region: SA",vendor_registration,,,,registering vendor netparts parts distributor region sa,55,7
"Subj: Case 0121 - Monitor color is way off vs spec, looks washed out, not happy.",complaints,,,monitor,monitor color is way off vs spec looks washed out not happy,59,12
PN-300 printers available? need 6,availability,,,printer,pn 300 printers available need 6,32,6
Subj: Case 0344 - Server rack order 65024: can you share tracking? ordered 12 days ago.,order_status,,65024.0,server rack,server rack order 65024 can you share tracking ordered 12 days ago,66,12
"How to register vendor? Company: CableWorks, business type: wholesaler, region: LATAM",vendor_registration,,,,how to register vendor company cableworks business type wholesaler region latam,79,11
"Subj: Case 0213 - Confused: order 62052 shows $0 paid, but we ACH'd $1990.00, can you post it?",credit_and_collections,,62052.0,,confused order 62052 shows 0 paid but we ach d 1990 00 can you post it,70,16
"Subj: Case 0423 - Cable pricing qty 30, pls provide quote today.",pricing,high,,cables,cable pricing qty 30 pls provide quote today,44,8
"Subj: Case 0967 - Need quote + stock for SR-27U-GLASS2 qty 1, and sales contact for Netherlands.",multiple_intents,,,,need quote stock for sr 27u glass2 qty 1 and sales contact for netherlands,74,14
"The keyboard keys are sticking after like 2 days of normal use. Not happy at all, pls advise.",complaints,,,keyboard,the keyboard keys are sticking after like 2 days of normal use not happy at all pls advise,90,18
Complaint: tablet battery won't hold charge after first cycle. very annoyed,complaints,,,tablet,complaint tablet battery won t hold charge after first cycle very annoyed,73,12
Subj: Case 0941 - Need to return printer order 68067 and also invoice for it for our AP file.,multiple_intents,,68067.0,,need to return printer order 68067 and also invoice for it for our ap file,74,15
Delivery issue: order 99900 marked delivered but to wrong address. need pickup,delivery_issue,high,99900.0,,delivery issue order 99900 marked delivered but to wrong address need pickup,76,12
"Subj: Case 0522 - Laptop docking compatibility list doc, can you send it?",product_docs,,,laptop,laptop docking compatibility list doc can you send it,53,9
"Subj: Case 0502 - Need tablet admin guide (MDM enrollment), version v3 if possible.",product_docs,,,tablet,need tablet admin guide mdm enrollment version v3 if possible,61,10
"Monitor arrived with a bright dead pixel cluster in the center. For the price, this quality is unacceptable.",complaints,,,monitor,monitor arrived with a bright dead pixel cluster in the center for the price this quality is unacceptable,105,18
Warranty terms for printer PR-12 v2025 needed,product_docs,,,printer,warranty terms for printer pr 12 v2025 needed,45,8
"How much for 5 keyboards? Need price quote, budget tight, pls.",pricing,low,,keyboard,how much for 5 keyboards need price quote budget tight pls,58,11
"Server rack doors wont lock properly, urgent for security",technical_support,high,,server rack,server rack doors wont lock properly urgent for security,56,9
"Tablet won't charge with original cable, medium urgent",technical_support,medium,,tablet,tablet won t charge with original cable medium urgent,53,9
My invoice is missing PO number for order 57575 for April. Please resend.,invoice_request,low,57575.0,,my invoice is missing po number for order 57575 for april please resend,71,13
Tablet 76767 shipping status? placed yesterday afternoon,order_status,,76767.0,tablet,tablet 76767 shipping status placed yesterday afternoon,55,7
"How do i sign up as vendor? Company: CoreTech, distributor, region: UK.",vendor_registration,,,,how do i sign up as vendor company coretech distributor region uk,65,12
Want to return order 11777 monitor stand — incorrect model shipped.,return_request,,11777.0,monitor,want to return order 11777 monitor stand incorrect model shipped,64,10
Looking for the user manual for your printer (the office laser one). If there's a PDF pls share.,product_docs,,,printer,looking for the user manual for your printer the office laser one if there s a pdf pls share,92,19
How much for 8 printers? urgent procurement,pricing,high,,printer,how much for 8 printers urgent procurement,42,7
"Subj: Case 0082 - Do you have cable sku USB-C-2M available, qty 40?",availability,,,cables,do you have cable sku usb c 2m available qty 40,47,11
Can you send invoice for order 55421 for period Apr 2026? Need for bookkeeping.,invoice_request,low,55421.0,,can you send invoice for order 55421 for period apr 2026 need for bookkeeping,77,14
"Laptop won't charge via USB-C, pls advise low urgency",technical_support,low,,laptop,laptop won t charge via usb c pls advise low urgency,52,11
Out of scope: can you help me code a website?,out_of_scope,,,,out of scope can you help me code a website,43,10
Tablet TB-77 availability for 20 pieces pls,availability,,,tablet,tablet tb 77 availability for 20 pieces pls,43,8
Subj: Case 0805 - Can you donate equipment to our school? we’re a non-profit program.,out_of_scope,,,,can you donate equipment to our school we re a non profit program,65,13
"Subj: Case 0918 - Delivery says order 68050 is returned to sender, and i want a refund for it.",multiple_intents,,68050.0,,delivery says order 68050 is returned to sender and i want a refund for it,74,15
"Subj: Case 0117 - Software license portal is broken, we cant activate, this is blocking work.",complaints,,,software license,software license portal is broken we cant activate this is blocking work,72,12
Update order 6110044: change from 10 to 12 cables.,order_modification_request,low,6110044.0,,update order 6110044 change from 10 to 12 cables,48,9
"Account shows past due for order 77120 amount 5600, we need to settle but statement unclear.",credit_and_collections,,77120.0,,account shows past due for order 77120 amount 5600 we need to settle but statement unclear,90,16
Can we change billing info on order 99100? pls update company name,order_modification_request,low,99100.0,,can we change billing info on order 99100 pls update company name,65,12
"Vendor reg pls for SmallCo, business type: reseller, region: APAC",vendor_registration,,,,vendor reg pls for smallco business type reseller region apac,61,10
"Order 70700 was scheduled and never picked up, courier delay — pls escalate.",delivery_issue,high,70700.0,,order 70700 was scheduled and never picked up courier delay pls escalate,72,12
"Subj: Case 0540 - Can someone from sales reach out for Germany? company size ~150, soon pls.",sales_reps,medium,,,can someone from sales reach out for germany company size 150 soon pls,70,13
Order 55677 (router) update pls — order placed this morning,order_status,,55677.0,router,order 55677 router update pls order placed this morning,55,9
"Subj: Case 0134 - Tablet speaker is distorted at normal volume, bad build quality.",complaints,,,tablet,tablet speaker is distorted at normal volume bad build quality,62,10
"Hello, registering vendor: Oak & Iron Hardware Co. We are a retail partner in the Midwest US.",vendor_registration,,,,hello registering vendor oak iron hardware co we are a retail partner in the midwest us,87,16
"Subj: Case 0621 - We want to become vendor: BlueStone Monitors, business type OEM, region China.",vendor_registration,,,,we want to become vendor bluestone monitors business type oem region china,74,12
"Subj: Case 0078 - Can you confirm monitor MN-IPS24 availability, qty 14?",availability,,,monitor,can you confirm monitor mn ips24 availability qty 14,52,9
Subj: Case 0190 - Why is there a finance charge $22.00 on order 62029? pls explain/waive.,credit_and_collections,,62029.0,,why is there a finance charge 22 00 on order 62029 pls explain waive,68,14
"Subj: Case 0493 - Need software license EULA doc, latest version pls.",product_docs,,,software license,need software license eula doc latest version pls,49,8
"Router firmware update bricked the device, won't boot. Tech support pls asap.",technical_support,high,,router,router firmware update bricked the device won t boot tech support pls asap,74,13
"Subj: Case 0045 - Server rack order 51045 arrived w/ bent rails, need replacement parts asap.",delivery_issue,high,51045.0,server rack,server rack order 51045 arrived w bent rails need replacement parts asap,72,12
"Invoice pls for order 60000 for May 2026, we need it for our books.",invoice_request,medium,60000.0,,invoice pls for order 60000 for may 2026 we need it for our books,65,14
Subj: Case 0932 - Need invoice for order 68061 and please change invoice email to ap@company.com.,multiple_intents,,68061.0,,need invoice for order 68061 and please change invoice email to,63,11
Want return for server rack 50505 reason: missing screws,return_request,,50505.0,server rack,want return for server rack 50505 reason missing screws,55,9
"Wanted to register vendor: BrightParts Inc, distributor, region: North America.",vendor_registration,,,,wanted to register vendor brightparts inc distributor region north america,74,10
"Subj: Case 0635 - Onboard vendor: BlueHarbor Tablets, business type manufacturer, region India.",vendor_registration,,,,onboard vendor blueharbor tablets business type manufacturer region india,73,9
"Subj: Case 0342 - Monitor order 65022 still says 'confirmed', ordered 7 days ago, pls update.",order_status,,65022.0,monitor,monitor order 65022 still says confirmed ordered 7 days ago pls update,70,12
"Subj: Case 0129 - Printer jams literally every 5 pages, we are done with this thing.",complaints,,,printer,printer jams literally every 5 pages we are done with this thing,64,12
"Subj: Case 0534 - Need a sales contact for Texas region, small business (40 employees), asap pls.",sales_reps,high,,,need a sales contact for texas region small business 40 employees asap pls,74,13
Need a sales rep for Florida (we’re ~120 ppl) and also want bulk pricing on 60 tablets for Q2 rollout,multiple_intents,,,,need a sales rep for florida we re 120 ppl and also want bulk pricing on 60 tablets for q2 rollout,98,21
Order 5901029 shows balance $0.01? Really? Please clear.,credit_and_collections,,5901029.0,,order 5901029 shows balance 0 01 really please clear,52,9
Need technical help with the printer (error code) and honestly I want to return it if we can't fix it. Order 998104.,multiple_intents,,998104.0,,need technical help with the printer error code and honestly i want to return it if we can t fix it order 998104,112,23
Return keyboard 40404 — keys stuck after first day,return_request,,40404.0,keyboard,return keyboard 40404 keys stuck after first day,48,8
"Router LEDs blinking red, wont connect to ISP, urgent",technical_support,high,,router,router leds blinking red wont connect to isp urgent,51,9
Order #880051 says 'label created' since last Friday. has it actually left the warehouse??,order_status,,880051.0,,order 880051 says label created since last friday has it actually left the warehouse,84,14
I got billed for order 33333 but never recieved it. Amount 850.00 please explain,credit_and_collections,,33333.0,,i got billed for order 33333 but never recieved it amount 850 00 please explain,79,15
Can I have the quickstart for monitor? version v1 pls,product_docs,,,monitor,can i have the quickstart for monitor version v1 pls,52,10
Subj: Case 0992 - Order 68099 delivery missing 2 items and i need to update delivery instructions for next attempt.,multiple_intents,,68099.0,,order 68099 delivery missing 2 items and i need to update delivery instructions for next attempt,96,16
"Subj: Case 0750 - Keyboard not detected over USB, tried 2 ports, no luck.",technical_support,medium,,keyboard,keyboard not detected over usb tried 2 ports no luck,52,10
printer PN-77 available? need 1 only,availability,,,printer,printer pn 77 available need 1 only,35,7
"Can I get an invoice for order 44221 for Jan 2026? Need it for records, medium urgency",invoice_request,medium,44221.0,,can i get an invoice for order 44221 for jan 2026 need it for records medium urgency,84,17
"Need price + stock for server rack SR-400, qty 2, urgent for data center",pricing,high,,server rack,need price stock for server rack sr 400 qty 2 urgent for data center,68,14
Where can I get the API integration guide for the software license version 3.0?,product_docs,,,software license,where can i get the api integration guide for the software license version 3 0,78,15
Pricing & availability for SKU TV-12 for tablets qty 30,pricing_and_availability,medium,,,pricing availability for sku tv 12 for tablets qty 30,53,10
"Subj: Case 0420 - Router pricing qty 50, looking for volume discount, urgent.",pricing,high,,router,router pricing qty 50 looking for volume discount urgent,56,9
"Subj: Case 0461 - Need price + stock for RT-VPN21 qty 4, please reply today.",pricing_and_availability,high,,,need price stock for rt vpn21 qty 4 please reply today,54,11
Can you share the quick start guide for the tablet? Any version is fine.,product_docs,,,tablet,can you share the quick start guide for the tablet any version is fine,70,14
"Subj: Case 0608 - Can you onboard us as vendor? Company: RapidRoute Couriers, business type logistics, region US.",vendor_registration,,,,can you onboard us as vendor company rapidroute couriers business type logistics region us,90,14
"Subj: Case 0154 - Laptop keyboard backlight died instantly, low quality.",complaints,,,laptop,laptop keyboard backlight died instantly low quality,52,7
Out of scope question: Do you offer office space rental? not related to products,out_of_scope,,,,out of scope question do you offer office space rental not related to products,78,14
Following up on overdue balance for order 7739205. Late fee added?? Please explain the extra charge 89.50.,credit_and_collections,,7739205.0,,following up on overdue balance for order 7739205 late fee added please explain the extra charge 89 50,102,18
"Subj: Case 0124 - Keyboard wireless keeps disconnecting, basically unusable.",complaints,,,keyboard,keyboard wireless keeps disconnecting basically unusable,56,6
"Subj: Case 0270 - For order 64003, please update qty from 2 to 3 monitors, if not shipped yet.",order_modification_request,medium,64003.0,,for order 64003 please update qty from 2 to 3 monitors if not shipped yet,73,15
"Need invoice for 77654 covering Q4 2024, it's urgent for audit",invoice_request,high,77654.0,,need invoice for 77654 covering q4 2024 it s urgent for audit,61,12
"Subj: Case 0266 - Please send invoice for order 63038, thx.",invoice_request,low,63038.0,,please send invoice for order 63038 thx,39,7
Subj: Case 0472 - Can you confirm price and availability for PR-4413 qty 3? not urgent.,pricing_and_availability,low,,,can you confirm price and availability for pr 4413 qty 3 not urgent,67,13
"Subj: Case 0625 - Add vendor: Nimbus Print Solutions, business type reseller, region Ireland.",vendor_registration,,,,add vendor nimbus print solutions business type reseller region ireland,71,10
Refund order 7205511 please: keyboard DOA. $59.00.,refund_request,,7205511.0,,refund order 7205511 please keyboard doa 59 00,46,8
Recieved wrong cables on order 11999. shipped cables but I ordered keyboard. urgent-ish,delivery_issue,medium,11999.0,cables,recieved wrong cables on order 11999 shipped cables but i ordered keyboard urgent ish,85,14
Subj: Case 0336 - Is order 65016 keyboard shipped? ordered 4 days ago.,order_status,,65016.0,keyboard,is order 65016 keyboard shipped ordered 4 days ago,50,9
I got a shipment missing screws for server rack — what's the RMA process? order 70770,return_request,,70770.0,server rack,i got a shipment missing screws for server rack what s the rma process order 70770,82,16
"Subj: Case 0434 - Price & availability for TB-A20 tablet sku, qty 3, no rush.",pricing_and_availability,low,,,price availability for tb a20 tablet sku qty 3 no rush,54,11
"Subj: Case 0201 - Disputing an overdue claim on order 62040 for $333.33, pls provide backup.",credit_and_collections,,62040.0,,disputing an overdue claim on order 62040 for 333 33 pls provide backup,71,13
"Pricing: laptop qty 8, need quote with shipping, medium priority",pricing,medium,,laptop,pricing laptop qty 8 need quote with shipping medium priority,61,10
"This laptop is trash, cracked hinge in 2 days. I'm furious.",complaints,,,laptop,this laptop is trash cracked hinge in 2 days i m furious,56,12
Wrong monitor delivered and I also want technical help on setup 55555,multiple_intents,,55555.0,,wrong monitor delivered and i also want technical help on setup 55555,69,12
"Subj: Case 0631 - Need vendor onboarding for Arctic Freight Co, business type logistics, region Canada.",vendor_registration,,,,need vendor onboarding for arctic freight co business type logistics region canada,82,12
"Subj: Case 0485 - Looking for installation guide for server rack, can you send it?",product_docs,,,server rack,looking for installation guide for server rack can you send it,62,11
"Subj: Case 0769 - Printer prints blank pages, new toner installed, pls advise soon.",technical_support,medium,,printer,printer prints blank pages new toner installed pls advise soon,62,10
Is there a student discount? not product support,out_of_scope,,,,is there a student discount not product support,47,8
Subj: Case 0958 - Laptop overheating (support) and also please provide warranty terms doc.,multiple_intents,,,,laptop overheating support and also please provide warranty terms doc,69,10
Spec sheet for monitor M-900 ver2 pls,product_docs,,,monitor,spec sheet for monitor m 900 ver2 pls,37,8
"Software license portal times out during activation, urgent",technical_support,high,,software license,software license portal times out during activation urgent,58,8
"Hi, when will order 90012 with monitor arrive? tracking says delayed",delivery_issue,medium,90012.0,monitor,hi when will order 90012 with monitor arrive tracking says delayed,66,11
Subj: Case 0878 - Need pricing for 100 cables and also confirm if CAT6-10FT is available now.,multiple_intents,,,,need pricing for 100 cables and also confirm if cat6 10ft is available now,74,14
"Subj: Case 0556 - Please connect me with someone in sales for Colorado, company size 140, soon.",sales_reps,medium,,,please connect me with someone in sales for colorado company size 140 soon,74,13
"We'd like to become a vendor partner. Company: AeroByte Manufacturing, type: manufacturer, region EU (Netherlands).",vendor_registration,,,,we d like to become a vendor partner company aerobyte manufacturing type manufacturer region eu netherlands,107,16
Are keyboards KB-900 in stock? need 10 for office,availability,,,keyboard,are keyboards kb 900 in stock need 10 for office,48,10
"Subj: Case 0644 - Please help return server rack from order 66006, reason parts missing.",return_request,,66006.0,server rack,please help return server rack from order 66006 reason parts missing,68,11
"Subj: Case 0037 - Server rack order 51037 is missing the side panels, pls send whats missing.",delivery_issue,medium,51037.0,server rack,server rack order 51037 is missing the side panels pls send whats missing,73,13
"Can you process my refund? Order 910663, cables were missing from the box. Not sure total, maybe 39.95.",refund_request,,910663.0,,can you process my refund order 910663 cables were missing from the box not sure total maybe 39 95,98,19
"Complaint: server rack bolts missing on delivery, assembly impossible",complaints,,,server rack,complaint server rack bolts missing on delivery assembly impossible,67,9
"Refund req for order 6888203, cables DOA on arrival. $24.50.",refund_request,,6888203.0,,refund req for order 6888203 cables doa on arrival 24 50,56,11
"Requesting invoice for order 77822 period: 2026-01, medium",invoice_request,medium,77822.0,,requesting invoice for order 77822 period 2026 01 medium,56,9
"Subj: Case 0991 - Check availability on RT-POE9 qty 7 and price for qty 7, urgent pls.",multiple_intents,,,,check availability on rt poe9 qty 7 and price for qty 7 urgent pls,66,14
"Pricing request for tablet accessories qty 60, low urgency",pricing,low,,tablet,pricing request for tablet accessories qty 60 low urgency,57,9
Cables arrived damaged (complaint) and I'd like return - order 90707,multiple_intents,,90707.0,,cables arrived damaged complaint and i d like return order 90707,64,11
"Subj: Case 0538 - Please assign a sales rep for APAC (Singapore), enterprise, need pricing asap.",sales_reps,high,,,please assign a sales rep for apac singapore enterprise need pricing asap,73,12
Who is the sales rep for the Pacific Northwest? We are mid-size (about 350 employees) and need to talk this week.,sales_reps,medium,,,who is the sales rep for the pacific northwest we are mid size about 350 employees and need to talk this week,109,22
"Subj: Case 0800 - Your website login page is down for me, is there a maintenance window posted?",out_of_scope,,,,your website login page is down for me is there a maintenance window posted,75,14
Is keyboard AB-2234 in stock? I need 10 asap,availability,,,keyboard,is keyboard ab 2234 in stock i need 10 asap,43,10
"Subj: Case 0455 - Quote + stock check for SR-27U-GLASS2 qty 1, thanks.",pricing_and_availability,medium,,,quote stock check for sr 27u glass2 qty 1 thanks,48,10
"Connect me to sales in UK, company size 50, not urgent",sales_reps,low,,,connect me to sales in uk company size 50 not urgent,52,11
"I need to modify order 60660 to change billing address, order id 60660",order_modification_request,low,60660.0,,i need to modify order 60660 to change billing address order id 60660,69,13
"Need pricing for 30 laptops (midrange, 16GB). pls send quote asap",pricing,high,,laptop (16GB),need pricing for 30 laptops midrange 16gb pls send quote asap,61,11
Subj: Case 0206 - Please send updated aging report; order 62045 line shows $77.77 we cant identify.,credit_and_collections,,62045.0,,please send updated aging report order 62045 line shows 77 77 we cant identify,78,14
"Router WAN port not working, link down despite cables being fine, pls assist.",technical_support,high,,router,router wan port not working link down despite cables being fine pls assist,74,13
Subj: Case 0281 - Order 64015: can you change the tablet color/model to the 256gb version?,order_modification_request,medium,64015.0,,order 64015 can you change the tablet color model to the 256gb version,70,13
Want to return monitor 66400 and also need product docs for warranty claim,multiple_intents,,66400.0,,want to return monitor 66400 and also need product docs for warranty claim,74,13
Looking for rep in UK for 40-person firm medium,sales_reps,medium,,,looking for rep in uk for 40 person firm medium,47,10
"Refund needed for order 55656, amount 89.95, item never shipped and canceled previously.",refund_request,,55656.0,,refund needed for order 55656 amount 89 95 item never shipped and canceled previously,85,14
We got billed twice on order 600512 and I'd like a refund for the extra amount. Also stop the dunning emails pls.,multiple_intents,,600512.0,,we got billed twice on order 600512 and i d like a refund for the extra amount also stop the dunning emails pls,111,23
"Subj: Case 0052 - Printer order 51052 got returned to sender for no reason, pls reship.",delivery_issue,high,51052.0,printer,printer order 51052 got returned to sender for no reason pls reship,67,12
Order 1229077 was delivered to the wrong floor AND now I need a refund for the missing item. What do we do?,multiple_intents,,1229077.0,,order 1229077 was delivered to the wrong floor and now i need a refund for the missing item what do we do,105,22
Need status on order 590118 and also your fastest ship option if it hasn’t gone out yet (we need it before Friday),multiple_intents,,590118.0,,need status on order 590118 and also your fastest ship option if it hasn t gone out yet we need it before friday,112,23
"Need quote + stock check for SKU SW-4410 (software license), qty 10. also what’s the latest version for the install guide?",multiple_intents,,,,need quote stock check for sku sw 4410 software license qty 10 also what s the latest version for the install guide,115,22
"Refund request for order 22778 — amount 59.99, product was defective out of box.",refund_request,,22778.0,,refund request for order 22778 amount 59 99 product was defective out of box,76,14
"We need a sales rep in EMEA — company size 50-100, could someone reach out pls?",sales_reps,medium,,,we need a sales rep in emea company size 50 100 could someone reach out pls,75,16
"Tablet won't power on even after charge, need urgent help.",technical_support,high,,tablet,tablet won t power on even after charge need urgent help,56,11
Can you confirm ship date for order 6022991 and also send product datasheet? Thx.,multiple_intents,,6022991.0,,can you confirm ship date for order 6022991 and also send product datasheet thx,79,14
Where's my monitor order 44777? tracking shows delay and I need for presentation tomorrow,delivery_issue,high,44777.0,monitor,where s my monitor order 44777 tracking shows delay and i need for presentation tomorrow,88,15
"Subj: Case 0278 - Please split order 64011 into 2 shipments (monitors now, cables later).",order_modification_request,medium,64011.0,,please split order 64011 into 2 shipments monitors now cables later,67,11
"Keyboard price for 2 units, medium please",pricing,medium,,keyboard,keyboard price for 2 units medium please,40,7
"Subj: Case 0176 - Credit memo missing for order 62015, you still show $150.00 due.",credit_and_collections,,62015.0,,credit memo missing for order 62015 you still show 150 00 due,61,12
"Keyboard arrived with sticky keys, prob from manufacturing. Very annoyed.",complaints,,,keyboard,keyboard arrived with sticky keys prob from manufacturing very annoyed,70,10
"Subj: Case 0562 - Who is the rep for Arizona? small business 15 employees, thx.",sales_reps,low,,,who is the rep for arizona small business 15 employees thx,58,11
"Sales rep request: region Midwest US, company size 45, want to discuss SLA terms.",sales_reps,medium,,,sales rep request region midwest us company size 45 want to discuss sla terms,77,14
"Subj: Case 0745 - Tech help: router keeps dropping WAN, tried rebooting, need fix asap.",technical_support,high,,router,tech help router keeps dropping wan tried rebooting need fix asap,65,11
"Subj: Case 0674 - Return software license order 66036, reason: key was invalid.",return_request,,66036.0,software license,return software license order 66036 reason key was invalid,58,9
"Double charged on 12123 and the item never arrived, order12123",multiple_intents,,12123.0,,double charged on 12123 and the item never arrived order12123,61,10
"Sales rep request for Midwest US, company size 120, urgent for procurement cycle.",sales_reps,high,,,sales rep request for midwest us company size 120 urgent for procurement cycle,78,13
Sales contact for Iberia? Company size 60.,sales_reps,low,,,sales contact for iberia company size 60,40,7
Order 603559 for a monitor: can you confirm ETA? We have installers coming on Monday.,order_status,,603559.0,monitor,order 603559 for a monitor can you confirm eta we have installers coming on monday,82,15
Register 'RackMasters' as OEM in MEA please,vendor_registration,,,,register rackmasters as oem in mea please,41,7
Do you have SKU CB-21 cables in stock? need 300,availability,,,cables,do you have sku cb 21 cables in stock need 300,46,11
Multiple intents: want availability for SKU PR-101 and also invoice for order 10101,multiple_intents,,10101.0,,multiple intents want availability for sku pr 101 and also invoice for order 10101,82,14
I want refund for order 99333 amount 59.99 reason: defective product,refund_request,,99333.0,,i want refund for order 99333 amount 59 99 reason defective product,67,12
"Subj: Case 0754 - Printer says 'paper jam' but theres no paper, how to clear? not urgent.",technical_support,low,,printer,printer says paper jam but theres no paper how to clear not urgent,66,13
"Printer ink smudges and prints light, ink quality is terrible. Not happy.",complaints,,,printer,printer ink smudges and prints light ink quality is terrible not happy,70,12
"Sales rep request: Toronto area (Canada). We're a 60 person org, need help this week.",sales_reps,medium,,,sales rep request toronto area canada we re a 60 person org need help this week,79,16
Need price + if available for SKU AB-2234 (USB-C cable 1m). qty 150. pls reply today,pricing_and_availability,high,,,need price if available for sku ab 2234 usb c cable 1m qty 150 pls reply today,78,17
I was billed twice for order 510992 (same amount 89.00). Can you refund one of the charges asap,refund_request,,510992.0,,i was billed twice for order 510992 same amount 89 00 can you refund one of the charges asap,92,19
"Subj: Case 0604 - Looking to register as vendor: DeltaRack Installers, business type installer, region US-South.",vendor_registration,,,,looking to register as vendor deltarack installers business type installer region us south,90,13
The courier says delivered yesterday but my router is missing. Order 6670043. Pls assist.,delivery_issue,medium,6670043.0,router,the courier says delivered yesterday but my router is missing order 6670043 pls assist,86,14
"Applying to be a supplier: NorthPeak GmbH, component distributor, DACH region.",vendor_registration,,,,applying to be a supplier northpeak gmbh component distributor dach region,74,11
Printer 18181 missing ink cartridges on delivery,delivery_issue,medium,18181.0,printer,printer 18181 missing ink cartridges on delivery,48,7
"Subj: Case 0027 - Monitor order 51027 arrived w/ wrong power cable (EU plug), need correct one pls.",delivery_issue,medium,51027.0,monitor,monitor order 51027 arrived w wrong power cable eu plug need correct one pls,76,14
"Subj: Case 0262 - Invoice for order 63035 needed today, AP will reject without it.",invoice_request,high,63035.0,,invoice for order 63035 needed today ap will reject without it,62,11
"Subj: Case 0405 - Need pricing on cables qty 10, just checking.",pricing,low,,cables,need pricing on cables qty 10 just checking,43,8
Monitor M-900 availability for 3 units pls,availability,,,monitor,monitor m 900 availability for 3 units pls,42,8
"Hi, can you tell me if order 408116 has shipped yet? It's just some ethernet cables for the lab.",order_status,,408116.0,cables,hi can you tell me if order 408116 has shipped yet it s just some ethernet cables for the lab,93,20
We want to register as a vendor. Company name: NorthBridge IT Services. We’re an LLC in the Midwest (US). What’s the next step?,vendor_registration,,,,we want to register as a vendor company name northbridge it services we re an llc in the midwest us what s the next step,120,25
Where can I find the quick start guide for the tablet? version 1.0 pls.,product_docs,,,tablet,where can i find the quick start guide for the tablet version 1 0 pls,69,15
Charge posted to wrong customer for order 44444 amount 200,credit_and_collections,,44444.0,,charge posted to wrong customer for order 44444 amount 200,58,10
"Pricing for cables — need 500, what's price per meter? Project starts in 2 months.",pricing,low,,cables,pricing for cables need 500 what s price per meter project starts in 2 months,77,15
"Subj: Case 0565 - Who handles sales for Poland? company size 75, not urgent.",sales_reps,low,,,who handles sales for poland company size 75 not urgent,55,10
"Subj: Case 0948 - Availability check for RT-MESH6 qty 1 and also price quote, pls reply soon.",multiple_intents,,,,availability check for rt mesh6 qty 1 and also price quote pls reply soon,73,14
"I'm pretty dissapointed. The printer keeps jamming straight out of the box, like every 3 pages. This is not ok.",complaints,,,printer,i m pretty dissapointed the printer keeps jamming straight out of the box like every 3 pages this is not ok,107,21
Need tech help: router keeps dropping wifi every 10 mins after setup. Can someone help asap?,technical_support,high,,router,need tech help router keeps dropping wifi every 10 mins after setup can someone help asap,89,16
"Subj: Case 0065 - Quick stock question: laptop sku LT-5500, need 1 unit only.",availability,,,laptop,quick stock question laptop sku lt 5500 need 1 unit only,56,11
Could you email invoice for 44044 covering Feb 2026 asap,invoice_request,high,44044.0,,could you email invoice for 44044 covering feb 2026 asap,56,10
Can you swap the router model in order 7422110 to the dual-band version?,order_modification_request,medium,7422110.0,,can you swap the router model in order 7422110 to the dual band version,71,14
"Subj: Case 0665 - Return software license order 66027, reason: duplicate purchase.",return_request,,66027.0,software license,return software license order 66027 reason duplicate purchase,61,8
Order 6402210 has an extra 5.25 charge labeled 'misc'. Why?,credit_and_collections,,6402210.0,,order 6402210 has an extra 5 25 charge labeled misc why,55,11
"Subj: Case 0592 - Vendor setup pls: BlueCanyon Logistics, business type 3PL, region US-West.",vendor_registration,,,,vendor setup pls bluecanyon logistics business type 3pl region us west,70,11
"Subj: Case 0139 - Monitor stand wobbles a lot, feels unsafe.",complaints,,,monitor,monitor stand wobbles a lot feels unsafe,40,7
"Check PN-77 availability for 2 units, low urgency",pricing_and_availability,low,,,check pn 77 availability for 2 units low urgency,48,9
"Need user manual for the tablet, v3 if possible. Thanks!",product_docs,,,tablet,need user manual for the tablet v3 if possible thanks,53,10
"Subj: Case 0766 - Tablet wont join our WiFi (WPA2 enterprise), need help asap.",technical_support,high,,tablet,tablet wont join our wifi wpa2 enterprise need help asap,56,10
Subj: Case 0064 - Need monitor stands/monitor sku MN-7721 avail? qty 2.,availability,,,monitor,need monitor stands monitor sku mn 7721 avail qty 2,51,10
"Subj: Case 0645 - Return for order 66007 keyboard, reason: keys sticking.",return_request,,66007.0,keyboard,return for order 66007 keyboard reason keys sticking,52,8
"Need invoice for 90909 period: 2026-05, medium",invoice_request,medium,90909.0,,need invoice for 90909 period 2026 05 medium,44,8
"Subj: Case 0364 - Tablet order 65044: status check, ordered end of last month.",order_status,,65044.0,tablet,tablet order 65044 status check ordered end of last month,57,10
"Update billing on 80808 to new billing contact, medium pls",order_modification_request,medium,80808.0,,update billing on 80808 to new billing contact medium pls,57,10
"Subj: Case 0255 - Need invoice for order 63030, please include ship-to, thanks.",invoice_request,medium,63030.0,,need invoice for order 63030 please include ship to thanks,58,10
"Subj: Case 0535 - Can you connect me with your Northeast US rep? enterprise (5k staff), urgent.",sales_reps,high,,,can you connect me with your northeast us rep enterprise 5k staff urgent,72,13
"Subj: Case 0025 - keyboard on order 51025 never arrived, only got the monitor in the shipment.",delivery_issue,medium,51025.0,keyboard,keyboard on order 51025 never arrived only got the monitor in the shipment,74,13
"Quick q: SKU MON-27Q2, do you still sell it and how much? Need 6.",pricing_and_availability,low,,,quick q sku mon 27q2 do you still sell it and how much need 6,61,15
Subj: Case 0452 - Need quote + availability for RT-POE9 qty 7 asap.,pricing_and_availability,high,,,need quote availability for rt poe9 qty 7 asap,46,9
"Need user manual for server rack, assembly guide v1.1 if possible.",product_docs,,,server rack,need user manual for server rack assembly guide v1 1 if possible,64,12
"Order 77190 missing parts, monitor stand screws not included. Need them fast.",delivery_issue,medium,77190.0,monitor,order 77190 missing parts monitor stand screws not included need them fast,74,12
"Refund order 57575 amount 350.00 — unit DOA, please process refund quick.",refund_request,,57575.0,,refund order 57575 amount 350 00 unit doa please process refund quick,69,12
"I want to register: GearHouse, wholesaler, region: Africa",vendor_registration,,,,i want to register gearhouse wholesaler region africa,53,8
"Add 3 monitors to order 33433 please, medium urgency",order_modification_request,medium,33433.0,,add 3 monitors to order 33433 please medium urgency,51,9
Can I modify order 88090 to remove the printer and add a monitor instead?,order_modification_request,medium,88090.0,,can i modify order 88090 to remove the printer and add a monitor instead,72,14
"Hey sales, can someone from NA contact us? Large enterprise, 5000 employees, need custom quote",sales_reps,high,,,hey sales can someone from na contact us large enterprise 5000 employees need custom quote,90,15
"I filed a dispute for order 45455, amount 59.00 with collections, please respond",credit_and_collections,,45455.0,,i filed a dispute for order 45455 amount 59 00 with collections please respond,78,14
"Monitor drivers crash on startup, windows reports driver stop code, pls assist urgently.",technical_support,high,,monitor,monitor drivers crash on startup windows reports driver stop code pls assist urgently,85,13
"Subj: Case 0180 - Our account got put on stop ship due to order 62019, amount $95.00, pls advise.",credit_and_collections,,62019.0,,our account got put on stop ship due to order 62019 amount 95 00 pls advise,75,16
Can you help me reset my password for the customer portal? I can't log in and keep getting locked out.,out_of_scope,,,,can you help me reset my password for the customer portal i can t log in and keep getting locked out,100,21
MTR-101 available for 15? low urgency,pricing_and_availability,low,,,mtr 101 available for 15 low urgency,36,7
"Subj: Case 0350 - Printer order 65030 status please, ordered 2026-01-05.",order_status,,65030.0,printer,printer order 65030 status please ordered 2026 01 05,52,9
"Subj: Case 0311 - Order 64045: add note 'call before delivery', urgent because site is gated.",order_modification_request,high,64045.0,,order 64045 add note call before delivery urgent because site is gated,70,12
"Laptop screen flickers after login, odd artifacts appear. Need tech support.",technical_support,medium,,laptop,laptop screen flickers after login odd artifacts appear need tech support,73,11
"Subj: Case 0104 - Laptop availability: sku LT-7580, qty 2 pls confirm.",availability,,,laptop,laptop availability sku lt 7580 qty 2 pls confirm,49,9
Subj: Case 0933 - Monitor arrived w/ missing stand (delivery issue) and we need the mounting instructions doc.,multiple_intents,,,,monitor arrived w missing stand delivery issue and we need the mounting instructions doc,88,14
"Subj: Case 0887 - Need price + availability for sku RT-VPN20 qty 4, and also router setup guide pdf.",multiple_intents,,,,need price availability for sku rt vpn20 qty 4 and also router setup guide pdf,78,15
"Subj: Case 0368 - Printer order 65048: status please, ordered yesterday.",order_status,,65048.0,printer,printer order 65048 status please ordered yesterday,51,7
"Please refund order 55100, amount 89.5 — wrong item shipped",refund_request,,55100.0,,please refund order 55100 amount 89 5 wrong item shipped,56,10
What's your refund policy for unrelated marketplace items? idk where to ask,out_of_scope,,,,what s your refund policy for unrelated marketplace items idk where to ask,74,13
SR-88 server rack in stock for 2 units? medium,pricing_and_availability,medium,,,sr 88 server rack in stock for 2 units medium,45,10
"order status pls? Order 77109 with keyboard, placed yesterday, any eta?",order_status,,77109.0,keyboard,order status pls order 77109 with keyboard placed yesterday any eta,67,11
"Subj: Case 0618 - Request vendor registration: Pacific Tablet Repair, business type service provider, region Japan.",vendor_registration,,,,request vendor registration pacific tablet repair business type service provider region japan,93,12
Request refund for 44555 amt 19.99 reason: accidental order,refund_request,,44555.0,,request refund for 44555 amt 19 99 reason accidental order,58,10
Need refund for 22222 amt 250 reason: canceled order,refund_request,,22222.0,,need refund for 22222 amt 250 reason canceled order,51,9
Subj: Case 0731 - Refund request order 67040 amount 1990 reason: software license not delivered.,refund_request,,67040.0,,refund request order 67040 amount 1990 reason software license not delivered,76,11
"My router is overheating after a week, LED lights go red. Pls help.",technical_support,medium,,router,my router is overheating after a week led lights go red pls help,64,13
"My router firmware update bricked the device, error loop. Need tech support asap",technical_support,high,,router,my router firmware update bricked the device error loop need tech support asap,78,13
"Subj: Case 0141 - Server rack rails are warped, cant mount servers, this is a joke.",complaints,,,server rack,server rack rails are warped cant mount servers this is a joke,62,12
"Looking for pricing on a server rack, qty 1. Not sure on model yet but need a ballpark.",pricing,low,,server rack,looking for pricing on a server rack qty 1 not sure on model yet but need a ballpark,84,18
"The printer keeps jamming every 5 pages, basically unusable. What a mess.",complaints,,,printer,the printer keeps jamming every 5 pages basically unusable what a mess,70,12
Please stop collections on order 60606 we're disputing amount $500,credit_and_collections,,60606.0,,please stop collections on order 60606 we re disputing amount 500,65,11
"Subj: Case 0673 - Please help return tablet order 66035, reason: slow charging + drains overnight.",return_request,,66035.0,tablet,please help return tablet order 66035 reason slow charging drains overnight,75,11
"Looking for pricing on the server rack, qty 2. Need ballpark cost asap pls",pricing,high,,server rack,looking for pricing on the server rack qty 2 need ballpark cost asap pls,72,14
"Subj: Case 0632 - Register vendor: GoldenGate Peripherals, business type distributor, region US-West.",vendor_registration,,,,register vendor goldengate peripherals business type distributor region us west,79,10
"My new router won't connect to internet, firmware keeps crashing, model: router. Need tech support ASAP!!",technical_support,high,,router,my new router won t connect to internet firmware keeps crashing model router need tech support asap,99,17
"Want to return order 52525 — cables not compatible with our gear, pls advise.",return_request,,52525.0,cables,want to return order 52525 cables not compatible with our gear pls advise,73,13
Can I swap the product on order 44555 from monitor to laptop? Order was just placed.,order_modification_request,medium,44555.0,,can i swap the product on order 44555 from monitor to laptop order was just placed,82,16
Subj: Case 0870 - I need a refund on order 68015 (amount 120.00) and also the invoice for records.,multiple_intents,,68015.0,,i need a refund on order 68015 amount 120 00 and also the invoice for records,77,16
"Refund for order 21212 amount 160.00 — item arrived used, not new as expected.",refund_request,,21212.0,,refund for order 21212 amount 160 00 item arrived used not new as expected,74,14
"Need technical doc: software license SLA doc, version 1.0",product_docs,,,software license,need technical doc software license sla doc version 1 0,55,10
Subj: Case 0341 - Printer order 65021: any ETA? placed 2026-02-14.,order_status,,65021.0,printer,printer order 65021 any eta placed 2026 02 14,45,9
"Subj: Case 0656 - Return software license order 66018, reason: cant use with our system.",return_request,,66018.0,software license,return software license order 66018 reason cant use with our system,67,11
Invoice not matching PO for order 55443 — amount discrepancy $45,credit_and_collections,,55443.0,,invoice not matching po for order 55443 amount discrepancy 45,61,10
"Subj: Case 0567 - Sales rep request for South Korea, enterprise, asap.",sales_reps,high,,,sales rep request for south korea enterprise asap,49,8
"Subj: Case 0601 - We'd like vendor onboarding: CopperTrail Cables, business type wholesaler, region US.",vendor_registration,,,,we d like vendor onboarding coppertrail cables business type wholesaler region us,81,12
Invoice shows wrong tax on order 32323 amount 30.5,credit_and_collections,,32323.0,,invoice shows wrong tax on order 32323 amount 30 5,50,10
Subj: Case 0276 - Can you upgrade shipping speed on order 64009? we need it quicker pls.,order_modification_request,high,64009.0,,can you upgrade shipping speed on order 64009 we need it quicker pls,68,13
"Order 12111 showed delivered but missing, also charged extra $20",multiple_intents,,12111.0,,order 12111 showed delivered but missing also charged extra 20,62,10
"Subj: Case 0128 - Router admin UI is so slow it times out, cant manage settings.",complaints,,,router,router admin ui is so slow it times out cant manage settings,60,12
Refund request 45454 amount 49.99 reason: wrong subscription charged,refund_request,,45454.0,,refund request 45454 amount 49 99 reason wrong subscription charged,67,10
"Need a sales rep in the APAC region for our 200-employee company, medium urgency",sales_reps,medium,,,need a sales rep in the apac region for our 200 employee company medium urgency,79,15
"Subj: Case 0313 - Order 64047: change the router quantity from 4 to 3, thanks.",order_modification_request,low,64047.0,,order 64047 change the router quantity from 4 to 3 thanks,57,11
"My laptop on order 560901 arrived damaged, I want to return it. What's the process?",multiple_intents,,560901.0,,my laptop on order 560901 arrived damaged i want to return it what s the process,80,16
"Subj: Case 0475 - Need price/avail for LT-14X2 qty 6, soon pls.",pricing_and_availability,medium,,,need price avail for lt 14x2 qty 6 soon pls,43,10
"I need to update PO number on order 77200, pls change it to PO-9988.",order_modification_request,low,77200.0,,i need to update po number on order 77200 pls change it to po 9988,66,15
Add 10 keyboards to order 12120 pls medium,order_modification_request,medium,12120.0,,add 10 keyboards to order 12120 pls medium,42,8
We got a collections notice for order 99900 but we've been disputing this. pls advise.,credit_and_collections,,99900.0,,we got a collections notice for order 99900 but we ve been disputing this pls advise,84,16
Return the keyboard on order 6112920—wrong switch type.,return_request,,6112920.0,keyboard,return the keyboard on order 6112920 wrong switch type,54,9
"Hey support, I typed the wrong color monitor on order 5928140. Can you switch to the matte black? Need confirm asap.",order_modification_request,high,5928140.0,,hey support i typed the wrong color monitor on order 5928140 can you switch to the matte black need confirm asap,112,21
"Subj: Case 0596 - We want to be a vendor: NovaPrint Services, business type service provider, region US-East.",vendor_registration,,,,we want to be a vendor novaprint services business type service provider region us east,87,15
"Availability check SKU XY-77 for keyboards, qty 8",availability,,,keyboard,availability check sku xy 77 for keyboards qty 8,48,9
"My order 21212 shipments split and part hasn't arrived, its the monitor stand part missing.",delivery_issue,medium,21212.0,monitor,my order 21212 shipments split and part hasn t arrived its the monitor stand part missing,89,16
Subj: Case 0032 - Keyboard order 51032 is showing delivered to 'front desk' but we have no front desk.,delivery_issue,medium,51032.0,keyboard,keyboard order 51032 is showing delivered to front desk but we have no front desk,81,15
Subj: Case 0929 - Need order status for 68059 and also the collections notice is wrong (we paid).,multiple_intents,,68059.0,,need order status for 68059 and also the collections notice is wrong we paid,76,14
Subj: Case 0996 - Return request for order 68101 printer (paper jams) and status of return refund pls.,multiple_intents,,68101.0,,return request for order 68101 printer paper jams and status of return refund pls,81,14
"Subj: Case 0348 - Laptop order 65028 status check, placed 2026-02-20.",order_status,,65028.0,laptop,laptop order 65028 status check placed 2026 02 20,49,9
"Subj: Case 0595 - Vendor onboarding request: Alpine Cable Co., business type manufacturer, region Switzerland.",vendor_registration,,,,vendor onboarding request alpine cable co business type manufacturer region switzerland,87,11
"Need price + availability for SKU QP-7711 (USB-C dock). qty 40, and we kinda need it asap",multiple_intents,,,,need price availability for sku qp 7711 usb c dock qty 40 and we kinda need it asap,83,18
Need SDS / safety sheet for the cable management kit (cables accessory). Which version is current?,product_docs,,,cables,need sds safety sheet for the cable management kit cables accessory which version is current,92,15
Subj: Case 0713 - Pls refund order 67022 amount 88.00 reason: duplicate invoice/payment.,refund_request,,67022.0,,pls refund order 67022 amount 88 00 reason duplicate invoice payment,68,11
Subj: Case 0978 - Printer scan-to-email auth error (support) and need the network setup guide v2.2.,multiple_intents,,,,printer scan to email auth error support and need the network setup guide v2 2,78,15
"Hey, my order 33445 (laptop) still in 'processing' for 5 days. Please update status",order_status,,33445.0,laptop,hey my order 33445 laptop still in processing for 5 days please update status,77,14
"Subj: Case 0308 - Order 64042: can you change invoice email to ap@company.com, thx.",order_modification_request,low,64042.0,,order 64042 can you change invoice email to thx,47,9
Request invoice for order 70700 period: July 2026 urgent,invoice_request,high,70700.0,,request invoice for order 70700 period july 2026 urgent,55,9
Order 77441 for cables — any updates? ordered earlier today,order_status,,77441.0,cables,order 77441 for cables any updates ordered earlier today,56,9
Please email invoice for 80808 covering Apr 2026 asap,invoice_request,high,80808.0,,please email invoice for 80808 covering apr 2026 asap,53,9
"Subj: Case 0274 - Order 64007: please remove the printer from the order, keep the router.",order_modification_request,medium,64007.0,,order 64007 please remove the printer from the order keep the router,68,12
"Need invoice for order 21221 for year end reporting, period FY 2025, asap.",invoice_request,high,21221.0,,need invoice for order 21221 for year end reporting period fy 2025 asap,71,13
Why is there a $3.99 handling fee on order 5907777?,credit_and_collections,,5907777.0,,why is there a 3 99 handling fee on order 5907777,49,11
"Screen on the tablet goes black intermittently, software seems to crash. Need help.",technical_support,medium,,tablet,screen on the tablet goes black intermittently software seems to crash need help,80,13
Price for 1 laptop? Need outright purchase and leasing options too.,pricing,medium,,laptop,price for 1 laptop need outright purchase and leasing options too,65,11
Availability: SKU KBX-2 for keyboards? need 9,availability,,,keyboard,availability sku kbx 2 for keyboards need 9,43,8
"Sales rep for APAC pls, company size is 60 and we want enterprise terms.",sales_reps,medium,,,sales rep for apac pls company size is 60 and we want enterprise terms,70,14
Router is dropping connections (need tech support) and I also want to know if my order 847119 shipped yet.,multiple_intents,,847119.0,,router is dropping connections need tech support and i also want to know if my order 847119 shipped yet,103,19
"Subj: Case 0247 - Need invoices for Jun 2026, no rush but before month-end pls.",invoice_request,medium,,,need invoices for jun 2026 no rush but before month end pls,59,12
Multiple: order 45454 — missing parts AND want vendor registration info,multiple_intents,,45454.0,,multiple order 45454 missing parts and want vendor registration info,68,10
Order 52500 shows partial delivery — monitor arrived but not cables. Fix pls.,delivery_issue,medium,52500.0,monitor,order 52500 shows partial delivery monitor arrived but not cables fix pls,73,12
"Tablet order 77177 is late, courier says delayed. low urgency though",delivery_issue,low,77177.0,tablet,tablet order 77177 is late courier says delayed low urgency though,66,11
Keyboard price for bulk 500 pcs asap,pricing,high,,keyboard,keyboard price for bulk 500 pcs asap,36,7
"Whats the price break if we order 100 ethernet cables? Not super urgent, just planning.",pricing,low,,cables,whats the price break if we order 100 ethernet cables not super urgent just planning,84,15
Can you provide datasheet for printer model P-300 version 2.0?,product_docs,,,printer,can you provide datasheet for printer model p 300 version 2 0,61,12
"Subj: Case 0450 - Need price and if PR-CL-3301 is available, qty 2, thanks.",pricing_and_availability,medium,,,need price and if pr cl 3301 is available qty 2 thanks,54,12
"Subj: Case 0796 - Tablet wont rotate screen (auto-rotate stuck), pls advise soon.",technical_support,medium,,tablet,tablet wont rotate screen auto rotate stuck pls advise soon,59,10
Order 21210 says delivered but recieved only half the items. product: cables,delivery_issue,high,21210.0,cables,order 21210 says delivered but recieved only half the items product cables,74,12
Do you have router RT-2020 in stock? qty 2,availability,,,router,do you have router rt 2020 in stock qty 2,41,10
"This is getting annoying: your website checkout keeps crashing on my phone. Not even placing an order, just browsing.",out_of_scope,,,,this is getting annoying your website checkout keeps crashing on my phone not even placing an order just browsing,113,19
"Subj: Case 0395 - Price quote for 3 monitors, pls send when you can.",pricing,low,,monitor,price quote for 3 monitors pls send when you can,48,10
"Subj: Case 0470 - Need price/availability for SW-LIC-8P qty 7, asap pls.",pricing_and_availability,high,,,need price availability for sw lic 8p qty 7 asap pls,52,11
"Printer driver install fails on Windows 11, error 0x0000011b. Pls advise when you can.",technical_support,medium,,printer,printer driver install fails on windows 11 error 0x0000011b pls advise when you can,83,14
"Sales rep request for region: South America, we're 300 employees and expanding.",sales_reps,medium,,,sales rep request for region south america we re 300 employees and expanding,76,13
"Subj: Case 0548 - Need a sales rep for Brazil, we are 1200 employees, soon pls.",sales_reps,medium,,,need a sales rep for brazil we are 1200 employees soon pls,58,12
Order 5901129 claims $39 due but we settled—please fix.,credit_and_collections,,5901129.0,,order 5901129 claims 39 due but we settled please fix,53,10
Subj: Case 0812 - Can you confirm your support hours for weekends? thanks!,out_of_scope,,,,can you confirm your support hours for weekends thanks,54,9
Do you offer bulk donation discounts for nonprofits?,out_of_scope,,,,do you offer bulk donation discounts for nonprofits,51,8
"Where's order 65656 with routers? ETA needed, deployment scheduled",order_status,,65656.0,router,where s order 65656 with routers eta needed deployment scheduled,64,10
"Subj: Case 0361 - Order 65041 cables: status request, ordered 3 days ago.",order_status,,65041.0,cables,order 65041 cables status request ordered 3 days ago,52,9
"Subj: Case 0166 - Order 62005 got sent to collections?? we never recieved the invoice, amount says 999.95.",credit_and_collections,,62005.0,,order 62005 got sent to collections we never recieved the invoice amount says 999 95,84,15
Can you send the invoice for order 6601429 covering Feb–Mar 2025? Need it today pls.,invoice_request,high,6601429.0,,can you send the invoice for order 6601429 covering feb mar 2025 need it today pls,82,16
"Can I cancel order 66555? Not shipped yet, low urgency",order_modification_request,low,66555.0,,can i cancel order 66555 not shipped yet low urgency,52,10
Subj: Case 0922 - Need product docs for laptop warranty and also the invoice for order 68053.,multiple_intents,,68053.0,,need product docs for laptop warranty and also the invoice for order 68053,74,13
Who covers the Northeast? We're ~200 ppl and want a demo.,sales_reps,low,,,who covers the northeast we re 200 ppl and want a demo,54,12
Complaint about keyboard quality + want a sales rep for bulk purchase,multiple_intents,,,,complaint about keyboard quality want a sales rep for bulk purchase,67,11
Subj: Case 0476 - RT-EDGE13: please provide quote and availability qty 2 asap.,pricing_and_availability,high,,,rt edge13 please provide quote and availability qty 2 asap,58,10
"Quote req: SKU XZ9981 for 40 units, we’re comparing vendors, need by tomorrow morning.",pricing_and_availability,high,,,quote req sku xz9981 for 40 units we re comparing vendors need by tomorrow morning,82,15
"Hi, what’s the unit price on 3 tablets? Please respond today if possible.",pricing,high,,tablet,hi what s the unit price on 3 tablets please respond today if possible,70,14
"Subj: Case 0417 - Tablet quote qty 12, pls respond asap.",pricing,high,,tablet,tablet quote qty 12 pls respond asap,36,7
My laptop keyboard backlight flickers only on battery. annoying,technical_support,low,,laptop,my laptop keyboard backlight flickers only on battery annoying,62,9
Where to send press inquiries? media request,out_of_scope,,,,where to send press inquiries media request,43,7
Order 14141 — can you change delivery date to next Monday? thanks,order_modification_request,low,14141.0,,order 14141 can you change delivery date to next monday thanks,62,11
"Subj: Case 0678 - Return monitor order 66040, reason: wont wake from sleep reliably.",return_request,,66040.0,monitor,return monitor order 66040 reason wont wake from sleep reliably,63,10
"Can I get product brochure for server rack, structural specs, v1.0 pls",product_docs,,,server rack,can i get product brochure for server rack structural specs v1 0 pls,68,13
Need pricing for 12 monitors and also the datasheet/spec sheet so our IT lead can approve. Not urgent but soon.,multiple_intents,,,,need pricing for 12 monitors and also the datasheet spec sheet so our it lead can approve not urgent but soon,109,21
Subj: Case 0882 - Can you get me the invoice for 68024 and tell me when that order will ship?,multiple_intents,,68024.0,,can you get me the invoice for 68024 and tell me when that order will ship,74,16
Please process refund 33456 amount 45.5 reason: duplicate charge,refund_request,,33456.0,,please process refund 33456 amount 45 5 reason duplicate charge,63,10
Need price + stock for SKU LK-999 qty 12 asap for demo units.,pricing_and_availability,high,,,need price stock for sku lk 999 qty 12 asap for demo units,58,13
My monitor power button stuck and won't power on. order 20202,technical_support,high,,monitor,my monitor power button stuck and won t power on order 20202,60,12
"Subj: Case 0055 - Do you have AB-2234 router in stock? Need qty 3, pls confirm.",availability,,,router,do you have ab 2234 router in stock need qty 3 pls confirm,58,13
"My software license key won't activate, error code 502. Pls help.",technical_support,high,,software license,my software license key won t activate error code 502 pls help,62,12
Need pricing+availability for SKU LP-88 qty 8 urgent for demo next week.,pricing_and_availability,high,,,need pricing availability for sku lp 88 qty 8 urgent for demo next week,71,14
Subj: Case 0074 - Is software license sku SW-ENT-01 available for qty 30?,availability,,,software license,is software license sku sw ent 01 available for qty 30,54,11
"Order 996120: want to return the printer, it arrived but we already purchased another brand.",return_request,,996120.0,printer,order 996120 want to return the printer it arrived but we already purchased another brand,89,15
"Delivery issue: order 18282 left at side door but house locked, worried it's stolen",delivery_issue,high,18282.0,,delivery issue order 18282 left at side door but house locked worried it s stolen,81,15
Order 70709 status? It contained cables needed for critical networking today.,order_status,,70709.0,cables,order 70709 status it contained cables needed for critical networking today,75,11
"I got a chargeback notice for order 81818. Amount 599.00, pls sort with collections",credit_and_collections,,81818.0,,i got a chargeback notice for order 81818 amount 599 00 pls sort with collections,81,15
"Order 88221 — need to split shipment into 2 deliveries, pls modify",order_modification_request,medium,88221.0,,order 88221 need to split shipment into 2 deliveries pls modify,63,11
Subj: Case 0492 - Can you send the keyboard datasheet? i cant find it online.,product_docs,,,keyboard,can you send the keyboard datasheet i cant find it online,57,11
"Router rsa token auth failing after update, can't get into admin. Need urgent support.",technical_support,high,,router,router rsa token auth failing after update can t get into admin need urgent support,83,15
"Need invoice for 99999 Q2 2026, pls hurry",invoice_request,high,99999.0,,need invoice for 99999 q2 2026 pls hurry,40,8
Where can I find the manual for the router? need product docs version 2,product_docs,,,router,where can i find the manual for the router need product docs version 2,70,14
"Pricing for 10 monitors, low priority",pricing,low,,monitor,pricing for 10 monitors low priority,36,6
"Subj: Case 0084 - Laptop LT-5562 sku LT-5562, need 2 units, are they in stock now?",availability,,,laptop,laptop lt 5562 sku lt 5562 need 2 units are they in stock now,61,14
Subj: Case 0712 - Requesting refund order 67021 amount 59.00 reason: wrong keyboard shipped.,refund_request,,67021.0,,requesting refund order 67021 amount 59 00 reason wrong keyboard shipped,72,11
"Subj: Case 0248 - invoice for order 63024, pls attach again, cant open the last file.",invoice_request,medium,63024.0,,invoice for order 63024 pls attach again cant open the last file,64,12
"Subj: Case 0820 - Please stop calling me, i never opted in, its getting annoying.",out_of_scope,,,,please stop calling me i never opted in its getting annoying,60,11
"Subj: Case 0581 - Need rep for Denmark, startup 9 ppl, whenever.",sales_reps,low,,,need rep for denmark startup 9 ppl whenever,43,8
"Checking statuz on order 519990 (monitor). needed for install next Tue, pls confirm",order_status,,519990.0,monitor,checking statuz on order 519990 monitor needed for install next tue pls confirm,79,13
recieved wrong item in order 22445 — got cables instead of keyboard. return pleease,return_request,,22445.0,keyboard,recieved wrong item in order 22445 got cables instead of keyboard return pleease,80,13
Please: invoice for 7022991 and also confirm stock of SKU KB-9090.,multiple_intents,,7022991.0,,please invoice for 7022991 and also confirm stock of sku kb 9090,64,12
Is software license SL-5 available? Need 15 licenses,availability,,,software license,is software license sl 5 available need 15 licenses,51,9
KB-100 keyboards available for 250 pcs,availability,,,keyboard,kb 100 keyboards available for 250 pcs,38,7
Is this support for event bookings? Asking because I need venue recs.,out_of_scope,,,,is this support for event bookings asking because i need venue recs,67,12
"Please add our company to vendor list: Global Parts Inc, wholesaler, region: EU",vendor_registration,,,,please add our company to vendor list global parts inc wholesaler region eu,75,13
"Subj: Case 0091 - Server rack sku SR-12U-WALL, need 2, do you have stock?",availability,,,server rack,server rack sku sr 12u wall need 2 do you have stock,52,12
Looking to become a supplier—KiteRun Logistics (we do warehousing + last-mile). Region: Southeast US,vendor_registration,,,,looking to become a supplier kiterun logistics we do warehousing last mile region southeast us,94,15
"Looking for rep in EU for enterprise 5000+ employees, not urgent",sales_reps,low,,,looking for rep in eu for enterprise 5000 employees not urgent,62,11
"Subj: Case 0059 - Need 25 ethernet cables, sku CB-100M, you got them on hand?",availability,,,cables,need 25 ethernet cables sku cb 100m you got them on hand,56,12
Price for 10 server racks? Include assembly and installation costs pls.,pricing,medium,,server rack,price for 10 server racks include assembly and installation costs pls,69,11
Subj: Case 0079 - Is KB-MECH-1 keyboard available? need qty 20 for a rollout.,availability,,,keyboard,is kb mech 1 keyboard available need qty 20 for a rollout,57,12
"Subj: Case 0225 - Re-send invoice for order 63008, previous PDF was corrupted :(",invoice_request,medium,63008.0,,re send invoice for order 63008 previous pdf was corrupted,58,10
Refund request for order 23234 amount 420.00 — item arrived faulty and used.,refund_request,,23234.0,,refund request for order 23234 amount 420 00 item arrived faulty and used,73,13
Subj: Case 0724 - Refund pls for order 67033 amount 260.00 reason: wrong tax charged.,refund_request,,67033.0,,refund pls for order 67033 amount 260 00 reason wrong tax charged,65,12
"MTR-202 monitors availability for 30, low urgency",pricing_and_availability,low,,,mtr 202 monitors availability for 30 low urgency,48,8
Order 906772 for a monitor is arriving way later than promised... we needed it for a setup tomorrow. Any chance to speed this up?,delivery_issue,high,906772.0,monitor,order 906772 for a monitor is arriving way later than promised we needed it for a setup tomorrow any chance to speed this up,124,24
"We have a billing question about order 33312 and late fees charged, pls explain — amount 75.",credit_and_collections,,33312.0,,we have a billing question about order 33312 and late fees charged pls explain amount 75,88,16
Subj: Case 0822 - Can you provide your company legal name + address for our supplier database?,out_of_scope,,,,can you provide your company legal name address for our supplier database,73,12
"Need to know if SKU SW-11 software license supports SSO, qty 10",availability,,,software license,need to know if sku sw 11 software license supports sso qty 10,62,13
Please remove the extended warranty from order 873400 (laptop). Not urgent just fix it when u can.,order_modification_request,low,873400.0,,please remove the extended warranty from order 873400 laptop not urgent just fix it when u can,94,17
Subj: Case 0873 - Collections is emailing about order 68017 but we never got the shipment (delivery issue).,multiple_intents,,68017.0,,collections is emailing about order 68017 but we never got the shipment delivery issue,86,14
"We got a past due notice for order 45454 but payment was mailed, need confirmation.",credit_and_collections,,45454.0,,we got a past due notice for order 45454 but payment was mailed need confirmation,81,15
Vendor regs: I want to register Acme Supplies as a vendor. We're a distributor in US,vendor_registration,,,,vendor regs i want to register acme supplies as a vendor we re a distributor in us,82,17
"Subj: Case 0571 - Please assign a rep for Italy, mid-market 900 employees, soon.",sales_reps,medium,,,please assign a rep for italy mid market 900 employees soon,59,11
Who is the sales rep for Pacific Northwest? We’re a mid-size company (~300 ppl) and need to talk this week,sales_reps,medium,,,who is the sales rep for pacific northwest we re a mid size company 300 ppl and need to talk this week,102,22
Is laptop model ZB-11 in stock? need 1 asap,availability,,,laptop,is laptop model zb 11 in stock need 1 asap,42,10
Subj: Case 0980 - Need order status for 68091 router and also price for 50 routers (bulk) urgent.,multiple_intents,,68091.0,,need order status for 68091 router and also price for 50 routers bulk urgent,76,14
"Subj: Case 0224 - Need invoice for order 63007, pls include tax breakdown.",invoice_request,medium,63007.0,,need invoice for order 63007 pls include tax breakdown,54,9
"Subj: Case 0285 - Order 64019: pls add 1 extra keyboard to the same order, asap before it ships.",order_modification_request,high,64019.0,,order 64019 pls add 1 extra keyboard to the same order asap before it ships,75,15
"Update billing info on 45454 because contact changed, low priority",order_modification_request,low,45454.0,,update billing info on 45454 because contact changed low priority,65,10
Subj: Case 0066 - Are PR-4411 printers backordered or available? need qty 3 pls.,availability,,,printer,are pr 4411 printers backordered or available need qty 3 pls,60,11
"Subj: Case 0520 - Monitor user guide pdf pls, any version is fine.",product_docs,,,monitor,monitor user guide pdf pls any version is fine,46,9
Keyboard not connecting via Bluetooth. tried resets. low urgency,technical_support,low,,keyboard,keyboard not connecting via bluetooth tried resets low urgency,62,9
Subj: Case 0936 - Router wifi drops (complaint) and i need tech support to stabilize it asap.,multiple_intents,,,,router wifi drops complaint and i need tech support to stabilize it asap,72,13
"Subj: Case 0500 - Need a teardown/repair guide for laptop, maybe service manual?",product_docs,,,laptop,need a teardown repair guide for laptop maybe service manual,60,10
"Subj: Case 0775 - Router keeps reverting config after reboot, need fix asap.",technical_support,high,,router,router keeps reverting config after reboot need fix asap,56,9
"Subj: Case 0404 - Monitor pricing for qty 2, send quote whenever.",pricing,low,,monitor,monitor pricing for qty 2 send quote whenever,45,8
"Subj: Case 0772 - Software license portal shows 'subscription expired' but we just bought, urgent.",technical_support,high,,software license,software license portal shows subscription expired but we just bought urgent,76,11
"Hey team, could you send invoices for Jan 2026 + Feb 2026? If only one period allowed then start with Jan 2026.",invoice_request,medium,,,hey team could you send invoices for jan 2026 feb 2026 if only one period allowed then start with jan 2026,106,21
"We need local rep in Brazil, around 60 people, medium pls",sales_reps,medium,,,we need local rep in brazil around 60 people medium pls,55,11
Where tf is order 67890? shows out for delivery but nothing. Very frustrated.,delivery_issue,high,67890.0,,where tf is order 67890 shows out for delivery but nothing very frustrated,74,13
"Subj: Case 0183 - We got a notice for order 62022 about $13.40, feels like a mistake.",credit_and_collections,,62022.0,,we got a notice for order 62022 about 13 40 feels like a mistake,64,14
"Subj: Case 0053 - Server rack order 51053 is missing the key/lock, can you send it out?",delivery_issue,medium,51053.0,server rack,server rack order 51053 is missing the key lock can you send it out,67,14
Subj: Case 0865 - Where is order 68011 server rack (status) + we need liftgate added please.,multiple_intents,,68011.0,,where is order 68011 server rack status we need liftgate added please,69,12
"Subj: Case 0385 - Need quote for printer qty 5, urgent because project kicks off tomorrow.",pricing,high,,printer,need quote for printer qty 5 urgent because project kicks off tomorrow,70,12
"Quote for 12 monitors, low prio",pricing,low,,monitor,quote for 12 monitors low prio,30,6
Subj: Case 0717 - Please refund order 67026 amount 95.00 reason: return approved last week.,refund_request,,67026.0,,please refund order 67026 amount 95 00 reason return approved last week,71,12
Subj: Case 0966 - Printer wifi not connecting (support) and also we want to cancel order 68083 if not shipped.,multiple_intents,,68083.0,,printer wifi not connecting support and also we want to cancel order 68083 if not shipped,89,16
"Vendor registration: NovaParts, retailer, region: Spain. What docs required?",vendor_registration,,,,vendor registration novaparts retailer region spain what docs required,70,9
When will laptop 32323 ship? ordered 2 days ago,order_status,,32323.0,laptop,when will laptop 32323 ship ordered 2 days ago,46,9
"Cancel order 67676 as we found alternate supplier, low urgency",order_modification_request,low,67676.0,,cancel order 67676 as we found alternate supplier low urgency,61,10
Subj: Case 0369 - Monitor order 65049: any update? ordered 14 days ago.,order_status,,65049.0,monitor,monitor order 65049 any update ordered 14 days ago,50,9
"Tablet app crashes during startup. need help, medium priority",technical_support,medium,,tablet,tablet app crashes during startup need help medium priority,59,9
"I got a bill I don't recognize for order 55213, pls explain",credit_and_collections,,55213.0,,i got a bill i don t recognize for order 55213 pls explain,58,13
"Quote + stock for SKU SR-8844 qty 2, need quick turnaround.",pricing_and_availability,high,,,quote stock for sku sr 8844 qty 2 need quick turnaround,55,11
Order 88881 for monitor — any shipment updates? placed 2 weeks back,order_status,,88881.0,monitor,order 88881 for monitor any shipment updates placed 2 weeks back,64,11
"Subj: Case 0331 - Order 65011 router: status check, ordered Monday.",order_status,,65011.0,router,order 65011 router status check ordered monday,46,7
"Subj: Case 0987 - Need sales rep for Australia and quote for 30 tablets, soon pls.",multiple_intents,,,,need sales rep for australia and quote for 30 tablets soon pls,62,12
"Subj: Case 0175 - Our remittance was sent but order 62014 still open $410.00, pls reconcile.",credit_and_collections,,62014.0,,our remittance was sent but order 62014 still open 410 00 pls reconcile,71,13
"My cables arrived short and useless for setup, very annoyed with QA.",complaints,,,cables,my cables arrived short and useless for setup very annoyed with qa,66,12
"Subj: Case 0463 - Need pricing/avail for ET-6A-06 cables qty 60, urgent pls.",pricing_and_availability,high,,,need pricing avail for et 6a 06 cables qty 60 urgent pls,56,12
"Router setup issue - can't get WAN to connect, keeps saying ""no IP"". Any troubleshooting steps?",technical_support,medium,,router,router setup issue can t get wan to connect keeps saying no ip any troubleshooting steps,88,16
Subj: Case 0841 - Can you update your Google Maps listing? it shows wrong hours.,out_of_scope,,,,can you update your google maps listing it shows wrong hours,60,11
LP-900 laptops in stock? qty 3,availability,,,laptop,lp 900 laptops in stock qty 3,29,7
"Looking for a server rack, not sure sku, but the 42U one—how many units are avail right now? Need 2.",availability,,,server rack,looking for a server rack not sure sku but the 42u one how many units are avail right now need 2,96,21
Subj: Case 0938 - Order 68064: delivery is late and i need to cancel if it wont arrive by Friday.,multiple_intents,,68064.0,,order 68064 delivery is late and i need to cancel if it wont arrive by friday,77,16
"SKU AB-2234 price and stock? Need 5, medium",pricing_and_availability,medium,,,sku ab 2234 price and stock need 5 medium,41,9
"Price for 4 high-res monitors, pls send by noon.",pricing,high,,monitor,price for 4 high res monitors pls send by noon,46,10
"Return request for order 90901 — monitor has dead pixel cluster, want return.",return_request,,90901.0,monitor,return request for order 90901 monitor has dead pixel cluster want return,73,12
Invoice for 66000 missing and order 66000 is delayed — please check,multiple_intents,,66000.0,,invoice for 66000 missing and order 66000 is delayed please check,65,11
User manual for cables? Looking for wiring diagram v1.2 please.,product_docs,,,cables,user manual for cables looking for wiring diagram v1 2 please,61,11
Angry here: cables fray after 2 days of use. Not ok.,complaints,,,cables,angry here cables fray after 2 days of use not ok,49,11
"Returned laptop under order 14100, want refund amount 1299.00 reason: defective battery",refund_request,,14100.0,,returned laptop under order 14100 want refund amount 1299 00 reason defective battery,85,13
"Two things: I need invoice for order 5701123, and also what's stock like for SKU AB-2234? Thx.",multiple_intents,,5701123.0,,two things i need invoice for order 5701123 and also what s stock like for sku ab 2234 thx,90,19
"Router keeps rebooting every few hours. Model: router, pls escalte",technical_support,high,,router,router keeps rebooting every few hours model router pls escalte,63,10
"Subj: Case 0838 - I have a question about my taxes, do i need to file quarterly? (not sure who to ask).",out_of_scope,,,,i have a question about my taxes do i need to file quarterly not sure who to ask,80,18
Invoice request: order 204667. Could you send it within the next hour? Thanks.,invoice_request,high,204667.0,,invoice request order 204667 could you send it within the next hour thanks,74,13
I want product brochure for keyboard model KX-3 version 3.2 if u have it.,product_docs,,,keyboard,i want product brochure for keyboard model kx 3 version 3 2 if u have it,72,16
"Looking for price on printer, qty 1. not urgent",pricing,low,,printer,looking for price on printer qty 1 not urgent,45,9
"Looking for troubleshooting guide for keyboard firmware update v1.4, send pls.",product_docs,,,keyboard,looking for troubleshooting guide for keyboard firmware update v1 4 send pls,76,12
Out of scope: asking about personal device repair — not part of service,out_of_scope,,,,out of scope asking about personal device repair not part of service,68,12
Can you send invoice for 44500 and check status of that order? 44500,multiple_intents,,44500.0,,can you send invoice for 44500 and check status of that order 44500,67,13
"Tablet overheats during video calls, urgent for presentation",technical_support,high,,tablet,tablet overheats during video calls urgent for presentation,59,8
Subj: Case 0380 - How much for keyboards in qty 25? we need pricing asap pls.,pricing,high,,keyboard,how much for keyboards in qty 25 we need pricing asap pls,57,12
"Monitor backlight bleeding all across, unacceptable",complaints,,,monitor,monitor backlight bleeding all across unacceptable,50,6
We want pricing for 100 laptops and need vendor registration form,multiple_intents,,,,we want pricing for 100 laptops and need vendor registration form,65,11
Tracking hasn't moved in 5 days. Order 6804412 for the tablet. This is getting silly.,delivery_issue,medium,6804412.0,tablet,tracking hasn t moved in 5 days order 6804412 for the tablet this is getting silly,82,16
I need to return laptop order 70707 - cracked hinge on arrival,return_request,,70707.0,laptop,i need to return laptop order 70707 cracked hinge on arrival,60,11
"I want spec sheet for keyboard, version 2025",product_docs,,,keyboard,i want spec sheet for keyboard version 2025,43,8
"Subj: Case 0484 - Please send warranty terms for laptop, current version pls.",product_docs,,,laptop,please send warranty terms for laptop current version pls,57,9
"Subj: Case 0760 - Router VPN feature not working, we need it for remote staff, urgent pls.",technical_support,high,,router,router vpn feature not working we need it for remote staff urgent pls,69,13
"Subj: Case 0329 - Need order update: 65009 software license, purchased today, no key yet.",order_status,,65009.0,software license,need order update 65009 software license purchased today no key yet,67,11
The printer ink you sent is leaking in the bag… how does that even ship like this. total mess.,complaints,,,printer ink,the printer ink you sent is leaking in the bag how does that even ship like this total mess,91,19
"Monitor flickers randomly over HDMI, tried different cable already. Need a fix asap, it's making ppl nauseous.",technical_support,high,,monitor,monitor flickers randomly over hdmi tried different cable already need a fix asap it s making ppl nauseous,106,18
I placed order 33145 for keyboard but tracking says delivered to neighbor? can't find it. odd. help,delivery_issue,medium,33145.0,keyboard,i placed order 33145 for keyboard but tracking says delivered to neighbor can t find it odd help,96,18
Requesting refund for order 44110 — charged twice. amount: 499.99,refund_request,,44110.0,,requesting refund for order 44110 charged twice amount 499 99,61,10
"My order 30330 got cancelled without notice, product laptop. Not happy",complaints,,,laptop,my order 30330 got cancelled without notice product laptop not happy,68,11
"Subj: Case 0085 - Looking for router sku RT-MESH5, qty 1, is it available?",availability,,,router,looking for router sku rt mesh5 qty 1 is it available,53,11
Subj: Case 0861 - Need invoice for order 68008 and btw the balance notice says $59 due but we paid.,multiple_intents,,68008.0,,need invoice for order 68008 and btw the balance notice says 59 due but we paid,79,16
"Subj: Case 0410 - Laptop pricing qty 40, can you send a formal quote? urgent.",pricing,high,,laptop,laptop pricing qty 40 can you send a formal quote urgent,56,11
"Received wrong item for order 33120 — I ordered cables but got a keyboard, want refund.",refund_request,,33120.0,,received wrong item for order 33120 i ordered cables but got a keyboard want refund,83,15
"Subj: Case 0195 - We keep getting the same overdue email for order 62034 ($59.00), can you stop it.",credit_and_collections,,62034.0,,we keep getting the same overdue email for order 62034 59 00 can you stop it,76,16
"Can I return the tablet from order 862944? We ordered the wrong model, unopened still.",return_request,,862944.0,tablet,can i return the tablet from order 862944 we ordered the wrong model unopened still,83,15
"Subj: Case 0448 - Need pricing/avail on SR-18U-SLIM2 qty 2, no rush.",pricing_and_availability,low,,,need pricing avail on sr 18u slim2 qty 2 no rush,48,11
"Subj: Case 0061 - Availability check: KB-88X keyboard, qty 12, pls.",availability,,,keyboard,availability check kb 88x keyboard qty 12 pls,45,8
"Do you have SKU AB-2234 in stock? It's the keyboard we bought last time, need 12 units if possible.",availability,,,keyboard,do you have sku ab 2234 in stock it s the keyboard we bought last time need 12 units if possible,96,21
"Subj: Case 0126 - Software license terms changed after purchase, feels like a bait n switch.",complaints,,,software license,software license terms changed after purchase feels like a bait n switch,72,12
Super annoyed: printer ink smears everywhere even after drying.,complaints,,,printer,super annoyed printer ink smears everywhere even after drying,61,9
Can you upgrade shipping on order 916773 to overnight? we need the tablet by tomorow morning,order_modification_request,high,916773.0,,can you upgrade shipping on order 916773 to overnight we need the tablet by tomorow morning,91,16
Subj: Case 0705 - Need refund for order 67014 amount 333.33 reason: printer returned unopened.,refund_request,,67014.0,,need refund for order 67014 amount 333 33 reason printer returned unopened,74,12
"I'm really upset—the tablet battery dies in 45 mins, totally unusable.",complaints,,,tablet,i m really upset the tablet battery dies in 45 mins totally unusable,68,13
Invoice missing for 81818 and we also need status update for that order,multiple_intents,,81818.0,,invoice missing for 81818 and we also need status update for that order,71,13
Subj: Case 0973 - Return request order 68087 tablet + also dispute collections email about it.,multiple_intents,,68087.0,,return request order 68087 tablet also dispute collections email about it,73,11
"My printer keeps jamming every 3 pages, even with new paper. Need help asap!!",technical_support,high,,printer,my printer keeps jamming every 3 pages even with new paper need help asap,73,14
"Subj: Case 0773 - Keyboard backlight controls not working, fn key does nothing.",technical_support,low,,keyboard,keyboard backlight controls not working fn key does nothing,59,9
Complaint: keyboard arrived dirty. Also need refund for order 66700,multiple_intents,,66700.0,,complaint keyboard arrived dirty also need refund for order 66700,65,10
"Subj: Case 0115 - Keyboard keys stick after 2 weeks, honestly feels cheap.",complaints,,,keyboard,keyboard keys stick after 2 weeks honestly feels cheap,54,9
"Assign someone in MEA for 800 headcount, urgent pls",sales_reps,high,,,assign someone in mea for 800 headcount urgent pls,50,9
"Cables failed EMI compliance tests, causing downtime",complaints,,,cables,cables failed emi compliance tests causing downtime,51,7
"Subj: Case 0809 - Please update my account name spelling, its wrong in the portal, thanks.",out_of_scope,,,,please update my account name spelling its wrong in the portal thanks,69,12
Please refund 12321 amount 199.99 reason: order cancelled by seller,refund_request,,12321.0,,please refund 12321 amount 199 99 reason order cancelled by seller,66,11
"Need price+availability for SKU RT-44 qty 7, project deadline soon.",pricing_and_availability,high,,,need price availability for sku rt 44 qty 7 project deadline soon,65,12
Laptop battery melted slightly!! This is crazy,complaints,,,laptop,laptop battery melted slightly this is crazy,44,7
Need availability for SKU PR-2001 (printer). Qty 6.,availability,,,printer,need availability for sku pr 2001 printer qty 6,47,9
"Hi team, vendor registration request for ""Sapphire Retail Group"". We're a retailer in Australia, how do we start?",vendor_registration,,,,hi team vendor registration request for sapphire retail group we re a retailer in australia how do we start,107,19
"Can't change payment method on 99212? pls switch to PO# 555, high prio",order_modification_request,high,99212.0,,can t change payment method on 99212 pls switch to po 555 high prio,67,14
Do you sponsor local robotics teams? We’re looking for donations for a school event next month,out_of_scope,,,,do you sponsor local robotics teams we re looking for donations for a school event next month,93,17
Laptop won't boot after update. black screen. please help,technical_support,high,,laptop,laptop won t boot after update black screen please help,55,10
"I was charged tax incorrectly on order 88888 amount 49.00, collections notified me",credit_and_collections,,88888.0,,i was charged tax incorrectly on order 88888 amount 49 00 collections notified me,81,14
"Pricing: tablet qty 25, want discount? urgent for rollout",pricing,high,,tablet,pricing tablet qty 25 want discount urgent for rollout,54,9
"Subj: Case 0513 - Monitor color calibration guide, can you send it?",product_docs,,,monitor,monitor color calibration guide can you send it,47,8
"Our printer delivery never came, but your site says delivered yesterday 4:12pm. Order 4487711. I'm pretty frustrated.",delivery_issue,high,4487711.0,printer,our printer delivery never came but your site says delivered yesterday 4 12pm order 4487711 i m pretty frustrated,113,19
"Monitor power supply burned smell after plugging in, extremely unsafe, complaint.",complaints,,,monitor,monitor power supply burned smell after plugging in extremely unsafe complaint,78,11
"Subj: Case 0156 - Printer makes grinding noise, sounds like it will break.",complaints,,,printer,printer makes grinding noise sounds like it will break,54,9
"Please register vendor: SupplyWorks, distributor, region: NA",vendor_registration,,,,please register vendor supplyworks distributor region na,56,7
"I want to return printer 40040 because it won't power on, order40040",return_request,,40040.0,printer,i want to return printer 40040 because it won t power on order40040,67,13
"Subj: Case 0816 - Your site accessibility (contrast) is hard to use, please fix for ADA.",out_of_scope,,,,your site accessibility contrast is hard to use please fix for ada,66,12
Who is our sales rep in EMEA? need contact asap,sales_reps,high,,,who is our sales rep in emea need contact asap,46,10
"RT-88 qty 4 price check, not urgent",pricing_and_availability,low,,,rt 88 qty 4 price check not urgent,34,8
"Subj: Case 0657 - Need RMA for laptop order 66019, reason: trackpad glitchy.",return_request,,66019.0,laptop,need rma for laptop order 66019 reason trackpad glitchy,55,9
Do you have the manual for the router AND is it in stock? SKU RT-AXE6600. need 5,multiple_intents,,,,do you have the manual for the router and is it in stock sku rt axe6600 need 5,78,18
Subj: Case 0960 - Need availability for LT-13AIR qty 9 and also price per unit for that qty.,multiple_intents,,,,need availability for lt 13air qty 9 and also price per unit for that qty,73,15
Is SKU CB-300 cables in stock? Need 100 asap,availability,,,cables,is sku cb 300 cables in stock need 100 asap,43,10
Are keyboards KB-55 available? Need 25 pcs for office,availability,,,keyboard,are keyboards kb 55 available need 25 pcs for office,52,10
Can you provide legal counsel on contracts? not your job,out_of_scope,,,,can you provide legal counsel on contracts not your job,55,10
"Hey, random question about holiday party — can you send catering options?",out_of_scope,,,,hey random question about holiday party can you send catering options,69,11
Need the datasheet for the server rack AND can you connect me to a sales rep for California? We're ~300 ppl.,multiple_intents,,,,need the datasheet for the server rack and can you connect me to a sales rep for california we re 300 ppl,105,22
Subj: Case 0249 - Can i have the invoice for order 63025? thanks.,invoice_request,low,63025.0,,can i have the invoice for order 63025 thanks,45,9
Subj: Case 0975 - Invoice for order 68088 pls and also the balance notice says we owe $13.40 (why?).,multiple_intents,,68088.0,,invoice for order 68088 pls and also the balance notice says we owe 13 40 why,77,16
"We need a sales rep for EU, company size 1200, medium",sales_reps,medium,,,we need a sales rep for eu company size 1200 medium,51,11
My payment for order 24011 hasn't been applied and I got a collection notice. Amount due shows 1200.00,credit_and_collections,,24011.0,,my payment for order 24011 hasn t been applied and i got a collection notice amount due shows 1200 00,101,20
Return request: order 589104 (keyboard). Keys stick and it’s unusable. pls advise next steps,return_request,,589104.0,keyboard,return request order 589104 keyboard keys stick and it s unusable pls advise next steps,87,15
Return keyboard 50505 order#50505 reason: missing keys,return_request,,50505.0,keyboard,return keyboard 50505 order 50505 reason missing keys,53,8
"Subj: Case 0888 - Collections says order 68028 is overdue but we never got invoice, pls resend invoice and fix AR.",multiple_intents,,68028.0,,collections says order 68028 is overdue but we never got invoice pls resend invoice and fix ar,94,17
Do you have installation manual for the server rack? version 2 pls.,product_docs,,,server rack,do you have installation manual for the server rack version 2 pls,65,12
Subj: Case 0853 - Can you quote 10 monitors and confirm if sku MN-7722 is actually in stock? urgent.,multiple_intents,,,,can you quote 10 monitors and confirm if sku mn 7722 is actually in stock urgent,80,16
"Sales rep contact for APAC region pls, we're a startup (30 ppl) and need reseller pricing.",sales_reps,medium,,,sales rep contact for apac region pls we re a startup 30 ppl and need reseller pricing,86,17
"Software license throws error code 403 when activating, pls help",technical_support,medium,,software license,software license throws error code 403 when activating pls help,63,10
"Subj: Case 0187 - Order 62026 was cancelled but you still show $499.00 due, can you clear it?",credit_and_collections,,62026.0,,order 62026 was cancelled but you still show 499 00 due can you clear it,72,15
"Subj: Case 0702 - I want a refund for order 67011, amount 760.00, reason: router firmware bricked.",refund_request,,67011.0,,i want a refund for order 67011 amount 760 00 reason router firmware bricked,76,14
SKU AB-1010 available? need 11 units,availability,,,keyboard,sku ab 1010 available need 11 units,35,7
Payment failed for order 88009 but you marked it overdue. Fix balance pls,credit_and_collections,,88009.0,,payment failed for order 88009 but you marked it overdue fix balance pls,72,13
Query about credit memo for order 45400 amount 75,credit_and_collections,,45400.0,,query about credit memo for order 45400 amount 75,49,9
Can you provide a user manual for printer P-900 model version 3,product_docs,,,printer,can you provide a user manual for printer p 900 model version 3,63,13
"Subj: Case 0460 - For PR-SCAN-5, can you confirm price and if it's in stock? qty 1.",pricing_and_availability,low,,,for pr scan 5 can you confirm price and if it s in stock qty 1,62,16
"Assign sales contact for US-based 5-person startup, low prio",sales_reps,low,,,assign sales contact for us based 5 person startup low prio,59,11
"Hey, how do I get invoice for order 12233 for June? thanks",invoice_request,low,12233.0,,hey how do i get invoice for order 12233 for june thanks,56,12
Software license didn't unlock pro features after payment. pissed,complaints,,,software license,software license didn t unlock pro features after payment pissed,64,10
"Subj: Case 0396 - Need pricing for cables qty 200, looking for bulk discount asap.",pricing,high,,cables,need pricing for cables qty 200 looking for bulk discount asap,62,11
Can you tell me price per unit for SKU LM-300 for qty 15? Need it for quote.,pricing_and_availability,low,,,can you tell me price per unit for sku lm 300 for qty 15 need it for quote,74,18
"My laptop wifi adapter failed after update, can't connect to networks. Help pls.",technical_support,high,,laptop,my laptop wifi adapter failed after update can t connect to networks help pls,77,14
do you have tablet TL-900 in stock? want 5 units,availability,,,tablet,do you have tablet tl 900 in stock want 5 units,47,11
"What's price for 20 tablets? Need per unit and bulk discounts, urgent procurement.",pricing,high,,tablet,what s price for 20 tablets need per unit and bulk discounts urgent procurement,79,14
Are you hiring? pls tell me open roles! thanks,out_of_scope,,,,are you hiring pls tell me open roles thanks,44,9
"Cables causing packet loss on network, medium urgency",technical_support,medium,,cables,cables causing packet loss on network medium urgency,52,8
"Please email invoice for order 55500 for FY 2025, urgent for audit.",invoice_request,high,55500.0,,please email invoice for order 55500 for fy 2025 urgent for audit,65,12
"Subj: Case 0755 - Laptop webcam not recognized in Teams, drivers? need fix asap.",technical_support,high,,laptop,laptop webcam not recognized in teams drivers need fix asap,59,10
Pricing and availability for SKU GH-77? need qty 7,pricing_and_availability,low,,,pricing and availability for sku gh 77 need qty 7,49,10
"Invoice for order 60606 needed for fiscal year 2024, urgent for audit",invoice_request,high,60606.0,,invoice for order 60606 needed for fiscal year 2024 urgent for audit,68,12
Subj: Case 0959 - Cancel order 68078 and also check if we can get invoice for already shipped cables.,multiple_intents,,68078.0,,cancel order 68078 and also check if we can get invoice for already shipped cables,82,15
Need to update address on order 6602207 to 45 King St.,order_modification_request,medium,6602207.0,,need to update address on order 6602207 to 45 king st,53,11
"Need price for 100 ethernet cables, and any lead time? Kinda time sensitive.",pricing,medium,,cables,need price for 100 ethernet cables and any lead time kinda time sensitive,73,13
"Subj: Case 0840 - Your contact form throws an error 500, cant submit, annoying.",out_of_scope,,,,your contact form throws an error 500 cant submit annoying,58,10
I need to modify order 22334 — remove the software license and add a monitor instead.,order_modification_request,medium,22334.0,,i need to modify order 22334 remove the software license and add a monitor instead,82,15
"I need invoice for order 90012 covering last month, low priority",invoice_request,low,90012.0,,i need invoice for order 90012 covering last month low priority,63,11
Need to return monitor order 44590 — scratches on screen,return_request,,44590.0,monitor,need to return monitor order 44590 scratches on screen,54,9
We need to dispute a charge for order 88777 amount 75.00,credit_and_collections,,88777.0,,we need to dispute a charge for order 88777 amount 75 00,56,12
"Subj: Case 0658 - Return router order 66020, reason: firmware update bricked it.",return_request,,66020.0,router,return router order 66020 reason firmware update bricked it,59,9
"Price check: 2 laptops, need quote today.",pricing,high,,laptop,price check 2 laptops need quote today,38,7
Subj: Case 0927 - Please send invoice for order 68057 and confirm delivery ETA (its late).,multiple_intents,,68057.0,,please send invoice for order 68057 and confirm delivery eta its late,69,12
"Laptop fans are loud and overheating, urgent fix pls",technical_support,high,,laptop,laptop fans are loud and overheating urgent fix pls,51,9
"Subj: Case 0544 - Can you connect sales for New York? we are ~500 ppl, need a quote soon.",sales_reps,medium,,,can you connect sales for new york we are 500 ppl need a quote soon,67,15
"We are a new vendor hoping to register: GreenCircuits, reseller, region: LATAM.",vendor_registration,,,,we are a new vendor hoping to register greencircuits reseller region latam,74,12
Pricing & availability for SKU RT-100 qty 14 — deadline imminent for phase 1.,pricing_and_availability,high,,,pricing availability for sku rt 100 qty 14 deadline imminent for phase 1,72,13
"Hi, order 296104 for monitor was canceled but my card still shows a pending charge. Need refund pls.",refund_request,,296104.0,,hi order 296104 for monitor was canceled but my card still shows a pending charge need refund pls,97,18
"Need to change delivery method for order 44500 from ground to express, order 44500.",order_modification_request,high,44500.0,,need to change delivery method for order 44500 from ground to express order 44500,81,14
"Subj: Case 0149 - The network cables fail a cert test, cant use them in our build.",complaints,,,cables,the network cables fail a cert test cant use them in our build,62,13
"Subj: Case 0132 - Server rack paint is peeling right away, looks used, not acceptable.",complaints,,,server rack,server rack paint is peeling right away looks used not acceptable,65,11
Can you quote pricing for 20 routers AND tell me if SKU R-200X is in stock? We need to decide today.,multiple_intents,,,,can you quote pricing for 20 routers and tell me if sku r 200x is in stock we need to decide today,98,22
Requesting a return label for cables from order 540118. We ended up not needing them after project got canceled.,return_request,,540118.0,cables,requesting a return label for cables from order 540118 we ended up not needing them after project got canceled,110,19
"Subj: Case 0573 - Who handles sales for Quebec? company size 310, urgent for renewal.",sales_reps,high,,,who handles sales for quebec company size 310 urgent for renewal,64,11
"Subj: Case 0642 - Return request: order 66004 monitor, reason screen flickers out of box.",return_request,,66004.0,monitor,return request order 66004 monitor reason screen flickers out of box,68,11
Subj: Case 0739 - Please refund order 67048 amount 450.50 reason: late fee applied but paid on time.,refund_request,,67048.0,,please refund order 67048 amount 450 50 reason late fee applied but paid on time,80,15
"Subj: Case 0707 - Please refund order 67016 for 77.77, reason: monitor stand missing & returned.",refund_request,,67016.0,,please refund order 67016 for 77 77 reason monitor stand missing returned,73,12
Subj: Case 0914 - Need refund for order 68048 amount 95.00 and also please cancel any remaining shipment.,multiple_intents,,68048.0,,need refund for order 68048 amount 95 00 and also please cancel any remaining shipment,86,15
Pls update order 961773 quantity for monitors from 10 down to 8. We overestimated.,order_modification_request,low,961773.0,,pls update order 961773 quantity for monitors from 10 down to 8 we overestimated,80,14
"Please send invoice for order 32300 for Q4 2025, we need for quarterly close.",invoice_request,high,32300.0,,please send invoice for order 32300 for q4 2025 we need for quarterly close,75,14
"Order 25252 delivered but screen protector missing, hinges loose. Not good.",delivery_issue,medium,25252.0,tablet,order 25252 delivered but screen protector missing hinges loose not good,72,11
I'd like to return the software license from order 7922018—wrong edition purchased.,return_request,,7922018.0,software license,i d like to return the software license from order 7922018 wrong edition purchased,82,14
Order 44567 missing and we'd like to cancel plus get refund,multiple_intents,,44567.0,,order 44567 missing and we d like to cancel plus get refund,59,12
"Subj: Case 0133 - Keyboard arrived and spacebar rattles like crazy, feels broken.",complaints,,,keyboard,keyboard arrived and spacebar rattles like crazy feels broken,61,9
"I'd like to return the keyboard from order 471905, keys are too loud for our office.",return_request,,471905.0,keyboard,i d like to return the keyboard from order 471905 keys are too loud for our office,82,17
"Delivery went to the wrong suite again—left with someone in 2A, we’re 2C. Order 778041 (router). pls fix",delivery_issue,high,778041.0,router,delivery went to the wrong suite again left with someone in 2a we re 2c order 778041 router pls fix,99,20
"Subj: Case 0783 - Router port forwarding not working, need it for a camera system asap.",technical_support,high,,router,router port forwarding not working need it for a camera system asap,67,12
"Subj: Case 0607 - Need vendor account: ByteBridge Distribution, business type distributor, region Netherlands.",vendor_registration,,,,need vendor account bytebridge distribution business type distributor region netherlands,88,10
"Subj: Case 0552 - Sales contact for Spain, mid-size 180 employees, not urgent.",sales_reps,low,,,sales contact for spain mid size 180 employees not urgent,57,10
"Out of scope: I need gardening tips, not related to your products",out_of_scope,,,,out of scope i need gardening tips not related to your products,63,12
KB-9 keyboards available for 100 units? pls advise,availability,,,keyboard,kb 9 keyboards available for 100 units pls advise,49,9
"Subj: Case 0437 - Price + availability for RT-AC78 router sku, qty 2, asap pls.",pricing_and_availability,high,,,price availability for rt ac78 router sku qty 2 asap pls,56,11
"We disputed invoice for order 88001 — amount 2400 charged incorrectly, pls advise.",credit_and_collections,,88001.0,,we disputed invoice for order 88001 amount 2400 charged incorrectly pls advise,78,12
"Who do we talk to for California state contracts? we’re a large public agency, need response today",sales_reps,high,,,who do we talk to for california state contracts we re a large public agency need response today,96,18
Subj: Case 0885 - Need refund order 68026 amount 35.00 AND can you confirm return was recieved?,multiple_intents,,68026.0,,need refund order 68026 amount 35 00 and can you confirm return was recieved,76,14
Refund request: order 90901 amount 14.00 for returned adapter,refund_request,,90901.0,,refund request order 90901 amount 14 00 for returned adapter,60,10
Multiple issues: 12876 — got wrong item (tablet) and also want refund. Pls advise.,multiple_intents,,12876.0,,multiple issues 12876 got wrong item tablet and also want refund pls advise,75,13
"Checking on order 44500 (printer). it's been 3 days, any update?",order_status,,44500.0,printer,checking on order 44500 printer it s been 3 days any update,59,12
Can you help install our third-party software? not about your products,out_of_scope,,,,can you help install our third party software not about your products,69,12
Is the laptop LX-200 in stock? need two for demo,availability,,,laptop,is the laptop lx 200 in stock need two for demo,47,11
"Subj: Case 0216 - Can i get the invoice copy for order 63002? i misplaced it, no rush.",invoice_request,low,63002.0,,can i get the invoice copy for order 63002 i misplaced it no rush,65,14
"Subj: Case 0267 - Need invoice for order 63039 urgently, payment run is in 1 hour.",invoice_request,high,63039.0,,need invoice for order 63039 urgently payment run is in 1 hour,62,12
When will order 7001145 (cables) ship? Need them early next week.,order_status,,7001145.0,cables,when will order 7001145 cables ship need them early next week,61,11
"Subj: Case 0660 - Return monitor order 66022, reason: backlight bleed is bad.",return_request,,66022.0,monitor,return monitor order 66022 reason backlight bleed is bad,56,9
"Subj: Case 0394 - Quote for printer qty 1 pls, need by tomorrow morning.",pricing,medium,,printer,quote for printer qty 1 pls need by tomorrow morning,52,10
"Subj: Case 0622 - Vendor onboarding request: AlpineWare Laptops, business type manufacturer, region Austria.",vendor_registration,,,,vendor onboarding request alpineware laptops business type manufacturer region austria,86,10
"Can you split shipment on order 5419922? Keyboard and cables can ship now, monitor can wait.",order_modification_request,low,5419922.0,,can you split shipment on order 5419922 keyboard and cables can ship now monitor can wait,89,16
Return the laptop from order 6405023—screen cracked.,return_request,,6405023.0,laptop,return the laptop from order 6405023 screen cracked,51,8
Need availability for AB-2234 and vendor registration info for our company,multiple_intents,,,,need availability for ab 2234 and vendor registration info for our company,74,12
"Subj: Case 0424 - Server rack pricing qty 6, not urgent but need for budget next week.",pricing,medium,,server rack,server rack pricing qty 6 not urgent but need for budget next week,66,13
"Server rack arrived missing mounting brackets, really poor QC",complaints,,,server rack,server rack arrived missing mounting brackets really poor qc,60,9
Is the laptop model with SKU LT-5500 in stock? Need 3 units for Monday.,availability,,,laptop,is the laptop model with sku lt 5500 in stock need 3 units for monday,69,15
"Vendor onboarding pls—Skyline Networks Ltd, we're a systems integrator in EMEA.",vendor_registration,,,,vendor onboarding pls skyline networks ltd we re a systems integrator in emea,77,13
"The monitor is flickering and also has a dead pixel, honestly not impressed. What can you do?",multiple_intents,,,,the monitor is flickering and also has a dead pixel honestly not impressed what can you do,90,17
"Software license quote for 200 seats, medium urgency",pricing,medium,,software license,software license quote for 200 seats medium urgency,51,8
"Need pricing on keyboards 200 units for a bulk buy, low urgency",pricing,low,,keyboard,need pricing on keyboards 200 units for a bulk buy low urgency,62,12
"Invoice resend for 14141 covering Dec 2025, low urgency",invoice_request,low,14141.0,,invoice resend for 14141 covering dec 2025 low urgency,54,9
"Need availability of tablet model TAB-22, qty 6 for a pilot program next month.",availability,,,tablet,need availability of tablet model tab 22 qty 6 for a pilot program next month,77,15
"Subj: Case 0099 - Tablet TB-KIDS? (sku TB-EDU10) need 20, can you confirm stock pls.",availability,,,tablet,tablet tb kids sku tb edu10 need 20 can you confirm stock pls,61,13
"Invoice needed for order 45400 covering March 2025, urgent for tax filing",invoice_request,high,45400.0,,invoice needed for order 45400 covering march 2025 urgent for tax filing,72,12
Where's the quickstart for router RT-2020 v2 pls,product_docs,,,router,where s the quickstart for router rt 2020 v2 pls,48,10
Subj: Case 0706 - Refund pls order 67015 amount 640.00 reason: server rack arrived bent.,refund_request,,67015.0,,refund pls order 67015 amount 640 00 reason server rack arrived bent,68,12
"Pricing for printer toner qty 40, low priority",pricing,low,,printer,pricing for printer toner qty 40 low priority,45,8
I need to split shipment for order 44007 into two deliveries,order_modification_request,medium,44007.0,,i need to split shipment for order 44007 into two deliveries,60,11
"Subj: Case 0322 - Can you check order status for 65002 router, ordered 2 days ago.",order_status,,65002.0,router,can you check order status for 65002 router ordered 2 days ago,62,12
"Subj: Case 0671 - Need return for server rack order 66033, reason: paint peeling.",return_request,,66033.0,server rack,need return for server rack order 66033 reason paint peeling,60,10
"Subj: Case 0177 - We got double billed for order 62016, total showing $2400.00, pls fix.",credit_and_collections,,62016.0,,we got double billed for order 62016 total showing 2400 00 pls fix,66,13
"Do you have SKU AB-2234 on hand? It's the HDMI cables pack. I need around 25 pcs, let me know.",availability,,,cables,do you have sku ab 2234 on hand it s the hdmi cables pack i need around 25 pcs let me know,90,22
"Subj: Case 0009 - Received the wrong item for order 51009 (got cables, not the router), pls fix asap.",delivery_issue,high,51009.0,router,received the wrong item for order 51009 got cables not the router pls fix asap,78,15
"Order 66213 arrived damaged, want to return the tablet, cracked screen. Please arrange RMA.",return_request,,66213.0,tablet,order 66213 arrived damaged want to return the tablet cracked screen please arrange rma,87,14
"Subj: Case 0007 - My keyboard from order 51007 is marked delivered but reception says nope, pls investigate.",delivery_issue,medium,51007.0,keyboard,my keyboard from order 51007 is marked delivered but reception says nope pls investigate,88,14
"Price quote for 6 routers, please include discount for education org — thanks.",pricing,low,,router,price quote for 6 routers please include discount for education org thanks,74,12
"Hi, we keep getting past-due notices for order 552190 but we already paid last week. Can you stop the collections emails?",credit_and_collections,,552190.0,,hi we keep getting past due notices for order 552190 but we already paid last week can you stop the collections emails,118,22
Subj: Case 0939 - Need invoice for order 68065 and also request refund 18.75 for duplicate shipping charge.,multiple_intents,,68065.0,,need invoice for order 68065 and also request refund 18 75 for duplicate shipping charge,88,15
Can sales rep for enterprise APAC contact me? We're 1200 employees and need custom pricing,sales_reps,high,,,can sales rep for enterprise apac contact me we re 1200 employees and need custom pricing,89,16
"We were double billed for order 50505 and item not delivered, order50505",multiple_intents,,50505.0,,we were double billed for order 50505 and item not delivered order50505,71,12
Are monitors model MX-1 in stock? SKU MX1-01 need 7,availability,,,monitor,are monitors model mx 1 in stock sku mx1 01 need 7,50,12
"User guide for keyboard KBL-2 version 1.0 missing some shortcuts, plz send full doc.",product_docs,,,keyboard,user guide for keyboard kbl 2 version 1 0 missing some shortcuts plz send full doc,82,16
I'd like to return software license 30333 — reason: unauthorized charge,return_request,,30333.0,software license,i d like to return software license 30333 reason unauthorized charge,68,11
Router overheats and reboots constantly. Total garbage,complaints,,,router,router overheats and reboots constantly total garbage,53,7
"Pricing & stock for SKU SV-999 qty 500, long lead time ok, need formal quote.",pricing_and_availability,low,,,pricing stock for sku sv 999 qty 500 long lead time ok need formal quote,72,15
"I keep getting billed interest on order 23200 amount 15.00, not fair, pls remove",credit_and_collections,,23200.0,,i keep getting billed interest on order 23200 amount 15 00 not fair pls remove,78,15
Request refund: order 57575 $75 reason: service not provided,refund_request,,57575.0,,request refund order 57575 75 reason service not provided,57,9
"Subj: Case 0530 - Tablet warranty doc for model TB-A19, latest pls.",product_docs,,,tablet,tablet warranty doc for model tb a19 latest pls,47,9
Do you have SKU XZ9981 in stock and what’s the unit cost for 20? (it’s the 24-port router/switch combo),pricing_and_availability,medium,,,do you have sku xz9981 in stock and what s the unit cost for 20 it s the 24 port router switch combo,100,23
Can you confirm SKU UV-200 availability and price for 3 units?,pricing_and_availability,low,,,can you confirm sku uv 200 availability and price for 3 units,61,12
"Subj: Case 0283 - Order 64017: reduce qty from 10 cables to 6, rest not needed.",order_modification_request,medium,64017.0,,order 64017 reduce qty from 10 cables to 6 rest not needed,58,12
"Subj: Case 0246 - Please send invoice for order 63023, we never got it (maybe wrong email).",invoice_request,medium,63023.0,,please send invoice for order 63023 we never got it maybe wrong email,69,13
"Subj: Case 0558 - Who handles sales for UAE? we are enterprise, need quote ASAP.",sales_reps,high,,,who handles sales for uae we are enterprise need quote asap,59,11
"Subj: Case 0174 - Why are we being threatened with collections over order 62013, amount is $199.99??",credit_and_collections,,62013.0,,why are we being threatened with collections over order 62013 amount is 199 99,78,14
SR-7 in stock? need 2 urgently,pricing_and_availability,high,,,sr 7 in stock need 2 urgently,29,7
Order 8802142 shows shipped but I'm missing the invoice for it. Can you confirm delivery ETA + invoice copy?,multiple_intents,,8802142.0,,order 8802142 shows shipped but i m missing the invoice for it can you confirm delivery eta invoice copy,104,19
Subj: Case 0881 - Need to return printer order 68023 AND also complain: print quality is awful.,multiple_intents,,68023.0,,need to return printer order 68023 and also complain print quality is awful,75,13
"Cost for 6 printers pls, medium",pricing,medium,,printer,cost for 6 printers pls medium,30,6
Cables causing intermittent signal loss. please advise tech steps,technical_support,medium,,cables,cables causing intermittent signal loss please advise tech steps,64,9
Refund 10101 amount 19.99 because accidental purchase,refund_request,,10101.0,,refund 10101 amount 19 99 because accidental purchase,53,8
"Change shipping on order 60606 to expedited overnight, pls do this evening.",order_modification_request,high,60606.0,,change shipping on order 60606 to expedited overnight pls do this evening,73,12
"I need a refund for order #4309118, the monitor was returned already. Amount should be $329.99.",refund_request,,4309118.0,,i need a refund for order 4309118 the monitor was returned already amount should be 329 99,90,17
"Subj: Case 0243 - Please email invoices for May 2026, thanks.",invoice_request,low,,,please email invoices for may 2026 thanks,41,7
"Hey team, pricing and availability for AB-2234? Need 5 units urgently",pricing_and_availability,high,,,hey team pricing and availability for ab 2234 need 5 units urgently,67,12
"Subj: Case 0123 - Server rack door hinge is crooked, doesnt close right, unacceptable.",complaints,,,server rack,server rack door hinge is crooked doesnt close right unacceptable,65,10
"Subj: Case 0441 - Price/avail for keyboard KB-MECH-2 qty 30, pls reply asap.",pricing_and_availability,high,,,price avail for keyboard kb mech 2 qty 30 pls reply asap,56,12
"Subj: Case 0393 - Router price for qty 1, just need a ballpark.",pricing,low,,router,router price for qty 1 just need a ballpark,43,9
PN-2000 printers availability 3 units,availability,,,printer,pn 2000 printers availability 3 units,37,6
"Looking for a sales contact for Ontario, Canada. We're a 60-person shop and need help picking routers asap.",sales_reps,high,,,looking for a sales contact for ontario canada we re a 60 person shop and need help picking routers asap,104,20
Can you tell me the statuz of order 780902 AND change the ship-to address before it goes out? i typed it wrong,multiple_intents,,780902.0,,can you tell me the statuz of order 780902 and change the ship to address before it goes out i typed it wrong,109,23
"Subj: Case 0409 - Software license quote qty 20, need by EOD pls.",pricing,high,,software license,software license quote qty 20 need by eod pls,45,9
"Subj: Case 0041 - Tablet order 51041 says delivered to mailbox but we dont have one, pls help.",delivery_issue,high,51041.0,tablet,tablet order 51041 says delivered to mailbox but we dont have one pls help,74,14
"Pricing & availability for SKU MN-222 qty 25, urgent for store opening.",pricing_and_availability,high,,,pricing availability for sku mn 222 qty 25 urgent for store opening,67,12
"Subj: Case 0022 - My router order 51022 is stuck at 'processing' for days, did it even ship?",delivery_issue,medium,51022.0,router,my router order 51022 is stuck at processing for days did it even ship,70,14
"Subj: Case 0789 - Tablet MDM enrollment fails, need steps asap for deployment.",technical_support,high,,tablet,tablet mdm enrollment fails need steps asap for deployment,58,9
Need documentation: tablet user guide version 3.2,product_docs,,,tablet,need documentation tablet user guide version 3 2,48,8
Subj: Case 0708 - Refund request: order 67017 amount 22.00 reason: finance charge not valid.,refund_request,,67017.0,,refund request order 67017 amount 22 00 reason finance charge not valid,71,12
Can sales rep in EMEA reach out? medium company ~300 ppl,sales_reps,medium,,,can sales rep in emea reach out medium company 300 ppl,54,11
"Subj: Case 0241 - Can you send invoice for order 63019, need for expense report, not urgent.",invoice_request,low,63019.0,,can you send invoice for order 63019 need for expense report not urgent,71,13
Quickstart for tablet TB-100 ver1.0 needed,product_docs,,,tablet,quickstart for tablet tb 100 ver1 0 needed,42,8
"Share FCC cert for the router model, rev 2024-05.",product_docs,,,router,share fcc cert for the router model rev 2024 05,47,10
"Subj: Case 0864 - Need to return order 68010 tablet and request refund $299.99, reason: overheating.",multiple_intents,,68010.0,,need to return order 68010 tablet and request refund 299 99 reason overheating,78,13
"Hi, can I get pricing for SKU MN-999 for monitors qty 20 ASAP",pricing_and_availability,high,,,hi can i get pricing for sku mn 999 for monitors qty 20 asap,60,14
Late fee applied to 22222 should be waived amount 15,credit_and_collections,,22222.0,,late fee applied to 22222 should be waived amount 15,52,10
"Check price/stock SKU SW-5000, qty 20, urgent need.",pricing_and_availability,high,,,check price stock sku sw 5000 qty 20 urgent need,48,10
"Subj: Case 0346 - Tablet order 65026: ordered 6 days ago, no email updates, can you check?",order_status,,65026.0,tablet,tablet order 65026 ordered 6 days ago no email updates can you check,68,13
"Monitor arrived with cracked bezel, order 19190. Really disappointed in packaging.",complaints,,,monitor,monitor arrived with cracked bezel order 19190 really disappointed in packaging,79,11
"Subj: Case 0849 - Please remove my phone number from your directory, privacy thing.",out_of_scope,,,,please remove my phone number from your directory privacy thing,63,10
"Subj: Case 0934 - Need refund order 68062 amount 22.00 for wrong fee, and also send corrected invoice.",multiple_intents,,68062.0,,need refund order 68062 amount 22 00 for wrong fee and also send corrected invoice,82,15
"My cables arrived frayed and some pins bent, order 55460. This is unacceptable.",complaints,,,cables,my cables arrived frayed and some pins bent order 55460 this is unacceptable,76,13
Subj: Case 0279 - Need to combine order 64012 and 64013 into one shipment if possible.,order_modification_request,medium,64012.0,,need to combine order 64012 and 64013 into one shipment if possible,67,12
What are the pricing tiers for buying 100 vs 500 keyboards? Need numbers for CFO.,pricing,low,,keyboard,what are the pricing tiers for buying 100 vs 500 keyboards need numbers for cfo,79,15
Order status for 12100 — did the printer ship? placed last week,order_status,,12100.0,printer,order status for 12100 did the printer ship placed last week,60,11
"Subj: Case 0086 - Need monitor sku MN-WIDE34, qty 4, do you have them?",availability,,,monitor,need monitor sku mn wide34 qty 4 do you have them,49,11
"We received a collections email for order 32323 but we have a dispute open, pls stop.",credit_and_collections,,32323.0,,we received a collections email for order 32323 but we have a dispute open pls stop,83,16
router RT-88 stock? We plan to buy 4,availability,,,router,router rt 88 stock we plan to buy 4,35,9
Order 45678 software license status pls — purchased today,order_status,,45678.0,software license,order 45678 software license status pls purchased today,55,8
"Subj: Case 0753 - Router admin password reset link not working, getting looped, pls assist.",technical_support,medium,,router,router admin password reset link not working getting looped pls assist,70,11
order status: 21212 shipped? when will monitor arrive? placed 3 days ago,order_status,,21212.0,monitor,order status 21212 shipped when will monitor arrive placed 3 days ago,69,12
Recieved damaged screen on tablet order 52525 — request return,return_request,,52525.0,tablet,recieved damaged screen on tablet order 52525 request return,60,9
"Printer won't print even though ink full. pls help, not urgent",technical_support,low,,printer,printer won t print even though ink full pls help not urgent,60,12
Return the server rack in order 6442090—wrong size.,return_request,,6442090.0,server rack,return the server rack in order 6442090 wrong size,50,9
Payment posted to wrong account for order 11100 pls fix,credit_and_collections,,11100.0,,payment posted to wrong account for order 11100 pls fix,55,10
"Subj: Case 0774 - Tablet audio not working in Zoom, tried reboot, still silent, pls help.",technical_support,medium,,tablet,tablet audio not working in zoom tried reboot still silent pls help,67,12
"What's the price for 3 server racks? Need breakdown w/ shipping costs, thanks.",pricing,medium,,server rack,what s the price for 3 server racks need breakdown w shipping costs thanks,74,14
"Subj: Case 0316 - Need to cancel order 64050 asap, it was a test order.",order_modification_request,high,64050.0,,need to cancel order 64050 asap it was a test order,51,11
"Weird charge on account for order 17171, amount shows 75.00, please investigate collections issue",credit_and_collections,,17171.0,,weird charge on account for order 17171 amount shows 75 00 please investigate collections issue,95,15
"pls confirm availability of monitor model QW-11 SKU QM11-77, need 1",availability,,,monitor,pls confirm availability of monitor model qw 11 sku qm11 77 need 1,66,13
Pricing & availability for SKU CB-12 qty 100 — need confirmed lead times this week.,pricing_and_availability,high,,,pricing availability for sku cb 12 qty 100 need confirmed lead times this week,78,14
"My printer driver crashes on install, windows 10, error logs attached (cant attach here).",technical_support,medium,,printer,my printer driver crashes on install windows 10 error logs attached cant attach here,84,14
"Return request pls: order 728406, keyboard. Keys feel mushy and user hates it, want to send back.",return_request,,728406.0,keyboard,return request pls order 728406 keyboard keys feel mushy and user hates it want to send back,92,17
"Hey, can you cancel order 448201? It's for a tablet and we placed it by mistake, pls do it before it ships.",order_modification_request,high,448201.0,,hey can you cancel order 448201 it s for a tablet and we placed it by mistake pls do it before it ships,103,23
Subj: Case 0892 - Return request for order 68031 router and also please send return label + invoice copy.,multiple_intents,,68031.0,,return request for order 68031 router and also please send return label invoice copy,84,14
"Subj: Case 0421 - Printer quote qty 3, pls send asap.",pricing,high,,printer,printer quote qty 3 pls send asap,33,7
"Subj: Case 0356 - Software license order 65036: still waiting for activation email, ordered Monday morning.",order_status,,65036.0,software license,software license order 65036 still waiting for activation email ordered monday morning,86,12
"Hi, I’m applying for a job—where do i send my resume? your careers page 404s",out_of_scope,,,,hi i m applying for a job where do i send my resume your careers page 404s,74,17
"Subj: Case 0627 - Request to register as vendor: Summit Network Gear, business type distributor, region US-Northeast.",vendor_registration,,,,request to register as vendor summit network gear business type distributor region us northeast,95,14
Returning the router from order 7051342—missing antennas.,return_request,,7051342.0,router,returning the router from order 7051342 missing antennas,56,8
We need a rep in Southern Europe. Company size 300.,sales_reps,low,,,we need a rep in southern europe company size 300,49,10
I need to confirm delivery date for order 6902204 and also tweak quantity to 6.,multiple_intents,,6902204.0,,i need to confirm delivery date for order 6902204 and also tweak quantity to 6,78,15
"Subj: Case 0589 - Vendor registration: SkyNet Office Gear LLC, we are a wholesaler, region EU (Germany).",vendor_registration,,,,vendor registration skynet office gear llc we are a wholesaler region eu germany,80,13
Keyboard order 11335 never arrived despite confirmation. pls check,delivery_issue,medium,11335.0,keyboard,keyboard order 11335 never arrived despite confirmation pls check,65,9
"Refund needed for 7003110, router missing parts. $129.00.",refund_request,,7003110.0,,refund needed for 7003110 router missing parts 129 00,53,9
Quote for 30 laptops asap,pricing,high,,laptop,quote for 30 laptops asap,25,5
Do you carry SKU RK-3300 (server rack)? Need 1 unit.,availability,,,server rack,do you carry sku rk 3300 server rack need 1 unit,48,11
"Need sales rep in US and pricing for 3 monitors, order not placed yet",multiple_intents,,,,need sales rep in us and pricing for 3 monitors order not placed yet,68,14
"Subj: Case 0205 - Order 62044: we got two invoices for same thing, total $980.00, pls correct.",credit_and_collections,,62044.0,,order 62044 we got two invoices for same thing total 980 00 pls correct,71,14
"Subj: Case 0382 - Pricing for software license qty 30, can you provide a rate card?",pricing,medium,,software license,pricing for software license qty 30 can you provide a rate card,63,12
Looking for MSDS/SDS for the screen cleaning wipes you sell. Need latest version for compliance,product_docs,,,screen cleaning wipes,looking for msds sds for the screen cleaning wipes you sell need latest version for compliance,94,16
"Subj: Case 0070 - keyboard stock check: KB-90PRO, need 8 units.",availability,,,keyboard,keyboard stock check kb 90pro need 8 units,42,8
"Subj: Case 0325 - Status pls for order 65005 cables, we ordered this morning.",order_status,,65005.0,cables,status pls for order 65005 cables we ordered this morning,57,10
Invoice mismatch for order 55555 amount 100 difference,credit_and_collections,,55555.0,,invoice mismatch for order 55555 amount 100 difference,54,8
"pls send product manual for software license v2.1 — need installation guide, version 2.1",product_docs,,,software license,pls send product manual for software license v2 1 need installation guide version 2 1,85,15
"Pricing request for cables qty 500, procurement next quarter",pricing,low,,cables,pricing request for cables qty 500 procurement next quarter,59,9
"Subj: Case 0315 - Order 64049: update ship-to phone number, old one is wrong.",order_modification_request,low,64049.0,,order 64049 update ship to phone number old one is wrong,56,11
"Hi, my package hasn't arrived yet. Order 48291 shows 'delivered' but I never got the laptop. Pls help, this is urgent!!",delivery_issue,high,48291.0,laptop,hi my package hasn t arrived yet order 48291 shows delivered but i never got the laptop pls help this is urgent,111,22
Super frustrated—this router keeps dropping WiFi every hour. I've rebooted 10x and it's still garbage.,complaints,,,router,super frustrated this router keeps dropping wifi every hour i ve rebooted 10x and it s still garbage,100,18
"Subj: Case 0609 - Vendor registration for SilverLine Peripherals, business type OEM, region Taiwan.",vendor_registration,,,,vendor registration for silverline peripherals business type oem region taiwan,78,10
"Invoice request for order 66700 covering May 2026, urgent for vendor payment.",invoice_request,high,66700.0,,invoice request for order 66700 covering may 2026 urgent for vendor payment,75,12
"Subj: Case 0077 - Need laptop sku LT-14X1 in stock, qty 6.",availability,,,laptop,need laptop sku lt 14x1 in stock qty 6,38,9
"Need rep for LATAM, company size 60, medium",sales_reps,medium,,,need rep for latam company size 60 medium,41,8
Where is my order 775390 (printer)? I placed it yesterday morning and havent seen any confirmation besides the receipt.,order_status,,775390.0,printer,where is my order 775390 printer i placed it yesterday morning and havent seen any confirmation besides the receipt,115,19
"Subj: Case 0299 - Pls change order 64033 from pickup to delivery, we cant pick up now.",order_modification_request,medium,64033.0,,pls change order 64033 from pickup to delivery we cant pick up now,66,13
Subj: Case 1000 - Need invoice for order 68104 and tech help activating software license (no email).,multiple_intents,,68104.0,,need invoice for order 68104 and tech help activating software license no email,79,13
Not a purchase question: do you offer internship programs? Asking for college students.,out_of_scope,,,,not a purchase question do you offer internship programs asking for college students,84,13
Availability: SKU PL-55 for printer cartridges? need 12,availability,,,printer,availability sku pl 55 for printer cartridges need 12,53,9
Split shipment of order 78780 into two deliveries pls,order_modification_request,medium,78780.0,,split shipment of order 78780 into two deliveries pls,53,9
Subj: Case 0917 - Please provide pricing+availability for SW-ENT-01 qty 30 and also the EULA doc.,multiple_intents,,,,please provide pricing availability for sw ent 01 qty 30 and also the eula doc,78,15
"Can you confirm availability + pricing for SKU PRN-LSR4400. Need 2 printers for a new site, kinda urgent",pricing_and_availability,high,,,can you confirm availability pricing for sku prn lsr4400 need 2 printers for a new site kinda urgent,100,18
Subj: Case 0289 - Update the shipping instructions on order 64023: deliver to dock door 3.,order_modification_request,medium,64023.0,,update the shipping instructions on order 64023 deliver to dock door 3,70,12
"Subj: Case 0648 - Want to return laptop order 66010, reason: fan noise is crazy.",return_request,,66010.0,laptop,want to return laptop order 66010 reason fan noise is crazy,59,11
"Order mod: add expedited shipping to 50550, willing to pay extra",order_modification_request,medium,50550.0,,order mod add expedited shipping to 50550 willing to pay extra,62,11
"Need pricing for 12 tablets, mid-range model pls. Budget decision by EOD.",pricing,high,,tablet,need pricing for 12 tablets mid range model pls budget decision by eod,70,13
"Subj: Case 0613 - Need vendor onboarding: Sahara Network Supplies, business type distributor, region South Africa.",vendor_registration,,,,need vendor onboarding sahara network supplies business type distributor region south africa,92,12
"Subj: Case 0647 - Return request for software license order 66009, reason purchased wrong seats.",return_request,,66009.0,software license,return request for software license order 66009 reason purchased wrong seats,76,11
Do you have SKU RK-12U-WALL and can you quote 3 units? not super urgent,pricing_and_availability,low,,,do you have sku rk 12u wall and can you quote 3 units not super urgent,70,16
"Complaint: cables shorted my device when plugged in, dangerous product",complaints,,,cables,complaint cables shorted my device when plugged in dangerous product,68,10
"Router order 29292 delivered to wrong address, pls help",delivery_issue,high,29292.0,router,router order 29292 delivered to wrong address pls help,54,9
"Sales rep contact for EMEA urgently, company size 400, interested in volume pricing.",sales_reps,high,,,sales rep contact for emea urgently company size 400 interested in volume pricing,81,13
Subj: Case 0060 - Is SR-2042 server rack in stock right now? need 1.,availability,,,server rack,is sr 2042 server rack in stock right now need 1,48,11
Complaint: software license key reused across customers? security concern!,complaints,,,software license,complaint software license key reused across customers security concern,71,9
Change shipping on order 88000 to alternate address pls urgent,order_modification_request,high,88000.0,,change shipping on order 88000 to alternate address pls urgent,62,10
Subj: Case 0445 - Can you quote + confirm stock for RT-MESH6 qty 1?,pricing_and_availability,low,,,can you quote confirm stock for rt mesh6 qty 1,46,10
I want refund for 34343 $899 reason: defective screen,refund_request,,34343.0,,i want refund for 34343 899 reason defective screen,51,9
"Can you switch order 300682 to expedited shipping? It's a router and we need it sooner, thanks.",order_modification_request,high,300682.0,,can you switch order 300682 to expedited shipping it s a router and we need it sooner thanks,92,18
"Need product manual for tablet ProTab, doc type: troubleshooting guide, version 4.0",product_docs,,,tablet,need product manual for tablet protab doc type troubleshooting guide version 4 0,80,13
"Payment failed but invoice shows paid for 11111, check",credit_and_collections,,11111.0,,payment failed but invoice shows paid for 11111 check,53,9
Can you confirm delivery window for order 90555 (software license)? placed last week,order_status,,90555.0,software license,can you confirm delivery window for order 90555 software license placed last week,81,13
"Subj: Case 0112 - Monitor flickers constantly even after changing cables, super frustrating.",complaints,,,monitor,monitor flickers constantly even after changing cables super frustrating,72,9
Subj: Case 0743 - Need refund for order 67052 amount 89.90 reason: chargeback resolution.,refund_request,,67052.0,,need refund for order 67052 amount 89 90 reason chargeback resolution,69,11
I want to return order 88222 keyboard — keys broken after 3 days.,return_request,,88222.0,keyboard,i want to return order 88222 keyboard keys broken after 3 days,62,12
"Subj: Case 0220 - Need all invoices for Q4 2025, pls email as one zip if possible.",invoice_request,medium,,,need all invoices for q4 2025 pls email as one zip if possible,62,13
"Requesting a refund on order 6944017, the monitor arrived cracked. Amount 219.99 please.",refund_request,,6944017.0,,requesting a refund on order 6944017 the monitor arrived cracked amount 219 99 please,85,14
"Subj: Case 0071 - Any tablets left, sku TB-10R2? need 15 (if thats too many tell me).",availability,,,tablet,any tablets left sku tb 10r2 need 15 if thats too many tell me,62,14
"The printer driver you provided corruputed our system, wasted hours. Not acceptable.",complaints,,,printer,the printer driver you provided corruputed our system wasted hours not acceptable,81,12
Please cancel order 77310 before it ships. order# 77310,order_modification_request,medium,77310.0,,please cancel order 77310 before it ships order 77310,53,9
"Subj: Case 0498 - Need power specs doc for monitor, version v1.2 pls.",product_docs,,,monitor,need power specs doc for monitor version v1 2 pls,49,10
Subj: Case 0251 - Please send invoice for order 63027; AP asked for it again (sry).,invoice_request,medium,63027.0,,please send invoice for order 63027 ap asked for it again sry,61,12
"Subj: Case 0334 - Status request: order 65014 cables, ordered last night.",order_status,,65014.0,cables,status request order 65014 cables ordered last night,52,8
"Change billing address on order 77007 to new company address, order 77007.",order_modification_request,low,77007.0,,change billing address on order 77007 to new company address order 77007,72,12
"Subj: Case 0447 - For HDMI-5M-UL, can you confirm stock + price? qty 18.",pricing_and_availability,medium,,,for hdmi 5m ul can you confirm stock price qty 18,49,11
Account shows outstanding for order 44100 of $450. This is wrong,credit_and_collections,,44100.0,,account shows outstanding for order 44100 of 450 this is wrong,62,11
"Complaint: cables received are frayed and unsafe, want replacement NOW",complaints,,,cables,complaint cables received are frayed and unsafe want replacement now,68,10
"Subj: Case 0536 - Looking for a rep in Canada (Ontario), we’re a startup (12 ppl).",sales_reps,medium,,,looking for a rep in canada ontario we re a startup 12 ppl,58,13
"Hi, question: are monitors MTR-45 available? Also need sales rep contact",multiple_intents,,,,hi question are monitors mtr 45 available also need sales rep contact,69,12
"Order 99000 paid but showing unpaid, outstanding $0? pls fix",credit_and_collections,,99000.0,,order 99000 paid but showing unpaid outstanding 0 pls fix,57,10
"Subj: Case 0118 - Laptop fan is insanely loud, sounds like a jet, not ok for meetings.",complaints,,,laptop,laptop fan is insanely loud sounds like a jet not ok for meetings,65,13
"Hi, checking availability on the XZ9981 tablet. We need 4 but can do partial if that's all you have.",availability,,,tablet,hi checking availability on the xz9981 tablet we need 4 but can do partial if that s all you have,97,20
"Do you have keyboards in black? SKU KB-11, need 30 pieces, asap pls.",availability,,,keyboard,do you have keyboards in black sku kb 11 need 30 pieces asap pls,64,14
Need quote for monitor package qty 20 asap pls,pricing,high,,monitor,need quote for monitor package qty 20 asap pls,46,9
"License terms doc for software SL-1 v1, pls send",product_docs,,,software license,license terms doc for software sl 1 v1 pls send,47,10
"Subj: Case 0528 - Software license installation guide, version v4.0?",product_docs,,,software license,software license installation guide version v4 0,48,7
"Hi, what's the statuz of order 905177 and can you switch it to expedited shipping? It's a tablet and we're behind schedule.",multiple_intents,,905177.0,,hi what s the statuz of order 905177 and can you switch it to expedited shipping it s a tablet and we re behind schedule,120,25
Please send invoices for Q4 2025 (Oct-Dec). Auditor is asking and it’s kind of urgent.,invoice_request,high,,,please send invoices for q4 2025 oct dec auditor is asking and it s kind of urgent,82,17
"PN-111 stock & price for 20 printers, low",pricing_and_availability,low,,,pn 111 stock price for 20 printers low,38,8
"Subj: Case 0381 - Quote request for tablets, qty 4, need by end of day.",pricing,high,,tablet,quote request for tablets qty 4 need by end of day,50,11
"Cabling spec sheet for CB-007, any version ok",product_docs,,,cables,cabling spec sheet for cb 007 any version ok,44,9
Out of scope: asking about partnership opportunities not product support,out_of_scope,,,,out of scope asking about partnership opportunities not product support,71,10
Subj: Case 0362 - Server rack order 65042: was it shipped already? ordered mid-Feb.,order_status,,65042.0,server rack,server rack order 65042 was it shipped already ordered mid feb,62,11
"Sales rep for LATAM please, mid-size company of 220, interested in reseller program.",sales_reps,medium,,,sales rep for latam please mid size company of 220 interested in reseller program,81,14
Please change shipping address on order 502761—autofill put our old office. Need this fixed before it ships,order_modification_request,high,502761.0,,please change shipping address on order 502761 autofill put our old office need this fixed before it ships,106,18
"Pricing + availability for SKU MR-5521, qty 6, can ship by Friday?",pricing_and_availability,medium,,,pricing availability for sku mr 5521 qty 6 can ship by friday,61,12
SR-500 server rack in stock? need 1,availability,,,server rack,sr 500 server rack in stock need 1,34,8
"Subj: Case 0284 - Can you change ship method on order 64018 to ground (save cost), not urgent.",order_modification_request,low,64018.0,,can you change ship method on order 64018 to ground save cost not urgent,72,14
Are server racks SR-222 available? need 1 for datacenter,availability,,,server rack,are server racks sr 222 available need 1 for datacenter,55,10
"Looking for API doc for software license integration, version 2.5 please.",product_docs,,,software license,looking for api doc for software license integration version 2 5 please,71,12
"Subj: Case 0240 - Invoice copy for order 63018 pls, i accidentally deleted it.",invoice_request,medium,63018.0,,invoice copy for order 63018 pls i accidentally deleted it,58,10
Refund order 6401187 please—the server rack arrived bent. Amount 899.00.,refund_request,,6401187.0,,refund order 6401187 please the server rack arrived bent amount 899 00,70,12
When will order 11112 (monitor) be shipped? placed two days ago,order_status,,11112.0,monitor,when will order 11112 monitor be shipped placed two days ago,60,11
"Subj: Case 0101 - Need monitor sku MN-IPS27A available, qty 3, quick reply pls.",availability,,,monitor,need monitor sku mn ips27a available qty 3 quick reply pls,58,11
"Subj: Case 0684 - Please return laptop order 66046, reason: backlight on keyboard not working.",return_request,,66046.0,laptop,please return laptop order 66046 reason backlight on keyboard not working,73,11
Refund pls for order 82828 amount 19.99 — cancelled item but still charged.,refund_request,,82828.0,,refund pls for order 82828 amount 19 99 cancelled item but still charged,72,13
"I got billed for order 31331 twice and now collections are calling, amount 1299.00",credit_and_collections,,31331.0,,i got billed for order 31331 twice and now collections are calling amount 1299 00,81,15
Subj: Case 0737 - Please refund order 67046 amount 300 reason: software license seats reduced.,refund_request,,67046.0,,please refund order 67046 amount 300 reason software license seats reduced,74,11
"Subj: Case 0014 - The tablet on order 51014 arrived wet (like rain damage), pls help w/ claim.",delivery_issue,high,51014.0,tablet,the tablet on order 51014 arrived wet like rain damage pls help w claim,71,14
"Subj: Case 0611 - Vendor request: PolarKeyboards Inc, business type manufacturer, region Sweden.",vendor_registration,,,,vendor request polarkeyboards inc business type manufacturer region sweden,74,9
"Order 62626 missing items from box, specifically cables and screws, delivery issue.",delivery_issue,medium,62626.0,cables,order 62626 missing items from box specifically cables and screws delivery issue,80,12
Fuming—router UI keeps freezing and locking me out.,complaints,,,router,fuming router ui keeps freezing and locking me out,50,9
My card was charged but order 33322 shows unpaid. Please help collections asap,credit_and_collections,,33322.0,,my card was charged but order 33322 shows unpaid please help collections asap,77,13
"Do you have installation guide for the server rack? The box didnt include anything, pls send.",product_docs,,,server rack,do you have installation guide for the server rack the box didnt include anything pls send,90,16
Refund order 77877 amount 1299 reason: defective on arrival,refund_request,,77877.0,,refund order 77877 amount 1299 reason defective on arrival,58,9
"Subj: Case 0397 - Server rack pricing: qty 4, please quote today.",pricing,high,,server rack,server rack pricing qty 4 please quote today,44,8
"Subj: Case 0778 - Monitor speakers not detected over HDMI, any settings i missed?",technical_support,low,,monitor,monitor speakers not detected over hdmi any settings i missed,61,10
Can you split order 10001 so half ships now? order id 10001,order_modification_request,medium,10001.0,,can you split order 10001 so half ships now order id 10001,58,12
"Hey, any update on my laptop order #318770? I placed it 2 days ago.",order_status,,318770.0,laptop,hey any update on my laptop order 318770 i placed it 2 days ago,63,14
Refund pls for order 66210 — I returned the router but haven't seen refund of 199.99,refund_request,,66210.0,,refund pls for order 66210 i returned the router but haven t seen refund of 199 99,82,17
"Hi team, my order 583912 for the router was marked delivered but nothing showed up at our office. Can you pls check w/ the carrier, need this asap.",delivery_issue,high,583912.0,router,hi team my order 583912 for the router was marked delivered but nothing showed up at our office can you pls check w the carrier need this asap,142,28
"Cables order 12121 got wrong type, need correct ones",delivery_issue,medium,12121.0,cables,cables order 12121 got wrong type need correct ones,51,9
"Subj: Case 0519 - Need router datasheet for procurement packet, no version needed.",product_docs,,,router,need router datasheet for procurement packet no version needed,62,9
"Subj: Case 0426 - Tablet pricing qty 2, can you quote? thanks.",pricing,medium,,tablet,tablet pricing qty 2 can you quote thanks,41,8
Subj: Case 0511 - Do you have a rack grounding guide for server rack installs?,product_docs,,,server rack,do you have a rack grounding guide for server rack installs,59,11
SL-9000 license stock for 250 seats? urgent,pricing_and_availability,high,,,sl 9000 license stock for 250 seats urgent,42,8
"Subj: Case 0054 - Router order 51054 arrived 1 week late, we need to know why + prevent this next time.",delivery_issue,low,51054.0,router,router order 51054 arrived 1 week late we need to know why prevent this next time,81,16
Multiple intents: want price for SKU ZZ-1 and register as vendor,multiple_intents,,,,multiple intents want price for sku zz 1 and register as vendor,63,12
Refund for 80808 $400 reason: returned damaged product,refund_request,,80808.0,,refund for 80808 400 reason returned damaged product,52,8
"Where's the invoice for order 12890? Need invoice for Jan 2026 for tax filing, pls send.",invoice_request,high,12890.0,,where s the invoice for order 12890 need invoice for jan 2026 for tax filing pls send,85,17
"Subj: Case 0795 - Keyboard scroll lock light stays on and keys act weird, any reset?",technical_support,medium,,keyboard,keyboard scroll lock light stays on and keys act weird any reset,64,12
SKU AB-3300 available? need 6 units,availability,,,monitor,sku ab 3300 available need 6 units,34,7
"Need urgent tech help: router NAT not functioning, breaks VPN connections",technical_support,high,,router,need urgent tech help router nat not functioning breaks vpn connections,71,11
"Monitor flickers when connected via HDMI, but works on DP. Is this a setting or a defect?",technical_support,medium,,monitor,monitor flickers when connected via hdmi but works on dp is this a setting or a defect,86,17
"Subj: Case 0295 - Please add liftgate service to order 64029 server rack delivery, asap.",order_modification_request,high,64029.0,,please add liftgate service to order 64029 server rack delivery asap,68,11
"Do you have SKU XY-009 in stock? it's for cables, need 50",availability,,,cables,do you have sku xy 009 in stock it s for cables need 50,55,14
"Return request order 45400 — laptop has different spec than purchased, not acceptable.",return_request,,45400.0,laptop,return request order 45400 laptop has different spec than purchased not acceptable,82,12
"I want to return order 12045 — tablet battery swollen, scary. Please advise RMA.",return_request,,12045.0,tablet,i want to return order 12045 tablet battery swollen scary please advise rma,75,13
"Subj: Case 0399 - Tablet quote for qty 8, pls respond soon for procurement.",pricing,medium,,tablet,tablet quote for qty 8 pls respond soon for procurement,55,10
"Subj: Case 0093 - Need laptop sku LT-13AIR, qty 9, what’s current stock?",availability,,,laptop,need laptop sku lt 13air qty 9 what s current stock,51,11
"Subj: Case 0095 - Monitor sku MN-4K32, need 2, in stock?",availability,,,monitor,monitor sku mn 4k32 need 2 in stock,35,8
Return request: order 90909 monitor color mismatch reason: wrong color,return_request,,90909.0,monitor,return request order 90909 monitor color mismatch reason wrong color,68,10
"Monitor 87878 was supposed to ship yesterday but still pending, need update",delivery_issue,medium,87878.0,monitor,monitor 87878 was supposed to ship yesterday but still pending need update,74,12
"Hello, want pricing & availability for AB-900 printers qty 9 urgent",pricing_and_availability,high,,,hello want pricing availability for ab 900 printers qty 9 urgent,64,11
"Hi, can I mod order 55440 to add 2 cables? order id:55440 pls",order_modification_request,low,55440.0,,hi can i mod order 55440 to add 2 cables order id 55440 pls,59,14
Subj: Case 0868 - Need product manual for printer AND can you confirm order statuz for 68014?,multiple_intents,,68014.0,,need product manual for printer and can you confirm order statuz for 68014,74,13
"SKU KB-1200 quote + stock, 75 units, can you ship this week?",pricing_and_availability,medium,,,sku kb 1200 quote stock 75 units can you ship this week,55,12
"Subj: Case 0612 - Please register vendor: Andes IT Traders, business type reseller, region Chile.",vendor_registration,,,,please register vendor andes it traders business type reseller region chile,75,11
"Subj: Case 0057 - Any stock on PR-4410 printer? Need 2, sorry if last msg didnt go thru.",availability,,,printer,any stock on pr 4410 printer need 2 sorry if last msg didnt go thru,67,15
"Subj: Case 0508 - Cable datasheet request (CAT6A), version v1.1 if you have it.",product_docs,,,cables,cable datasheet request cat6a version v1 1 if you have it,57,11
Tablet camera broken out of box. so annoyed,complaints,,,tablet,tablet camera broken out of box so annoyed,42,8
multiple issue: order 54545 — printer defective AND need new invoice,multiple_intents,,54545.0,,multiple issue order 54545 printer defective and need new invoice,65,10
"Sales rep needed in UK for 900 headcount, low urgency",sales_reps,low,,,sales rep needed in uk for 900 headcount low urgency,52,10
Printer shows error 13.2 paper jam even when empty—help!,technical_support,medium,,printer,printer shows error 13 2 paper jam even when empty help,55,11
I want to know price for keyboard SKU KB-11 for qty 60,pricing,low,,keyboard,i want to know price for keyboard sku kb 11 for qty 60,54,13
"Subj: Case 0570 - Need a sales rep for Ireland, startup 10 ppl, whenever.",sales_reps,low,,,need a sales rep for ireland startup 10 ppl whenever,52,10
"Subj: Case 0164 - We keep getting dunning calls for order 62003, invoice was settled last week for 210.00.",credit_and_collections,,62003.0,,we keep getting dunning calls for order 62003 invoice was settled last week for 210 00,86,16
"Subj: Case 0155 - Router speeds are half what we pay for, very disappointed.",complaints,,,router,router speeds are half what we pay for very disappointed,56,10
"Switch payment to net30 on order 30303 pls, medium",order_modification_request,medium,30303.0,,switch payment to net30 on order 30303 pls medium,49,9
Can you quote pricing for 15 routers? Need a ballpark asap.,pricing,high,,router,can you quote pricing for 15 routers need a ballpark asap,57,11
"I need to change address on order 50505 to new warehouse, pls confirm change.",order_modification_request,medium,50505.0,,i need to change address on order 50505 to new warehouse pls confirm change,75,14
"Out of scope: asking to edit personal photos, not part of service",out_of_scope,,,,out of scope asking to edit personal photos not part of service,63,12
"Subj: Case 0574 - Need sales rep for Israel, enterprise, asap pls.",sales_reps,high,,,need sales rep for israel enterprise asap pls,45,8
"Invoice needed for order 86868 covering Sept 2024, need for accounting",invoice_request,medium,86868.0,,invoice needed for order 86868 covering sept 2024 need for accounting,69,11
"Order 22200 server rack hasn't left warehouse, need ETA, medium",delivery_issue,medium,22200.0,server rack,order 22200 server rack hasn t left warehouse need eta medium,61,11
"Subj: Case 0021 - Order 51021 server rack shows delivered, but loading dock has no record, pls check.",delivery_issue,high,51021.0,server rack,order 51021 server rack shows delivered but loading dock has no record pls check,80,14
"Printer smells burnt after use, dangerous!",complaints,,,printer,printer smells burnt after use dangerous,40,6
Subj: Case 0912 - Need sales rep for EMEA and also check stock for MN-4K32 qty 2.,multiple_intents,,,,need sales rep for emea and also check stock for mn 4k32 qty 2,62,14
"Keyboard pricing for 25 units pls, medium",pricing,medium,,keyboard,keyboard pricing for 25 units pls medium,40,7
"Hey, can you tell me if SKU TAB-77Q is available, and if so what's the price for qty 5? Quick reply pls.",multiple_intents,,,,hey can you tell me if sku tab 77q is available and if so what s the price for qty 5 quick reply pls,100,24
"Need sales rep in Germany for mid-size biz 300 ppl, medium urgency",sales_reps,medium,,,need sales rep in germany for mid size biz 300 ppl medium urgency,65,13
"Need a quote for cables x100, low priority",pricing,low,,cables,need a quote for cables x100 low priority,41,8
"Invoice needed for order 24444 covering April-May 2026, tax deadline soon.",invoice_request,high,24444.0,,invoice needed for order 24444 covering april may 2026 tax deadline soon,72,12
"Subj: Case 0723 - Please refund order 67032 amount 980.00 reason: items returned, no refund yet.",refund_request,,67032.0,,please refund order 67032 amount 980 00 reason items returned no refund yet,75,13
Subj: Case 0744 - Please refund order 67053 amount 7.25 reason: tax exempt but charged.,refund_request,,67053.0,,please refund order 67053 amount 7 25 reason tax exempt but charged,67,12
Subj: Case 0480 - Can you send the datasheet for router (model RT-AC77) version v2.1?,product_docs,,,router,can you send the datasheet for router model rt ac77 version v2 1,64,13
Tracking says delivered Sunday but no laptop here. Order 6789102.,delivery_issue,medium,6789102.0,laptop,tracking says delivered sunday but no laptop here order 6789102,63,10
"Subj: Case 0501 - Please share keyboard quick start guide, thx.",product_docs,,,keyboard,please share keyboard quick start guide thx,43,7
Subj: Case 0869 - Please provide price/avail for sku SR-42U-01 qty 2 and connect me with sales for UK.,multiple_intents,,,,please provide price avail for sku sr 42u 01 qty 2 and connect me with sales for uk,83,18
"Server rack 13131 partial delivery missing bolts, pls send",delivery_issue,medium,13131.0,server rack,server rack 13131 partial delivery missing bolts pls send,57,9
SL-100 license stock for 300 seats? medium,availability,,,software license,sl 100 license stock for 300 seats medium,41,8
Are you open on weekends for store pickup?,out_of_scope,,,,are you open on weekends for store pickup,41,8
"Send me the quick start guide for the monitor, v1.2.",product_docs,,,monitor,send me the quick start guide for the monitor v1 2,50,11
"Subj: Case 0144 - Software license renewal price jumped without warning, not cool.",complaints,,,software license,software license renewal price jumped without warning not cool,62,9
SL-5 availability for 20 licenses pls asap,pricing_and_availability,high,,,sl 5 availability for 20 licenses pls asap,42,8
Subj: Case 0710 - Please refund order 67019 amount 7.25 reason: service fee charged in error.,refund_request,,67019.0,,please refund order 67019 amount 7 25 reason service fee charged in error,73,13
Subj: Case 0523 - Please share printer warranty registration instructions.,product_docs,,,printer,please share printer warranty registration instructions,55,6
Driver left the package at wrong building (I think). Order 6402205 for laptop. Need help asap!!,delivery_issue,high,6402205.0,laptop,driver left the package at wrong building i think order 6402205 for laptop need help asap,89,16
"Subj: Case 0211 - Pls apply our credit to order 62050, balance shows $300.00 still open.",credit_and_collections,,62050.0,,pls apply our credit to order 62050 balance shows 300 00 still open,67,13
Subj: Case 0879 - Please send invoice for order 68021 and remove the late fee/collections notice too.,multiple_intents,,68021.0,,please send invoice for order 68021 and remove the late fee collections notice too,82,14
"Subj: Case 0304 - Please add 2 HDMI cables to order 64038 before it ships, thanks!",order_modification_request,medium,64038.0,,please add 2 hdmi cables to order 64038 before it ships thanks,62,12
"How much is the laptop? I need price for 3 units, medium urgency",pricing,medium,,laptop,how much is the laptop i need price for 3 units medium urgency,62,13
"Can I get a quote for 100 keyboards, price per unit? not urgent",pricing,low,,keyboard,can i get a quote for 100 keyboards price per unit not urgent,61,13
Order 99821 never showed up. server rack was supposed to be here. Really need it tomorrow if possible,delivery_issue,high,99821.0,server rack,order 99821 never showed up server rack was supposed to be here really need it tomorrow if possible,99,18
"Bought a keyboard, dead keys after 2 days. Not happy.",complaints,,,keyboard,bought a keyboard dead keys after 2 days not happy,50,10
Subj: Case 0253 - Invoice for order 63028 is required asap to release shipment payment.,invoice_request,high,63028.0,,invoice for order 63028 is required asap to release shipment payment,68,11
Subj: Case 0223 - Please send January 2026 invoices (monthly statement) to this email.,invoice_request,medium,,,please send january 2026 invoices monthly statement to this email,65,10
Package arrived open and missing tablet. Order 7190031. Need help now.,delivery_issue,high,7190031.0,tablet,package arrived open and missing tablet order 7190031 need help now,67,11
Sending back tablet 80880 cause: screen cracked on arrival,return_request,,80880.0,tablet,sending back tablet 80880 cause screen cracked on arrival,57,9
Subj: Case 0357 - Laptop order 65037: any update? purchased last weekend.,order_status,,65037.0,laptop,laptop order 65037 any update purchased last weekend,52,8
"Need a copy of invoice tied to order #990571 (server rack). We can't close the month without it, asap.",invoice_request,high,990571.0,,need a copy of invoice tied to order 990571 server rack we can t close the month without it asap,96,20
Hey do you have a datasheet for that monitor? Spec sheet v1 would be great.,product_docs,,,monitor,hey do you have a datasheet for that monitor spec sheet v1 would be great,73,15
Subj: Case 0854 - Order 68003 printer is late AND now your collections email says we owe money??,multiple_intents,,68003.0,,order 68003 printer is late and now your collections email says we owe money,76,14
"Subj: Case 0510 - Please share printer datasheet, any version ok.",product_docs,,,printer,please share printer datasheet any version ok,45,7
"I want to register as vendor: TechHub LLC, we provide hardware resale, region: APAC",vendor_registration,,,,i want to register as vendor techhub llc we provide hardware resale region apac,79,14
"Quote for 3 tablets, not urgent",pricing,low,,tablet,quote for 3 tablets not urgent,30,6
"The router admin page is inaccessible and password reset not working, pretty mad now.",complaints,,,router,the router admin page is inaccessible and password reset not working pretty mad now,83,14
Subj: Case 0844 - Do you have a physical catalog you can mail? just curious.,out_of_scope,,,,do you have a physical catalog you can mail just curious,56,11
Subj: Case 0937 - Need availability of SR-12U-WALL qty 2 and can you quote price too?,multiple_intents,,,,need availability of sr 12u wall qty 2 and can you quote price too,66,14
"Subj: Case 0764 - Software license wont deactivate on old device, blocking new install, urgent.",technical_support,high,,software license,software license wont deactivate on old device blocking new install urgent,74,11
"Vendor registration enquiry: Silverline, manufacturer, region: Germany.",vendor_registration,,,,vendor registration enquiry silverline manufacturer region germany,66,7
Is SKU PX-300 available? Need 60 units for deployment next month.,availability,,,printer,is sku px 300 available need 60 units for deployment next month,63,12
Multiple: order 77700 — want invoice AND check delivery status for the laptop,multiple_intents,,77700.0,,multiple order 77700 want invoice and check delivery status for the laptop,74,12
"Subj: Case 0256 - Please email invoices for Aug 2026, urgent for closing books.",invoice_request,high,,,please email invoices for aug 2026 urgent for closing books,59,10
"We received a collections email but invoice 78787 is disputed, stop collection action pls.",credit_and_collections,,78787.0,,we received a collections email but invoice 78787 is disputed stop collection action pls,88,14
Looking for datasheet for monitor v3.0,product_docs,,,monitor,looking for datasheet for monitor v3 0,38,7
Any ETA for order 21212 monitor? placed 5 days ago,order_status,,21212.0,monitor,any eta for order 21212 monitor placed 5 days ago,49,10
Can I get assembly manual for server rack SR-12 version 2.0?,product_docs,,,server rack,can i get assembly manual for server rack sr 12 version 2 0,59,13
"My laptop order 44123 was delayed and I want refund — really upset, pls hurry",delivery_issue,high,44123.0,laptop,my laptop order 44123 was delayed and i want refund really upset pls hurry,74,14
"Subj: Case 0473 - Need quote + in-stock for MN-WIDE36 qty 4, urgent pls.",pricing_and_availability,high,,,need quote in stock for mn wide36 qty 4 urgent pls,50,11
"Love your customer service, thanks team!",out_of_scope,,,,love your customer service thanks team,38,6
Subj: Case 0287 - Please remove backorder item from order 64021 and ship whats ready now.,order_modification_request,medium,64021.0,,please remove backorder item from order 64021 and ship whats ready now,70,12
"Subj: Case 0709 - Need refund for order 67018, amount 199.99, reason: tablet not as described.",refund_request,,67018.0,,need refund for order 67018 amount 199 99 reason tablet not as described,72,13
Where's order 12121 and also why was I charged extra $15? order12121,multiple_intents,,12121.0,,where s order 12121 and also why was i charged extra 15 order12121,66,13
My router arrived with broken antenna. order 45400. want return,return_request,,45400.0,router,my router arrived with broken antenna order 45400 want return,61,10
"I need help registering my company: BrightCo, we're a retailer in LATAM",vendor_registration,,,,i need help registering my company brightco we re a retailer in latam,69,13
Tablet touchscreen is laggy and sometimes doesn’t register taps. Not urgent but annoying—any fix?,technical_support,low,,tablet,tablet touchscreen is laggy and sometimes doesn t register taps not urgent but annoying any fix,95,16
"Subj: Case 0087 - Cable sku HDMI-3M-UL, qty 18, any in stock?",availability,,,cables,cable sku hdmi 3m ul qty 18 any in stock,40,10
Can you quote pricing for 30 units of the keyboard? We might need to place PO today so pls be quick.,pricing,high,,keyboard,can you quote pricing for 30 units of the keyboard we might need to place po today so pls be quick,98,21
"Subj: Case 0351 - Monitor order 65031: ordered 9 days ago, any movement?",order_status,,65031.0,monitor,monitor order 65031 ordered 9 days ago any movement,51,9
"Monitor ghosting so bad can't use it, replace pls",complaints,,,monitor,monitor ghosting so bad can t use it replace pls,48,10
Need quick info: SKU LIC-X14 (software license) - qty 15. In stock and price? pls respond today.,pricing_and_availability,high,,,need quick info sku lic x14 software license qty 15 in stock and price pls respond today,88,17
"License renewal charged wrong tier, upset",complaints,,,software license,license renewal charged wrong tier upset,40,6
"Subj: Case 0265 - Invoice for order 63037 is missing line items, can you resend correct one asap.",invoice_request,high,63037.0,,invoice for order 63037 is missing line items can you resend correct one asap,77,14
"Subj: Case 0307 - Please update order 64041 to include the keyboard wrist rests, asap.",order_modification_request,high,64041.0,,please update order 64041 to include the keyboard wrist rests asap,66,11
What's the statuz on order 7319550 for the server rack? It was supposed to ship last Friday.,order_status,,7319550.0,server rack,what s the statuz on order 7319550 for the server rack it was supposed to ship last friday,90,18
"Subj: Case 0051 - Monitor order 51051 was supposed to be delivered today, now says next week, can you fix?",delivery_issue,high,51051.0,monitor,monitor order 51051 was supposed to be delivered today now says next week can you fix,85,16
"Return order 21200 — tablet has software not matching spec sheet, need return.",return_request,,21200.0,tablet,return order 21200 tablet has software not matching spec sheet need return,74,12
Need to know if the 24U server rack is available in your west coast warehouse. SKU RK-24U-BLK. Qty 2,availability,,,server rack 24U,need to know if the 24u server rack is available in your west coast warehouse sku rk 24u blk qty 2,98,21
"Need to return order 447629 (keyboard), and also want the refund back to the card. Please tell next steps.",multiple_intents,,447629.0,,need to return order 447629 keyboard and also want the refund back to the card please tell next steps,101,19
Is XZ9981 available and what's price for 10 units? urgent,pricing_and_availability,high,,,is xz9981 available and what s price for 10 units urgent,56,11
"Hey support, is the software license (SKU LIC-9000) available for immediate activation? Need 25 licenses.",availability,,,software license,hey support is the software license sku lic 9000 available for immediate activation need 25 licenses,100,16
Order 55643 router arrived but one port broken. delivery issue? pls help,delivery_issue,high,55643.0,router,order 55643 router arrived but one port broken delivery issue pls help,70,12
I think my monitor from order 66411 got lost. tracking shows 'exception'. pls advise,delivery_issue,medium,66411.0,monitor,i think my monitor from order 66411 got lost tracking shows exception pls advise,80,14
Subj: Case 0718 - Need refund for order 67027 amount 1200 reason: charged twice.,refund_request,,67027.0,,need refund for order 67027 amount 1200 reason charged twice,60,10
"Need price for 6 server racks, budget planning next month",pricing,medium,,server rack,need price for 6 server racks budget planning next month,56,10
"Order 109335 for cables is late and we need them by tomorrow, plus can you send the invoice to AP? Thanks.",multiple_intents,,109335.0,,order 109335 for cables is late and we need them by tomorrow plus can you send the invoice to ap thanks,103,21
Subj: Case 0090 - Tablet sku TB-LTE8 available? need qty 6 for remote sites.,availability,,,tablet,tablet sku tb lte8 available need qty 6 for remote sites,56,11
Price for 50 ethernet cables? Reply asap.,pricing,high,,cables,price for 50 ethernet cables reply asap,39,7
Subj: Case 0734 - Please refund order 67043 amount 540 reason: returned router and accessories.,refund_request,,67043.0,,please refund order 67043 amount 540 reason returned router and accessories,75,11
"Subj: Case 0268 - Please cancel order 64001, we placed it by mistake, do it asap pls.",order_modification_request,high,64001.0,,please cancel order 64001 we placed it by mistake do it asap pls,64,13
Statement request for order 10101 showing amount 1000,credit_and_collections,,10101.0,,statement request for order 10101 showing amount 1000,53,8
"Subj: Case 0663 - Return keyboard order 66025, reason: disconnects all the time.",return_request,,66025.0,keyboard,return keyboard order 66025 reason disconnects all the time,59,9
"Hello, pls send vendor onboarding info. Company: Sunvale Manufacturing Inc. We build metal racks. Located in Ontario, Canada",vendor_registration,,,,hello pls send vendor onboarding info company sunvale manufacturing inc we build metal racks located in ontario canada,118,18
Do you have the safety / compliance docs for the laptop line? Like CE/FCC stuff.,product_docs,,,laptop,do you have the safety compliance docs for the laptop line like ce fcc stuff,76,15
"We want vendor registration: NovaTech, service provider, region: NA",vendor_registration,,,,we want vendor registration novatech service provider region na,63,9
"Your router firmware update bricked it, now it just reboots nonstop. Not happy.",complaints,,,router,your router firmware update bricked it now it just reboots nonstop not happy,76,13
"Subj: Case 0401 - Need a quote for laptop qty 3, can you send today?",pricing,high,,laptop,need a quote for laptop qty 3 can you send today,48,11
"Need price quote for 15 monitors, urgent for office set up",pricing,high,,monitor,need price quote for 15 monitors urgent for office set up,57,11
Need vendor registration and price list for keyboards pls,multiple_intents,,,,need vendor registration and price list for keyboards pls,57,9
"Subj: Case 0686 - Return printer order 66048, reason: scanner feed issues.",return_request,,66048.0,printer,return printer order 66048 reason scanner feed issues,53,8
"Subj: Case 0020 - printer order 51020 delivered but left outside, now its gone, need help filing claim.",delivery_issue,high,51020.0,printer,printer order 51020 delivered but left outside now its gone need help filing claim,82,14
"Is this where I ask about catering menus? Not buying, just asking for contact.",out_of_scope,,,,is this where i ask about catering menus not buying just asking for contact,75,14
Order 839105 - can you add 3 extra cables to it? Same type as already on the order. If not possible just let me know.,order_modification_request,medium,839105.0,,order 839105 can you add 3 extra cables to it same type as already on the order if not possible just let me know,112,24
I keep getting charged late fees for order 12121 but I paid. Amount outstanding shows 0.00 but collections keep calling,credit_and_collections,,12121.0,,i keep getting charged late fees for order 12121 but i paid amount outstanding shows 0 00 but collections keep calling,118,21
Order 40000 status? It was shipped two days ago but no delivery ETA on tracking page.,order_status,,40000.0,,order 40000 status it was shipped two days ago but no delivery eta on tracking page,83,16
"Subj: Case 0762 - Laptop keeps overheating and throttling, fans running full, pls help.",technical_support,medium,,laptop,laptop keeps overheating and throttling fans running full pls help,66,10
My laptop shipment (order #74018) says delivered but we didnt recieve anything at reception. Can you help figure out where it went?,delivery_issue,high,74018.0,laptop,my laptop shipment order 74018 says delivered but we didnt recieve anything at reception can you help figure out where it went,126,22
"TL-202 tablet availability for 15 units, low urgency",pricing_and_availability,low,,,tl 202 tablet availability for 15 units low urgency,51,9
"My router arrived with firmware v1.0 and won't accept updates, tech support needed",technical_support,medium,,router,my router arrived with firmware v1 0 and won t accept updates tech support needed,81,15
Software license SL-2026 available for enterprise? qty 100,availability,,,software license,software license sl 2026 available for enterprise qty 100,57,9
"order 44512 charged twice, amount 499.00. I need this fixed, collections contacted me",credit_and_collections,,44512.0,,order 44512 charged twice amount 499 00 i need this fixed collections contacted me,82,14
"We show overdue invoice for order 14001 amount 3200, want to settle but need remittance details.",credit_and_collections,,14001.0,,we show overdue invoice for order 14001 amount 3200 want to settle but need remittance details,94,16
"Subj: Case 0634 - Please send vendor registration steps for Rainforest IT Supply, business type reseller, region Peru.",vendor_registration,,,,please send vendor registration steps for rainforest it supply business type reseller region peru,97,14
Order status: 13131 — any update for router delivery? placed last Friday,order_status,,13131.0,router,order status 13131 any update for router delivery placed last friday,68,11
Subj: Case 0505 - Please provide installation template for server rack (hole pattern).,product_docs,,,server rack,please provide installation template for server rack hole pattern,65,9
"My keyboard stopped working after 1 week, lights on but no keys register. refund pls",multiple_intents,,,,my keyboard stopped working after 1 week lights on but no keys register refund pls,82,15
How much for software license if we want 50 seats? urgent procurement,pricing,high,,software license,how much for software license if we want 50 seats urgent procurement,68,12
"Hi, looking at SKU RBX-210 router, need qty 10. Are they in stock and whats the unit price?",pricing_and_availability,medium,,,hi looking at sku rbx 210 router need qty 10 are they in stock and whats the unit price,87,19
"Subj: Case 0792 - Laptop screen brightness stuck at max, cant change, pls help asap.",technical_support,high,,laptop,laptop screen brightness stuck at max cant change pls help asap,63,11
"Subj: Case 0925 - Delivery issue: order 68056 is missing 4 cables, and can you quote price for 200 more?",multiple_intents,,68056.0,,delivery issue order 68056 is missing 4 cables and can you quote price for 200 more,83,16
Give me firmware notes for router RT-88 v4.2 pls,product_docs,,,router,give me firmware notes for router rt 88 v4 2 pls,48,11
"Subj: Case 0094 - Router RT-POE8 sku RT-POE8, qty 7, can you confirm availability?",availability,,,router,router rt poe8 sku rt poe8 qty 7 can you confirm availability,61,12
Update delivery instructions on order 14141 to leave at back door,order_modification_request,low,14141.0,,update delivery instructions on order 14141 to leave at back door,65,11
"Subj: Case 0703 - Refund request for order 67012, amount 2100.00, reason: order cancelled.",refund_request,,67012.0,,refund request for order 67012 amount 2100 00 reason order cancelled,68,11
MTR-45 price and availability for 12 units? medium,pricing_and_availability,medium,,,mtr 45 price and availability for 12 units medium,49,9
"Subj: Case 0018 - We need the laptop from order 51018 for onboarding Monday, but its not here... asap pls.",delivery_issue,high,51018.0,laptop,we need the laptop from order 51018 for onboarding monday but its not here asap pls,83,16
Subj: Case 0857 - Please confirm status of order 68006 and cancel it if it hasnt shipped yet.,multiple_intents,,68006.0,,please confirm status of order 68006 and cancel it if it hasnt shipped yet,74,14
The keyboard keys are sticking after 2 days. Feels super cheap tbh.,complaints,,,keyboard,the keyboard keys are sticking after 2 days feels super cheap tbh,65,12
"I want to return the router, order 831905. It keeps dropping connection and we’re switching brands",return_request,,831905.0,router,i want to return the router order 831905 it keeps dropping connection and we re switching brands,96,17
AB-4455 availability & price for 9 units please,pricing_and_availability,medium,,,ab 4455 availability price for 9 units please,45,8
Monitor 12121 expected delivery timeframe? ordered earlier,order_status,,12121.0,monitor,monitor 12121 expected delivery timeframe ordered earlier,57,7
"We need to update our billing terms, collections keeps calling and it's getting out of hand. Account should be net-30, not due on receipt.",credit_and_collections,,,,we need to update our billing terms collections keeps calling and it s getting out of hand account should be net 30 not due on receipt,134,26
"Subj: Case 0629 - Pls create vendor profile: Riverbend Components, business type supplier, region Brazil.",vendor_registration,,,,pls create vendor profile riverbend components business type supplier region brazil,83,11
When will my router (order 57575) ship? placed earlier today,order_status,,57575.0,router,when will my router order 57575 ship placed earlier today,57,10
Printer says 'error 0x12' and won't print. Not super urgent but need a fix soon.,technical_support,medium,,printer,printer says error 0x12 and won t print not super urgent but need a fix soon,76,16
"Need invoice copy for order 7901264 covering Q4 2024, as soon as you can.",invoice_request,medium,7901264.0,,need invoice copy for order 7901264 covering q4 2024 as soon as you can,71,14
"pls assign sales rep for US, startup w/ 10 ppl, urgent",sales_reps,high,,,pls assign sales rep for us startup w 10 ppl urgent,51,11
"Please onboard us as vendor: TabletPro, business_type: retailer, region: Brazil",vendor_registration,,,,please onboard us as vendor tabletpro business type retailer region brazil,74,11
I want to add items to order 88421 — add 2 cables. Not urgent,order_modification_request,low,88421.0,,i want to add items to order 88421 add 2 cables not urgent,58,13
"Subj: Case 0804 - I found a security vuln on your public site, who do i report to? urgent.",out_of_scope,,,,i found a security vuln on your public site who do i report to urgent,69,15
"Subj: Case 0781 - Tablet GPS not working in our field app, urgent pls.",technical_support,high,,tablet,tablet gps not working in our field app urgent pls,50,10
"Out of scope: asking for donation to charity, not related to orders",out_of_scope,,,,out of scope asking for donation to charity not related to orders,65,12
"CB-111 cables availability & price for 250, urgent pls",pricing_and_availability,high,,,cb 111 cables availability price for 250 urgent pls,51,9
"Subj: Case 0890 - Order 68029 monitor arrived cracked and i need a refund, asap.",multiple_intents,,68029.0,,order 68029 monitor arrived cracked and i need a refund asap,60,11
"Change product variant on 50050 to Pro model, urgent",order_modification_request,high,50050.0,,change product variant on 50050 to pro model urgent,51,9
"Keyboard firmware update failed, device bricked. Need tech support urgently.",technical_support,high,,keyboard,keyboard firmware update failed device bricked need tech support urgently,73,10
"Refund needed for order 6601189, cables never arrived and we bought elsewhere. Amount 42.00.",refund_request,,6601189.0,,refund needed for order 6601189 cables never arrived and we bought elsewhere amount 42 00,89,15
"Are LP-100 in stock? need 10, urgent",pricing_and_availability,high,,,are lp 100 in stock need 10 urgent,34,8
"Subj: Case 0017 - Order 51017 keyboard came in a torn envelope and keys are loose, delivery damage i guess.",delivery_issue,medium,51017.0,keyboard,order 51017 keyboard came in a torn envelope and keys are loose delivery damage i guess,87,16
Can you send latest spec sheet for server rack v2? need measurements,product_docs,,,server rack,can you send latest spec sheet for server rack v2 need measurements,67,12
Need an account manager in Texas. we’re small (25 employees) and want to set up recurring purchases. pls call asap,sales_reps,high,,,need an account manager in texas we re small 25 employees and want to set up recurring purchases pls call asap,110,21
Hi guys—order statuz says delivered but i didnt recieve anything. It was supposed to be a laptop. Order 483920. pls check asap,delivery_issue,high,483920.0,laptop,hi guys order statuz says delivered but i didnt recieve anything it was supposed to be a laptop order 483920 pls check asap,123,23
Who handles LATAM accounts? Company size ~50.,sales_reps,low,,,who handles latam accounts company size 50,42,7
"Need safety sheet for cables CB-450, any version",product_docs,,,cables,need safety sheet for cables cb 450 any version,47,9
Status on 33901? I bought a router and want ETA — ordered last Monday.,order_status,,33901.0,router,status on 33901 i bought a router and want eta ordered last monday,66,13
Subj: Case 0949 - Order 68072 monitor has backlight bleed (complaint) and i want refund if possible.,multiple_intents,,68072.0,,order 68072 monitor has backlight bleed complaint and i want refund if possible,79,13
"Order 14141 — tracking shows returned to sender, what's happening? monitor needed asap",delivery_issue,high,14141.0,monitor,order 14141 tracking shows returned to sender what s happening monitor needed asap,82,13
Can you help me reset my password for the website? i’m locked out and it says my email doesnt exist,out_of_scope,,,,can you help me reset my password for the website i m locked out and it says my email doesnt exist,98,21
Can you quote 5x 27in monitors? Need it by end of day if possible,pricing,high,,monitor 27in,can you quote 5x 27in monitors need it by end of day if possible,64,14
"Subj: Case 0333 - Need the status of order 65013 monitor, ordered 2026-02-01, still 'processing'.",order_status,,65013.0,monitor,need the status of order 65013 monitor ordered 2026 02 01 still processing,74,13
Can we get set up as a vendor? Company: Cobalt Cable Co. Business type: distributor. Region: Australia/NZ,vendor_registration,,,,can we get set up as a vendor company cobalt cable co business type distributor region australia nz,99,18
"Subj: Case 0435 - Need pricing + in-stock status for SW-ENT-02, qty 25, urgent for PO.",pricing_and_availability,high,,,need pricing in stock status for sw ent 02 qty 25 urgent for po,63,14
Keyboard KB-77 in stock? looking for 15,availability,,,keyboard,keyboard kb 77 in stock looking for 15,38,8
Subj: Case 0390 - How much per tablet for qty 30? need pricing to build budget.,pricing,medium,,tablet,how much per tablet for qty 30 need pricing to build budget,59,12
Refund for order 14141 amount 250.00 — product incompatible and returned days ago.,refund_request,,14141.0,,refund for order 14141 amount 250 00 product incompatible and returned days ago,79,13
"Subj: Case 0847 - Your social media team never replies to DMs, kinda frustrating.",out_of_scope,,,,your social media team never replies to dms kinda frustrating,61,10
"Invoice required for 30303 Q3 2025, not urgent",invoice_request,low,30303.0,,invoice required for 30303 q3 2025 not urgent,45,8
"Subj: Case 0950 - Need order status for 68073 and please send the invoice for that order, thanks.",multiple_intents,,68073.0,,need order status for 68073 and please send the invoice for that order thanks,77,14
"Subj: Case 0546 - Need sales contact for India, enterprise, asap (proposal due).",sales_reps,high,,,need sales contact for india enterprise asap proposal due,57,9
"SKU MN-7701 quote and stock, qty 10, ship next day?",pricing_and_availability,medium,,,sku mn 7701 quote and stock qty 10 ship next day,48,11
"Subj: Case 0153 - Software license support never responds, been days, this is terrible service.",complaints,,,software license,software license support never responds been days this is terrible service,74,11
"Order 99009 status pls? Product was a software license for 5 seats, ordered last week.",order_status,,99009.0,software license,order 99009 status pls product was a software license for 5 seats ordered last week,83,15
Do you have XZ9981 and what's the cost? Need 4 units.,pricing_and_availability,medium,,,do you have xz9981 and what s the cost need 4 units,51,12
Where is my shipment 55990?? says delivered but didnt recieve it. Product: cables. Please investigate!,delivery_issue,high,55990.0,cables,where is my shipment 55990 says delivered but didnt recieve it product cables please investigate,96,15
"Subj: Case 0759 - Tablet camera app crashes on open, need help asap.",technical_support,high,,tablet,tablet camera app crashes on open need help asap,48,9
Subj: Case 0290 - Can you apply tax exemption to order 64024? need it fixed before invoicing.,order_modification_request,high,64024.0,,can you apply tax exemption to order 64024 need it fixed before invoicing,73,13
"Refund pls for order 22109, amount $349.99 — never used product, wrong model sent.",refund_request,,22109.0,,refund pls for order 22109 amount 349 99 never used product wrong model sent,76,14
Subj: Case 0926 - Need sales rep for California and also check price+stock for AB-2236 qty 9.,multiple_intents,,,,need sales rep for california and also check price stock for ab 2236 qty 9,74,15
Order mod: change payment method on 31331 to PO# 5566,order_modification_request,low,31331.0,,order mod change payment method on 31331 to po 5566,51,10
"We were charged twice for order 9350112, can you fix the balance? It's $249.99 extra.",credit_and_collections,,9350112.0,,we were charged twice for order 9350112 can you fix the balance it s 249 99 extra,81,17
"Order 12345 tablet not delivered, tracking shows exception, pls asap",delivery_issue,high,12345.0,tablet,order 12345 tablet not delivered tracking shows exception pls asap,66,10
"Subj: Case 0640 - Please start a return for order 66002 router, reason its the wrong model.",return_request,,66002.0,router,please start a return for order 66002 router reason its the wrong model,71,13
Subj: Case 0197 - Can someone explain the $7.25 'service charge' on order 62036? feels wrong.,credit_and_collections,,62036.0,,can someone explain the 7 25 service charge on order 62036 feels wrong,70,13
"Subj: Case 0659 - Please process return for printer order 66021, reason: grinding noise.",return_request,,66021.0,printer,please process return for printer order 66021 reason grinding noise,67,10
Order 88720 - software license never arrived. I only got an empty email. urgent please,delivery_issue,high,88720.0,software license,order 88720 software license never arrived i only got an empty email urgent please,82,14
"Subj: Case 0649 - Please approve return for router order 66011, reason: wifi keeps dropping.",return_request,,66011.0,router,please approve return for router order 66011 reason wifi keeps dropping,71,11
Subj: Case 0345 - Keyboard order 65025 status? placed earlier today.,order_status,,65025.0,keyboard,keyboard order 65025 status placed earlier today,48,7
My software license expired but it was auto-renewed and now activation fails. order 13131,technical_support,medium,,software license,my software license expired but it was auto renewed and now activation fails order 13131,88,15
"Where's my laptop order 70707?? no tracking since shipped, I'm furious",delivery_issue,high,70707.0,laptop,where s my laptop order 70707 no tracking since shipped i m furious,67,13
Monitor arrived with a crack (order 459033) so I'm complaining AND want to return it. This is ridiculous.,multiple_intents,,459033.0,,monitor arrived with a crack order 459033 so i m complaining and want to return it this is ridiculous,101,19
"Subj: Case 0486 - Need quick start guide for tablet, pdf pls.",product_docs,,,tablet,need quick start guide for tablet pdf pls,41,8
"Subj: Case 0662 - Return server rack order 66024, reason: door wont close right.",return_request,,66024.0,server rack,return server rack order 66024 reason door wont close right,59,10
"Subj: Case 0564 - Please connect me to sales in Belgium, enterprise client, urgent pls.",sales_reps,high,,,please connect me to sales in belgium enterprise client urgent pls,66,11
"I want product spec for laptop model L-9000, tech sheet version 3",product_docs,,,laptop,i want product spec for laptop model l 9000 tech sheet version 3,64,13
"Help! printer ink leaked all over box. Order 55566, want refund",multiple_intents,,55566.0,,help printer ink leaked all over box order 55566 want refund,60,11
"Subj: Case 0306 - Need to change ship date on order 64040, please delay 2 weeks.",order_modification_request,low,64040.0,,need to change ship date on order 64040 please delay 2 weeks,60,12
"Subj: Case 0440 - Need quote + availability for SR-42U-02 qty 1, not urgent.",pricing_and_availability,low,,,need quote availability for sr 42u 02 qty 1 not urgent,54,11
Subj: Case 0360 - Monitor order 65040: can you confirm it shipped? ordered 2026-02-02.,order_status,,65040.0,monitor,monitor order 65040 can you confirm it shipped ordered 2026 02 02,65,12
"Need to cancel order 10010 placed earlier today, order id 10010",order_modification_request,high,10010.0,,need to cancel order 10010 placed earlier today order id 10010,62,11
"Subj: Case 0088 - Need software license sku SW-STD-12, qty 12, available or backorder?",availability,,,software license,need software license sku sw std 12 qty 12 available or backorder,65,12
"Subj: Case 0259 - Please provide invoice for order 63033, urgent, our CFO requested it.",invoice_request,high,63033.0,,please provide invoice for order 63033 urgent our cfo requested it,66,11
"Laptop camera not detected by OS after update, need help troubleshooting pls.",technical_support,medium,,laptop,laptop camera not detected by os after update need help troubleshooting pls,75,12
Need software license agreement doc for software license SL-5 ver 2,product_docs,,,software license,need software license agreement doc for software license sl 5 ver 2,67,12
"Subj: Case 0271 - Need to add 5 cables onto order 64004, can you append it?",order_modification_request,medium,64004.0,,need to add 5 cables onto order 64004 can you append it,55,12
"Subj: Case 0173 - There is a chargeback on order 62012 for $849.00, need details pls.",credit_and_collections,,62012.0,,there is a chargeback on order 62012 for 849 00 need details pls,64,13
"Subj: Case 0758 - Keyboard bluetooth wont pair, tried holding the button, nothing.",technical_support,medium,,keyboard,keyboard bluetooth wont pair tried holding the button nothing,61,9
"I paid twice for order 44321, need refund for the duplicate charge, amount 799.50.",refund_request,,44321.0,,i paid twice for order 44321 need refund for the duplicate charge amount 799 50,79,15
"Refund for order 6810154 plz, software license key invalid. Amount 129.99.",refund_request,,6810154.0,,refund for order 6810154 plz software license key invalid amount 129 99,71,12
Subj: Case 0811 - Where can i find your press kit/logo files? need for an article.,out_of_scope,,,,where can i find your press kit logo files need for an article,62,13
Monitor order 22418's tracking stuck on 'label created' since 5 days,delivery_issue,medium,22418.0,monitor,monitor order 22418 s tracking stuck on label created since 5 days,66,12
"My tablet screen is dead after 2 days, battery seems fine but wont boot. Very frustrated.",complaints,,,tablet,my tablet screen is dead after 2 days battery seems fine but wont boot very frustrated,86,16
"Subj: Case 0326 - Where is order 65006 server rack? placed 10 days ago, no tracking.",order_status,,65006.0,server rack,where is order 65006 server rack placed 10 days ago no tracking,63,12
Subj: Case 0993 - Need invoice for order 68100 and also want to dispute the balance discrepancy in your AR emails.,multiple_intents,,68100.0,,need invoice for order 68100 and also want to dispute the balance discrepancy in your ar emails,95,17
"Subj: Case 0083 - Printer PR-INKJET2 sku IJ-2000, need 5, avail?",availability,,,printer,printer pr inkjet2 sku ij 2000 need 5 avail,43,9
Please add 2 more monitors to order 5902022 if not shipped yet.,order_modification_request,high,5902022.0,,please add 2 more monitors to order 5902022 if not shipped yet,62,12
I want vendor registration form for 'Global Parts' business: wholesaler region: US,vendor_registration,,,,i want vendor registration form for global parts business wholesaler region us,78,12
Monitor order 60606 shows delivered but neighbor doesn't have it,delivery_issue,high,60606.0,monitor,monitor order 60606 shows delivered but neighbor doesn t have it,64,11
"Subj: Case 0554 - Who is the sales rep for Illinois? we are 55 ppl, asap pls.",sales_reps,high,,,who is the sales rep for illinois we are 55 ppl asap pls,56,13
"Printer prints lines across pages, awful quality. Really mad",complaints,,,printer,printer prints lines across pages awful quality really mad,58,9
"Invoice request: order 705991, we need the bill for our PO closeout. pls",invoice_request,medium,705991.0,,invoice request order 705991 we need the bill for our po closeout pls,69,13
"Subj: Case 0446 - Need price & availability for MN-WIDE35 qty 3, asap pls for proposal.",pricing_and_availability,high,,,need price availability for mn wide35 qty 3 asap pls for proposal,65,12
"Subj: Case 0600 - Vendor request: Oceanic Networking, business type VAR/reseller, region New Zealand.",vendor_registration,,,,vendor request oceanic networking business type var reseller region new zealand,79,11
"Subj: Case 0543 - Need a rep in Australia, company size 200, no huge rush.",sales_reps,low,,,need a rep in australia company size 200 no huge rush,53,11
"Subj: Case 0852 - Order 68002 shows delivered but we didnt recieve it, also need to return if it ever shows up.",multiple_intents,,68002.0,,order 68002 shows delivered but we didnt recieve it also need to return if it ever shows up,91,18
"Subj: Case 0429 - Looking for quote and avail on PR-4412 qty 1, need today.",pricing_and_availability,high,,,looking for quote and avail on pr 4412 qty 1 need today,55,12
Is SKU LK-1010 in stock? Need 75 units for rollout next quarter.,availability,,,keyboard,is sku lk 1010 in stock need 75 units for rollout next quarter,62,13
Can you resend invoice for order 406771 and btw we were charged a late fee even though payment was sent. pls fix,multiple_intents,,406771.0,,can you resend invoice for order 406771 and btw we were charged a late fee even though payment was sent pls fix,111,22
"Subj: Case 0227 - Need invoice for order 63009 (laptop), no rush just when u can.",invoice_request,low,63009.0,,need invoice for order 63009 laptop no rush just when u can,59,12
Can you send the datasheet for the router model XR-200? Need specs for procurement.,product_docs,,,router,can you send the datasheet for the router model xr 200 need specs for procurement,81,15
"Subj: Case 0143 - Tablet gets super hot on video calls, worried it will fail.",complaints,,,tablet,tablet gets super hot on video calls worried it will fail,57,11
"Order 66212 monitor missing, tracking vanished. medium urgency",delivery_issue,medium,66212.0,monitor,order 66212 monitor missing tracking vanished medium urgency,60,8
"Software license 21212 key not sent after order, need asap",delivery_issue,high,21212.0,software license,software license 21212 key not sent after order need asap,57,10
"Subj: Case 0048 - Keyboard order 51048 delivered to 'mail room' but we are a warehouse, pls help locate.",delivery_issue,medium,51048.0,keyboard,keyboard order 51048 delivered to mail room but we are a warehouse pls help locate,82,15
"We want to register as a vendor. Company: HexaNova Ltd, B2B electronics, operating in EU.",vendor_registration,,,,we want to register as a vendor company hexanova ltd b2b electronics operating in eu,84,15
"Subj: Case 0425 - Keyboard quote qty 100, urgent pls send quickly.",pricing,high,,keyboard,keyboard quote qty 100 urgent pls send quickly,46,8
Could you send invoice for order 88800 for Q2 2026? Tax filing pending.,invoice_request,high,88800.0,,could you send invoice for order 88800 for q2 2026 tax filing pending,69,13
"Subj: Case 0286 - Need to correct email on order 64020 confirmation, typed wrong address.",order_modification_request,low,64020.0,,need to correct email on order 64020 confirmation typed wrong address,69,11
Need invoice for 12000 for April 2026 but not urgent,invoice_request,low,12000.0,,need invoice for 12000 for april 2026 but not urgent,52,10
"Subj: Case 0828 - I have a complaint about your ads following me everywhere, please stop retargeting.",out_of_scope,,,,i have a complaint about your ads following me everywhere please stop retargeting,81,13
TL-900 availability for 8 units? urgentish,pricing_and_availability,high,,,tl 900 availability for 8 units urgentish,41,7
Do you have firmware release notes for the PrintMaster 5000 printer? version 2.1 maybe?,product_docs,,,PrintMaster 5000 printer,do you have firmware release notes for the printmaster 5000 printer version 2 1 maybe,85,15
"Ticket: my printer is printing faded pages and lines, model unknown. It's unusable.",technical_support,high,,printer,ticket my printer is printing faded pages and lines model unknown it s unusable,79,14
pls send invoice for 77100 covering Feb-Mar 2026 asap! super urgent,invoice_request,high,77100.0,,pls send invoice for 77100 covering feb mar 2026 asap super urgent,66,12
"Subj: Case 0512 - Router CLI reference manual pls, version 5.4 maybe?",product_docs,,,router,router cli reference manual pls version 5 4 maybe,49,9
"Subj: Case 0411 - Router price check qty 2, pls provide.",pricing,medium,,router,router price check qty 2 pls provide,36,7
Can you send maintenance manual for printer model PRX-5 version 5.0?,product_docs,,,printer,can you send maintenance manual for printer model prx 5 version 5 0,67,13
"Subj: Case 0542 - Who is our account manager for Midwest US? we’re enterprise (10k), urgent pls.",sales_reps,high,,,who is our account manager for midwest us we re enterprise 10k urgent pls,73,14
"Vendor registration: AlphaSupply, wholesaler, region: Scandinavia. Need vendor form.",vendor_registration,,,,vendor registration alphasupply wholesaler region scandinavia need vendor form,78,9
What’s price for 7 tablets? Reply EOD pls.,pricing,high,,tablet,what s price for 7 tablets reply eod pls,40,9
"Invoice request for order 37373 for Dec 2024, need it for taxes",invoice_request,medium,37373.0,,invoice request for order 37373 for dec 2024 need it for taxes,62,12
Where's the warranty doc for laptop? which version? idk,product_docs,,,laptop,where s the warranty doc for laptop which version idk,53,10
Subj: Case 0863 - Please check if keyboard KB-90PRO is in stock and also what’s the price for qty 25?,multiple_intents,,,,please check if keyboard kb 90pro is in stock and also what s the price for qty 25,82,18
Can you resend invoice for 10001 for Jan-Feb? urgent pls,invoice_request,high,10001.0,,can you resend invoice for 10001 for jan feb urgent pls,55,11
I want to advertise on your site — not product support,out_of_scope,,,,i want to advertise on your site not product support,52,10
Is SKU ZP-88 available for printers qty 4? need leadtime,availability,,,printer,is sku zp 88 available for printers qty 4 need leadtime,55,11
"Subj: Case 0516 - Need tablet repairability info / service manual, if available.",product_docs,,,tablet,need tablet repairability info service manual if available,58,8
"The tablet touchscreen is unresponsive after one day, very frustrated with quality.",complaints,,,tablet,the tablet touchscreen is unresponsive after one day very frustrated with quality,81,12
"Hi team, I ordered a laptop two weeks ago (order 48291) and still havent recieved any tracking info. Where is it? I'm getting worried, pls reply asap.",delivery_issue,high,48291.0,laptop,hi team i ordered a laptop two weeks ago order 48291 and still havent recieved any tracking info where is it i m getting worried pls reply asap,143,28
Subj: Case 0716 - Refund request order 67025 amount 5000 reason: order never shipped and we cancelled.,refund_request,,67025.0,,refund request order 67025 amount 5000 reason order never shipped and we cancelled,82,13
Subj: Case 0273 - Can you change delivery date for order 64006 to next week? no longer need it today.,order_modification_request,low,64006.0,,can you change delivery date for order 64006 to next week no longer need it today,81,16
"Subj: Case 0102 - Printer sku PR-SCAN-4, qty 1, do you have it in stock right now?",availability,,,printer,printer sku pr scan 4 qty 1 do you have it in stock right now,61,15
"Adjust order 7330211 to swap printer color to white, pls.",order_modification_request,low,7330211.0,,adjust order 7330211 to swap printer color to white pls,55,10
Subj: Case 0883 - Need sales rep for APAC and also product docs (EULA) for software license.,multiple_intents,,,,need sales rep for apac and also product docs eula for software license,71,13
"Subj: Case 0168 - We were put on credit hold and cant place new orders, linked to order 62007 balance $5000.",credit_and_collections,,62007.0,,we were put on credit hold and cant place new orders linked to order 62007 balance 5000,87,17
"Subj: Case 0526 - Monitor energy star certification doc, pls.",product_docs,,,monitor,monitor energy star certification doc pls,41,6
"Payment posted to wrong account maybe? Order 8472601 is showing unpaid, amount 310.00.",credit_and_collections,,8472601.0,,payment posted to wrong account maybe order 8472601 is showing unpaid amount 310 00,83,14
"Subj: Case 0236 - Need invoices for Q1 2026, our auditor asked last minute, urgent pls.",invoice_request,high,,,need invoices for q1 2026 our auditor asked last minute urgent pls,66,12
"Subj: Case 0680 - Return server rack order 66042, reason: sharp edges / safety issue.",return_request,,66042.0,server rack,return server rack order 66042 reason sharp edges safety issue,62,10
Subj: Case 0909 - Can you check availability of SR-9U-WALL qty 5 and send the rack assembly manual v1.3?,multiple_intents,,,,can you check availability of sr 9u wall qty 5 and send the rack assembly manual v1 3,85,18
Can you recommend a competitor's router? pls advise,out_of_scope,,,,can you recommend a competitor s router pls advise,50,9
Vendor application: 'Rackify' manufacturer in EU pls,vendor_registration,,,,vendor application rackify manufacturer in eu pls,49,7
My order 14141 shows delivered but no package. Tracking lied. Please escalate.,delivery_issue,high,14141.0,,my order 14141 shows delivered but no package tracking lied please escalate,75,12
"Router won't pick up ISP PPPoE credentials, urgent",technical_support,high,,router,router won t pick up isp pppoe credentials urgent,49,9
"Subj: Case 0620 - Vendor setup: Horizon Router Labs, business type manufacturer, region Israel.",vendor_registration,,,,vendor setup horizon router labs business type manufacturer region israel,73,10
Need to cancel order 9902711 (printer) if it hasn't gone out yet pls!,order_modification_request,high,9902711.0,,need to cancel order 9902711 printer if it hasn t gone out yet pls,66,14
Subj: Case 0990 - Printer prints blank pages (support) and also want invoice copy for order 68098.,multiple_intents,,68098.0,,printer prints blank pages support and also want invoice copy for order 68098,77,13
"Subj: Case 0691 - Please return tablet order 66053, reason: changed mind / not needed.",return_request,,66053.0,tablet,please return tablet order 66053 reason changed mind not needed,63,10
What’s your best price on 12 routers for small office? not urgent just budgeting,pricing,low,,router,what s your best price on 12 routers for small office not urgent just budgeting,79,15
"Need price for laptop dock for 50 units, quarterly procurement",pricing,low,,laptop,need price for laptop dock for 50 units quarterly procurement,61,10
"Hi, the laptop I got is faulty — screen flickers and battery dies quick. Really annoyed.",complaints,,,laptop,hi the laptop i got is faulty screen flickers and battery dies quick really annoyed,83,15
How to apply for job? saw roles on LinkedIn,out_of_scope,,,,how to apply for job saw roles on linkedin,42,9
Collections reached out about order 10123 but we have a plan. order10123,credit_and_collections,,10123.0,,collections reached out about order 10123 but we have a plan order10123,71,12
Any update on order statuz for #129045? It's a laptop order from last Friday.,order_status,,129045.0,laptop,any update on order statuz for 129045 it s a laptop order from last friday,74,15
"Subj: Case 0806 - Your phone support line keeps hanging up on me, this is ridiculous.",out_of_scope,,,,your phone support line keeps hanging up on me this is ridiculous,65,12
Availability for SKU ZT-101 for laptop chargers? need 20,availability,,,laptop,availability for sku zt 101 for laptop chargers need 20,55,10
"Subj: Case 0748 - Monitor shows 'no signal' even though cable is plugged, can you advise?",technical_support,medium,,monitor,monitor shows no signal even though cable is plugged can you advise,67,12
Subj: Case 0970 - Monitor not going above 60hz (support) and i'm honestly disappointed (complaint).,multiple_intents,,,,monitor not going above 60hz support and i m honestly disappointed complaint,76,12
"Subj: Case 0137 - Router range is way worse than advertised, cant cover our small office.",complaints,,,router,router range is way worse than advertised cant cover our small office,69,12
"Can I register as vendor? Company: TechNova, we are manufacturer, region: APAC.",vendor_registration,,,,can i register as vendor company technova we are manufacturer region apac,73,12
"Subj: Case 0624 - Vendor reg request: MetroCables Wholesale, business type wholesaler, region Spain.",vendor_registration,,,,vendor reg request metrocables wholesale business type wholesaler region spain,78,10
"Subj: Case 0049 - Tablet order 51049 is late and we travel Friday, need it before then pls.",delivery_issue,high,51049.0,tablet,tablet order 51049 is late and we travel friday need it before then pls,71,14
Invoice says overdue for order 33441 but we already paid. check pls,credit_and_collections,,33441.0,,invoice says overdue for order 33441 but we already paid check pls,66,12
Return my monitor in order 6401208—stand missing.,return_request,,6401208.0,monitor,return my monitor in order 6401208 stand missing,48,8
Subj: Case 0889 - Printer driver install fails (tech support) and also is PR-4411 even in stock? need 3 more.,multiple_intents,,,,printer driver install fails tech support and also is pr 4411 even in stock need 3 more,87,17
Can you confirm if order 760055 has been packed? It's the keyboard I ordered yesterday evening.,order_status,,760055.0,keyboard,can you confirm if order 760055 has been packed it s the keyboard i ordered yesterday evening,93,17
Can I have two invoices merged for orders 11111 and 11112? Please advise,invoice_request,low,11111.0,,can i have two invoices merged for orders 11111 and 11112 please advise,71,13
Can I return software license order 22322? reason: license key invalid,return_request,,22322.0,software license,can i return software license order 22322 reason license key invalid,68,11
Subj: Case 0735 - Refund request order 67044 amount 125 reason: incorrect fee applied.,refund_request,,67044.0,,refund request order 67044 amount 125 reason incorrect fee applied,66,10
Subj: Case 0915 - Complaint: keyboard keys stick AND i need tech support to troubleshoot before returning.,multiple_intents,,,,complaint keyboard keys stick and i need tech support to troubleshoot before returning,86,13
Subj: Case 0947 - Need refund order 68071 amount 260 and also dispute credit hold on our account.,multiple_intents,,68071.0,,need refund order 68071 amount 260 and also dispute credit hold on our account,78,14
"Subj: Case 0797 - Router DNS settings not taking effect, clients still use old DNS, help asap.",technical_support,high,,router,router dns settings not taking effect clients still use old dns help asap,73,13
"Server rack delivery delayed again — order 77231, pls escalate, our deployment blocked.",delivery_issue,high,77231.0,server rack,server rack delivery delayed again order 77231 pls escalate our deployment blocked,82,12
"Subj: Case 0146 - Router firmware update bricked it, now its dead, extremely upset.",complaints,,,router,router firmware update bricked it now its dead extremely upset,62,10
Subj: Case 0489 - Please send driver download doc for printer (supported OS list).,product_docs,,,printer,please send driver download doc for printer supported os list,61,10
Pricing & availability for SKU KB-777 qty 40 urgent for event next week.,pricing_and_availability,high,,,pricing availability for sku kb 777 qty 40 urgent for event next week,69,13
"Printer arrived with wrong voltage plug and fried the unit, totally pissed off.",complaints,,,printer,printer arrived with wrong voltage plug and fried the unit totally pissed off,77,13
"Hello, we want to register as a vendor. Company name: NorthBridge IT Supplies, business type: reseller, region: US.",vendor_registration,,,,hello we want to register as a vendor company name northbridge it supplies business type reseller region us,107,18
"Subj: Case 0590 - Can you send vendor onboarding link? Company: HarborIT Supplies, business type distributor, region Australia.",vendor_registration,,,,can you send vendor onboarding link company harborit supplies business type distributor region australia,104,14
"Subj: Case 0924 - Need to cancel order 68055 and get invoice for the remaining shipped items, pls.",multiple_intents,,68055.0,,need to cancel order 68055 and get invoice for the remaining shipped items pls,78,14
Invoice request for order 55000 Jan 2026 — low priority,invoice_request,low,55000.0,,invoice request for order 55000 jan 2026 low priority,53,9
Is this the right place to ask about catering orders? Not related to purchase.,out_of_scope,,,,is this the right place to ask about catering orders not related to purchase,76,14
Product docs: want installation guide for server rack SR-5 v1.3,product_docs,,,server rack,product docs want installation guide for server rack sr 5 v1 3,62,12
Subj: Case 0231 - Can you send the invoice for order 63012? thanks in advance.,invoice_request,medium,63012.0,,can you send the invoice for order 63012 thanks in advance,58,11
"Subj: Case 0142 - Keyboard software is full of bugs, macros dont save, very frustrated.",complaints,,,keyboard,keyboard software is full of bugs macros dont save very frustrated,66,11
"Vendor registration: MacroTech, supplier, region: Brazil. What's the onboarding time?",vendor_registration,,,,vendor registration macrotech supplier region brazil what s the onboarding time,79,11
Looking for a sales rep for the Midwest region; we're a 120-person startup. Call me soon?,sales_reps,medium,,,looking for a sales rep for the midwest region we re a 120 person startup call me soon,86,18
"Subj: Case 0158 - Cables keep falling out, connectors are too loose, not acceptable.",complaints,,,cables,cables keep falling out connectors are too loose not acceptable,63,10
Is keyboard AB-2234 available? Also want warranty docs pls,multiple_intents,,,,is keyboard ab 2234 available also want warranty docs pls,57,10
Order 68686 (keyboard) ETA? I need it by Monday,order_status,,68686.0,keyboard,order 68686 keyboard eta i need it by monday,44,9
"Subj: Case 0815 - I got a weird scam email pretending to be you, just letting you know.",out_of_scope,,,,i got a weird scam email pretending to be you just letting you know,67,14
TB-2 tablets available for 6 pls,availability,,,tablet,tb 2 tablets available for 6 pls,32,7
Need to return the monitor from order 720551. It has dead pixels and it’s driving me nuts,return_request,,720551.0,monitor,need to return the monitor from order 720551 it has dead pixels and it s driving me nuts,88,18
"Complaint: monitor color calibration way off out of box, unusable",complaints,,,monitor,complaint monitor color calibration way off out of box unusable,63,10
Can you send all invoices for Jan 2026 as one PDF bundle? thx,invoice_request,medium,,,can you send all invoices for jan 2026 as one pdf bundle thx,60,13
"Subj: Case 0651 - Need to return monitor order 66013, reason: dead pixels.",return_request,,66013.0,monitor,need to return monitor order 66013 reason dead pixels,53,9
"Share compliance cert for router, version 2024 CE mark.",product_docs,,,router,share compliance cert for router version 2024 ce mark,53,9
"Subj: Case 0192 - Order 62031 got sent to collections but the product was returned, balance $640.00 should be zero.",credit_and_collections,,62031.0,,order 62031 got sent to collections but the product was returned balance 640 00 should be zero,94,17
"Subj: Case 0761 - Printer driver install fails on Windows 11, any workaround?",technical_support,medium,,printer,printer driver install fails on windows 11 any workaround,57,9
"Subj: Case 0233 - Invoice for order 63013 missing PO number, can you resend corrected PDF asap.",invoice_request,high,63013.0,,invoice for order 63013 missing po number can you resend corrected pdf asap,75,13
Requesting refund for order 87878 amount 9.99 — returned item reason: wrong_size,refund_request,,87878.0,,requesting refund for order 87878 amount 9 99 returned item reason wrong size,77,13
"Order 66601 charged wrong amount, should be 299.99 but billed 399.99, please correct",credit_and_collections,,66601.0,,order 66601 charged wrong amount should be 299 99 but billed 399 99 please correct,82,15
When is order 7056651 for keyboard arriving? Before Friday?,order_status,,7056651.0,keyboard,when is order 7056651 for keyboard arriving before friday,57,9
"Subj: Case 0977 - Need sales rep for UK and availability on PR-4411 qty 3, pls.",multiple_intents,,,,need sales rep for uk and availability on pr 4411 qty 3 pls,59,13
"Subj: Case 0714 - Need refund for order 67023, amount 300.00, reason: software license cancelled.",refund_request,,67023.0,,need refund for order 67023 amount 300 00 reason software license cancelled,75,12
"Subj: Case 0666 - Want to return laptop order 66028, reason: cosmetic scratches on lid.",return_request,,66028.0,laptop,want to return laptop order 66028 reason cosmetic scratches on lid,66,11
Subj: Case 0324 - Order 65004 monitor: did it ship yet? ordered last week.,order_status,,65004.0,monitor,order 65004 monitor did it ship yet ordered last week,53,10
Recieved wrong color tablet order 22490. I want return and refund pls,multiple_intents,,22490.0,,recieved wrong color tablet order 22490 i want return and refund pls,68,12
Return printer 60606 because it smoke on first use,return_request,,60606.0,printer,return printer 60606 because it smoke on first use,50,9
Please assign Germany rep for 180 staff company low,sales_reps,low,,,please assign germany rep for 180 staff company low,51,9
Refund request: order 11002 $250. reason: cancelled by seller,refund_request,,11002.0,,refund request order 11002 250 reason cancelled by seller,57,9
KBD-202 pricing and availability for 40 units pls,pricing_and_availability,medium,,,kbd 202 pricing and availability for 40 units pls,49,9
"Subj: Case 0191 - We wired payment but order 62030 still shows $1800 due, can you confirm receipt?",credit_and_collections,,62030.0,,we wired payment but order 62030 still shows 1800 due can you confirm receipt,77,14
Subj: Case 0835 - Could you provide a statement of work template? we’re drafting procurement docs.,out_of_scope,,,,could you provide a statement of work template we re drafting procurement docs,78,13
"Quote for 3 premium routers pls, quick turnaround.",pricing,medium,,router,quote for 3 premium routers pls quick turnaround,48,8
"Wtf — order 55770 never arrived, tracking useless. This is urgent, we need the router.",delivery_issue,high,55770.0,router,wtf order 55770 never arrived tracking useless this is urgent we need the router,80,14
"Subj: Case 0515 - Keyboard warranty + return policy doc, latest version pls.",product_docs,,,keyboard,keyboard warranty return policy doc latest version pls,54,8
Product docs: need API guide for software license version 2.5,product_docs,,,software license,product docs need api guide for software license version 2 5,60,11
Subj: Case 0081 - Any server racks SR-18U-SLIM left? need 3.,availability,,,server rack,any server racks sr 18u slim left need 3,40,9
Order 55670 delayed and billing shows $0 but charged — need help,multiple_intents,,55670.0,,order 55670 delayed and billing shows 0 but charged need help,61,11
"Subj: Case 0813 - I’m trying to reset my password but dont get the email, could be my spam.",out_of_scope,,,,i m trying to reset my password but dont get the email could be my spam,71,16
Software license activation keeps failing with 'invalid host id'. It’s blocking deployment today,technical_support,high,,software license,software license activation keeps failing with invalid host id it s blocking deployment today,93,14
"Subj: Case 0151 - Keyboard legends are fading already, after a month, thats ridiculous.",complaints,,,keyboard,keyboard legends are fading already after a month thats ridiculous,66,10
Why did you remove the blog post about office setups? Kinda annoying to find info now.,out_of_scope,,,,why did you remove the blog post about office setups kinda annoying to find info now,84,16
Datasheet for monitor MTR-45 v3 needed,product_docs,,,monitor,datasheet for monitor mtr 45 v3 needed,38,7
Refund: returned laptop under order 20203 amount 899.00 — reason: defective battery,refund_request,,20203.0,,refund returned laptop under order 20203 amount 899 00 reason defective battery,79,12
Subj: Case 0732 - Please refund order 67041 amount 110.00 reason: price match approved.,refund_request,,67041.0,,please refund order 67041 amount 110 00 reason price match approved,67,11
Do you have a student discount? Just curious.,out_of_scope,,,,do you have a student discount just curious,43,8
"Return order 31313 — printer not compatible with our OS, want returns label.",return_request,,31313.0,printer,return order 31313 printer not compatible with our os want returns label,72,12
"Subj: Case 0257 - Invoice copy needed: order 63031, thanks.",invoice_request,medium,63031.0,,invoice copy needed order 63031 thanks,38,6
"technical issue: monitor flickers when HDMI connected, medium priority",technical_support,medium,,monitor,technical issue monitor flickers when hdmi connected medium priority,68,9
Can you connect me with a sales person for NYC area? We're a small startup (20 ppl) and need pricing soon.,sales_reps,high,,,can you connect me with a sales person for nyc area we re a small startup 20 ppl and need pricing soon,102,22
Subj: Case 0979 - Refund request order 68090 amount 333.33 and please confirm order cancellation too.,multiple_intents,,68090.0,,refund request order 68090 amount 333 33 and please confirm order cancellation too,82,13
"Statement shows past-due but we never recieved the invoice. Order id 502981, amount says 1200.00.",credit_and_collections,,502981.0,,statement shows past due but we never recieved the invoice order id 502981 amount says 1200 00,94,17
Subj: Case 0867 - Router order 68013: it keeps dropping wifi (support) and we want to cancel the order line.,multiple_intents,,68013.0,,router order 68013 it keeps dropping wifi support and we want to cancel the order line,86,16
Where's the quickstart guide for laptop LP-5000 ver1?,product_docs,,,laptop,where s the quickstart guide for laptop lp 5000 ver1,52,10
Subj: Case 0981 - Need to change order 68092 quantity and also confirm availability of that printer model.,multiple_intents,,68092.0,,need to change order 68092 quantity and also confirm availability of that printer model,87,14
"Software license activation server error. cant activate, urgent",technical_support,high,,software license,software license activation server error cant activate urgent,61,8
"Subj: Case 0802 - Thanks for the great webinar yesterday, just wanted to say it was helpful.",out_of_scope,,,,thanks for the great webinar yesterday just wanted to say it was helpful,72,13
Subj: Case 0733 - Need refund for order 67042 amount 18.75 reason: duplicate shipping charge.,refund_request,,67042.0,,need refund for order 67042 amount 18 75 reason duplicate shipping charge,73,12
I ordered a keyboard 69696 and it hasn't arrived. can you check?,delivery_issue,medium,69696.0,keyboard,i ordered a keyboard 69696 and it hasn t arrived can you check,62,13
"Subj: Case 0130 - Monitor has backlight bleed on all corners, looks terrible.",complaints,,,monitor,monitor has backlight bleed on all corners looks terrible,57,9
"We received collections notice for order 22331, but it's under review. Please stop!",credit_and_collections,,22331.0,,we received collections notice for order 22331 but it s under review please stop,80,14
"Subj: Case 0451 - For LT-13AIR2 laptop, can you send quote + stock qty 9?",pricing_and_availability,medium,,,for lt 13air2 laptop can you send quote stock qty 9,51,11
Order 733509 for the router—did it ship yet? i didnt get tracking email,order_status,,733509.0,router,order 733509 for the router did it ship yet i didnt get tracking email,70,14
"Pricing for SKU KL-900 for keyboards, qty 30. asap pls",pricing_and_availability,high,,,pricing for sku kl 900 for keyboards qty 30 asap pls,52,11
"Payment short paid on 66710, invoice shows $120 missing",credit_and_collections,,66710.0,,payment short paid on 66710 invoice shows 120 missing,53,9
"Subj: Case 0962 - Credit hold because of order 68080 but we returned it, please clear and process refund 499.00.",multiple_intents,,68080.0,,credit hold because of order 68080 but we returned it please clear and process refund 499 00,92,17
"Out of scope: asking how to build a server from scratch, not your service",out_of_scope,,,,out of scope asking how to build a server from scratch not your service,71,14
Need a sales contact for UK/Ireland region. Small startup (20 ppl).,sales_reps,low,,,need a sales contact for uk ireland region small startup 20 ppl,63,12
"Hey, got 2 issues: order 33333 late and also invoice missing 33333",multiple_intents,,33333.0,,hey got 2 issues order 33333 late and also invoice missing 33333,64,12
"Need whitepaper for server rack safety standards v4, can you send it?",product_docs,,,server rack,need whitepaper for server rack safety standards v4 can you send it,67,12
"Looking for pricing on 200 cables, medium pls",pricing,medium,,cables,looking for pricing on 200 cables medium pls,44,8
Can I change qty on order 66002 from 5 to 8? order id 66002. Thanks.,order_modification_request,low,66002.0,,can i change qty on order 66002 from 5 to 8 order id 66002 thanks,65,15
Subj: Case 0916 - Need invoice for 68049 plus can you confirm if we can return within 30 days?,multiple_intents,,68049.0,,need invoice for 68049 plus can you confirm if we can return within 30 days,75,15
"Router bricked and I also want to register as vendor, odd combo",multiple_intents,,,,router bricked and i also want to register as vendor odd combo,62,12
"We'd like to become vendors. Name: Orbit Owl LLC, hardware reseller, region: UK.",vendor_registration,,,,we d like to become vendors name orbit owl llc hardware reseller region uk,74,14
"Vendor signup: LimeArc Tech, MSP, region Middle East.",vendor_registration,,,,vendor signup limearc tech msp region middle east,49,8
Subj: Case 0846 - I need a letter confirming you’re an authorized distributor for our records.,out_of_scope,,,,i need a letter confirming you re an authorized distributor for our records,75,13
"Subj: Case 0199 - Please update the AR contact, we keep missing notices; order 62038 says $1400 due.",credit_and_collections,,62038.0,,please update the ar contact we keep missing notices order 62038 says 1400 due,78,14
"Subj: Case 0521 - Need cable bend radius / install guide, version 2025.1 maybe?",product_docs,,,cables,need cable bend radius install guide version 2025 1 maybe,57,10
Can you cancel order 662981 and confirm if the refund will be automatic? We ordered the wrong printer model.,multiple_intents,,662981.0,,can you cancel order 662981 and confirm if the refund will be automatic we ordered the wrong printer model,106,19
I have a suggestion for product roadmap — feature idea for keyboard backlight,out_of_scope,,,,i have a suggestion for product roadmap feature idea for keyboard backlight,75,12
"Subj: Case 0985 - Order 68095 laptop: status check + invoice pdf needed today, AP cutoff.",multiple_intents,,68095.0,,order 68095 laptop status check invoice pdf needed today ap cutoff,66,11
"Subj: Case 0374 - Need pricing for 10 laptops, can you quote asap pls.",pricing,high,,laptop,need pricing for 10 laptops can you quote asap pls,50,10
Subj: Case 0736 - Need refund for order 67045 amount 62.10 reason: cancelled cable line item.,refund_request,,67045.0,,need refund for order 67045 amount 62 10 reason cancelled cable line item,73,13
"Need price + if it's in stock: SKU RT-4400, qty 10. Pls reply asap.",pricing_and_availability,high,,,need price if it s in stock sku rt 4400 qty 10 pls reply asap,61,15
"Subj: Case 0125 - Tablet charges super slow, and battery drains overnight, disappointed.",complaints,,,tablet,tablet charges super slow and battery drains overnight disappointed,67,9
"Hi — just asking about office party decorations, is that something you do?",out_of_scope,,,,hi just asking about office party decorations is that something you do,70,12
Could you resend invoice for order 7783310 for Jan 2025? Need for audit.,invoice_request,low,7783310.0,,could you resend invoice for order 7783310 for jan 2025 need for audit,70,13
Availability: SKU TL-101 routers? Need 15 units for branch upgrade.,availability,,,router,availability sku tl 101 routers need 15 units for branch upgrade,64,11
My monitor 33333 keeps flickering when connected to laptop. urgent since presentation tomorrow,technical_support,high,,monitor,my monitor 33333 keeps flickering when connected to laptop urgent since presentation tomorrow,93,13
Order 7712009 shows a random $9 fee. What is this? Remove it.,credit_and_collections,,7712009.0,,order 7712009 shows a random 9 fee what is this remove it,57,12
"Subj: Case 0337 - Order 65017 tablet status pls, placed end of January.",order_status,,65017.0,tablet,order 65017 tablet status pls placed end of january,51,9
"Subj: Case 0042 - Laptop order 51042 got delayed and our exec is mad, can you find a real ETA??",delivery_issue,high,51042.0,laptop,laptop order 51042 got delayed and our exec is mad can you find a real eta,74,16
Subj: Case 0347 - Software license order 65027: when do we get the key? purchased 3 hours ago.,order_status,,65027.0,software license,software license order 65027 when do we get the key purchased 3 hours ago,73,14
"Subj: Case 0302 - Need to change the shipping address on order 64036 asap, package will go to wrong site.",order_modification_request,high,64036.0,,need to change the shipping address on order 64036 asap package will go to wrong site,85,16
"Hey, where's my order? I ordered a laptop last week, order# 45231, never got any tracking, its been ages. pls update asap!!",delivery_issue,high,45231.0,laptop,hey where s my order i ordered a laptop last week order 45231 never got any tracking its been ages pls update asap,114,23
Please email invoice for order 5855013 (Apr 2025).,invoice_request,low,5855013.0,,please email invoice for order 5855013 apr 2025,47,8
Subj: Case 0335 - Order 65015 server rack: any shipping confirmation? ordered 1 week ago.,order_status,,65015.0,server rack,order 65015 server rack any shipping confirmation ordered 1 week ago,68,11
Subj: Case 0866 - Delivery issue on order 68012 (printer missing) and we need the invoice resent too.,multiple_intents,,68012.0,,delivery issue on order 68012 printer missing and we need the invoice resent too,80,14
Datasheet for monitor M-101 ver3.1 required,product_docs,,,monitor,datasheet for monitor m 101 ver3 1 required,43,8
"Subj: Case 0560 - Can you route me to sales for Portugal? startup team 6 ppl, not urgent.",sales_reps,low,,,can you route me to sales for portugal startup team 6 ppl not urgent,68,14
"Laptop OS won't boot after update, urgent cause meeting",technical_support,high,,laptop,laptop os won t boot after update urgent cause meeting,54,10
multiple: order 33400 — monitor arrived broken AND need replacement invoice,multiple_intents,,33400.0,,multiple order 33400 monitor arrived broken and need replacement invoice,72,10
Subj: Case 0353 - Server rack order 65033: can you confirm ship date? ordered 2 months ago.,order_status,,65033.0,server rack,server rack order 65033 can you confirm ship date ordered 2 months ago,70,13
Subj: Case 0877 - Order 68020 keyboard arrived damaged (delivery issue) and i want to return it.,multiple_intents,,68020.0,,order 68020 keyboard arrived damaged delivery issue and i want to return it,75,13
"Hi, can you tell me current unit cost for the tablet if we buy 3? Reply when you get a chance.",pricing,medium,,tablet,hi can you tell me current unit cost for the tablet if we buy 3 reply when you get a chance,91,21
"I need invoice for order 20121 for billing month Oct 2024, thanks",invoice_request,low,20121.0,,i need invoice for order 20121 for billing month oct 2024 thanks,64,12
"Subj: Case 0157 - Monitor wakes up slow and sometimes stays black, super annoying.",complaints,,,monitor,monitor wakes up slow and sometimes stays black super annoying,62,10
"Subj: Case 0652 - Return cables order 66014, reason: connectors too loose.",return_request,,66014.0,cables,return cables order 66014 reason connectors too loose,53,8
Need invoice for order 22345 for 2025 Q4 but not urgent,invoice_request,low,22345.0,,need invoice for order 22345 for 2025 q4 but not urgent,55,11
"Subj: Case 0106 - Server rack sku SR-9U-WALL, qty 5, can you confirm availability?",availability,,,server rack,server rack sku sr 9u wall qty 5 can you confirm availability,61,12
"Subj: Case 0189 - Please stop auto reminders for order 62028, we will pay $760.00 on Friday.",credit_and_collections,,62028.0,,please stop auto reminders for order 62028 we will pay 760 00 on friday,71,14
"Need invoice for order 99001 for March 2026 quarter, accounting deadline soon.",invoice_request,high,99001.0,,need invoice for order 99001 for march 2026 quarter accounting deadline soon,76,12
"Need to change ship-to address on order 572904 (keyboard). We moved offices, pls update to the new address on file.",order_modification_request,medium,572904.0,,need to change ship to address on order 572904 keyboard we moved offices pls update to the new address on file,110,21
I got a 2nd reminder for order 330781 and the amount looks wrong (says 499). Can someone check the invoice vs payment?,credit_and_collections,,330781.0,,i got a 2nd reminder for order 330781 and the amount looks wrong says 499 can someone check the invoice vs payment,114,22
Multiple: order 99999 — want refund AND reship the monitor,multiple_intents,,99999.0,,multiple order 99999 want refund and reship the monitor,55,9
"Refund for order 40404, amount 1200 — product failed QA and we cant use it.",refund_request,,40404.0,,refund for order 40404 amount 1200 product failed qa and we cant use it,71,14
"Tablet 15151 courier lost the package, need help ASAP",delivery_issue,high,15151.0,tablet,tablet 15151 courier lost the package need help asap,52,9
Subj: Case 0935 - Please check status of order 68063 and add signature required to delivery asap.,multiple_intents,,68063.0,,please check status of order 68063 and add signature required to delivery asap,78,13
Subj: Case 0856 - Router keeps rebooting (tech help) and we want a refund on order 68005 if cant fix.,multiple_intents,,68005.0,,router keeps rebooting tech help and we want a refund on order 68005 if cant fix,80,16
"Subj: Case 0292 - Need to change payment method on order 64026, our card got declined.",order_modification_request,high,64026.0,,need to change payment method on order 64026 our card got declined,66,12
"Subj: Case 0585 - Who handles sales for Argentina? mid-market 700 employees, asap pls.",sales_reps,high,,,who handles sales for argentina mid market 700 employees asap pls,65,11
Random non-related: do you host music events? asking for community group.,out_of_scope,,,,random non related do you host music events asking for community group,70,12
"Please register vendor: BrightParts, components supplier, region: EU",vendor_registration,,,,please register vendor brightparts components supplier region eu,64,8
"Technical: server rack grounding not correct after install, safety issue",technical_support,high,,server rack,technical server rack grounding not correct after install safety issue,70,10
"Subj: Case 0518 - Can you send server rack assembly manual, version v1.3?",product_docs,,,server rack,can you send server rack assembly manual version v1 3,53,10
Availability check for SKU CB-2020 (USB-C cables). Need 100 units.,availability,,,cables,availability check for sku cb 2020 usb c cables need 100 units,62,12
"Need invoice for 25252 — period: 2026 Q1, medium",invoice_request,medium,25252.0,,need invoice for 25252 period 2026 q1 medium,44,8
Subj: Case 0372 - Keyboard order 65052: any progress? ordered 2 days ago.,order_status,,65052.0,keyboard,keyboard order 65052 any progress ordered 2 days ago,52,9
"Can I get pricing for server rack - qty 2, medium plz",pricing,medium,,server rack,can i get pricing for server rack qty 2 medium plz,50,11
Do you have monitor stock? SKU MN-4500 — need qty 3 for office asap.,availability,,,monitor,do you have monitor stock sku mn 4500 need qty 3 for office asap,64,14
"Subj: Case 0951 - Router password reset not working (support) and i need to return it, order 68074.",multiple_intents,,68074.0,,router password reset not working support and i need to return it order 68074,77,14
"Subj: Case 0839 - Please remove a review i posted by mistake on your site, thanks.",out_of_scope,,,,please remove a review i posted by mistake on your site thanks,62,12
"Hi, can I change shipping on order 44290? Need to update address, pls help asap",order_modification_request,high,44290.0,,hi can i change shipping on order 44290 need to update address pls help asap,76,15
We paid order 315880 but collections says overdue; also please send the invoice copy. This is urgent.,multiple_intents,,315880.0,,we paid order 315880 but collections says overdue also please send the invoice copy this is urgent,98,17
My tablet is defective and need refund for order 22350 asap,multiple_intents,,22350.0,,my tablet is defective and need refund for order 22350 asap,59,11
"Subj: Case 0602 - Pls register vendor: Prism Software Partners, business type software publisher, region UK.",vendor_registration,,,,pls register vendor prism software partners business type software publisher region uk,86,12
"Subj: Case 0784 - Printer keeps going offline in Windows, then comes back, pls help.",technical_support,medium,,printer,printer keeps going offline in windows then comes back pls help,63,11
"Change qty on 34343 from 5 to 2, urgent pls",order_modification_request,high,34343.0,,change qty on 34343 from 5 to 2 urgent pls,42,10
"Subj: Case 0047 - Order 51047 cables came opened and taped, not sure if complete, can you verify?",delivery_issue,low,51047.0,cables,order 51047 cables came opened and taped not sure if complete can you verify,76,14
"Monitor screen has vertical lines, extremely annoyed. Want replacement",complaints,,,monitor,monitor screen has vertical lines extremely annoyed want replacement,68,9
Subj: Case 0373 - Tablet order 65053: can you confirm if it shipped? ordered 2026-02-15.,order_status,,65053.0,tablet,tablet order 65053 can you confirm if it shipped ordered 2026 02 15,67,13
"Price check: server rack, qty 1, kinda urgent this week",pricing,medium,,server rack,price check server rack qty 1 kinda urgent this week,52,10
"Subj: Case 0005 - Order 51005 cables are missing from the carton (only 1 bag in there), can you resend?",delivery_issue,medium,51005.0,cables,order 51005 cables are missing from the carton only 1 bag in there can you resend,81,16
Need sales rep in LATAM for 300 employees medium,sales_reps,medium,,,need sales rep in latam for 300 employees medium,48,9
Invoice request for order 6405512 (Nov 2024). Need it by tomorrow.,invoice_request,high,6405512.0,,invoice request for order 6405512 nov 2024 need it by tomorrow,62,11
Need vendor registration info for BrightLoop Consulting (we do IT consulting) - based in APAC/Singapore.,vendor_registration,,,,need vendor registration info for brightloop consulting we do it consulting based in apac singapore,99,15
"I recieved the email saying my laptop shipped, but tracking just loops and no ETA. Order 619430.",delivery_issue,medium,619430.0,laptop,i recieved the email saying my laptop shipped but tracking just loops and no eta order 619430,93,17
"Is monitor stock available? SKU MN-330, need 2",availability,,,monitor,is monitor stock available sku mn 330 need 2,44,9
Subj: Case 0845 - Can you help me set up my home wifi? i know this isn't your job but pls.,out_of_scope,,,,can you help me set up my home wifi i know this isn t your job but pls,70,18
I need to return order 744910 (keyboard) AND get a refund. it arrived with sticky keys,multiple_intents,,744910.0,,i need to return order 744910 keyboard and get a refund it arrived with sticky keys,83,16
"Subj: Case 0171 - We need a credit limit increase, but got told order 62010 unpaid $300.00 (we paid).",credit_and_collections,,62010.0,,we need a credit limit increase but got told order 62010 unpaid 300 00 we paid,78,16
Subj: Case 0900 - Please refund order 68036 amount 199.99 and stop the collections reminders.,multiple_intents,,68036.0,,please refund order 68036 amount 199 99 and stop the collections reminders,74,12
Subj: Case 0984 - Need availability + pricing for USB-C-2M qty 40 and also cable datasheet v1.1.,multiple_intents,,,,need availability pricing for usb c 2m qty 40 and also cable datasheet v1 1,75,15
"Refund for order 88812 amount 49.99, shipping never arrived and item lost.",refund_request,,88812.0,,refund for order 88812 amount 49 99 shipping never arrived and item lost,72,13
"Subj: Case 0003 - Order 51003 monitor arrived but the box is smashed + screen cracked, what now??",delivery_issue,high,51003.0,monitor,order 51003 monitor arrived but the box is smashed screen cracked what now,74,13
Subj: Case 0899 - Need product docs for tablet (quick start) and also check availability TB-PRO11 qty 2.,multiple_intents,,,,need product docs for tablet quick start and also check availability tb pro11 qty 2,83,15
"Hey, want pricing on cables quantity 200, low priority",pricing,low,,cables,hey want pricing on cables quantity 200 low priority,52,9
"Order 77200: invoice missing and account shows past due, pls advise",multiple_intents,,77200.0,,order 77200 invoice missing and account shows past due pls advise,65,11
"Delivery issue: cables box arrived torn open and missing items. Order id 902117, pls advise.",delivery_issue,low,902117.0,cables,delivery issue cables box arrived torn open and missing items order id 902117 pls advise,88,15
SL-500 availability for 1000 seats? medium,pricing_and_availability,medium,,,sl 500 availability for 1000 seats medium,41,7
"Any ETA/availability on software license packs, SKU LIC-PRO-12M. Need 60 but can do partial if that helps",availability,,,software license,any eta availability on software license packs sku lic pro 12m need 60 but can do partial if that helps,103,20
Subj: Case 0721 - Refund request: order 67030 amount 44.00 reason: restocking fee should be waived.,refund_request,,67030.0,,refund request order 67030 amount 44 00 reason restocking fee should be waived,78,13
Sales contact for US for 2500 employee enterprise urgent,sales_reps,high,,,sales contact for us for 2500 employee enterprise urgent,56,9
"Subj: Case 0572 - Need sales rep for Oregon, small business (22), not urgent.",sales_reps,low,,,need sales rep for oregon small business 22 not urgent,54,10
"Subj: Case 0442 - Tablet TB-PRO12: need price and if available, qty 2, thanks.",pricing_and_availability,medium,,,tablet tb pro12 need price and if available qty 2 thanks,56,11
Subj: Case 0073 - Do you have ethernet cables sku ET-6A-05 in stock? need 100.,availability,,,cables,do you have ethernet cables sku et 6a 05 in stock need 100,58,13
"Refund request: returned monitor from order 23232, amount 249.00 reason: defective",refund_request,,23232.0,,refund request returned monitor from order 23232 amount 249 00 reason defective,79,12
Printer order 43434 update pls — placed 1 week ago,order_status,,43434.0,printer,printer order 43434 update pls placed 1 week ago,48,9
"Subj: Case 0860 - Can you connect me to a sales rep for Germany, and also quote 50 routers asap.",multiple_intents,,,,can you connect me to a sales rep for germany and also quote 50 routers asap,76,16
"Return request: order 90909 — cables incorrect length, need to send back.",return_request,,90909.0,cables,return request order 90909 cables incorrect length need to send back,68,11
Can you sponsor our local hackathon next month? We’re in Austin and expect 300 ppl.,out_of_scope,,,,can you sponsor our local hackathon next month we re in austin and expect 300 ppl,81,16
"My invoice for order 55893 missing line items, need invoice for Jan 2025. thanks",invoice_request,medium,55893.0,,my invoice for order 55893 missing line items need invoice for jan 2025 thanks,78,14
Your support chat just copy/pasted scripts and didn’t read what i wrote. wasted like 45 mins. cmon.,complaints,,,,your support chat just copy pasted scripts and didn t read what i wrote wasted like 45 mins cmon,96,19
"Order 66666 shows delivered to wrong address, neighbor has it but we need it back.",delivery_issue,high,66666.0,,order 66666 shows delivered to wrong address neighbor has it but we need it back,80,15
"Vendor registration: PentaNorth, logistics, Nordics.",vendor_registration,,,,vendor registration pentanorth logistics nordics,48,5
Do you provide on-site installation for third-party racks? not your product,out_of_scope,,,,do you provide on site installation for third party racks not your product,74,13
Can you confirm availability for XZ9981 (router)? We might need 6.,availability,,,router,can you confirm availability for xz9981 router we might need 6,62,11
My router is faulty and I need a refund for order 70707,multiple_intents,,70707.0,,my router is faulty and i need a refund for order 70707,55,12
Subj: Case 0964 - Order 68081: status check and please change delivery instructions to dock door 3.,multiple_intents,,68081.0,,order 68081 status check and please change delivery instructions to dock door 3,79,13
"Subj: Case 0214 - Please update the billing address, order 62053 notices keep going to old place; balance $66.00.",credit_and_collections,,62053.0,,please update the billing address order 62053 notices keep going to old place balance 66 00,91,16
Need to talk to a sales person in APAC; our company size ~500 employees.,sales_reps,low,,,need to talk to a sales person in apac our company size 500 employees,69,14
Can someone connect me w/ a sales rep in Texas? We’re mid-size (~500 staff) and need a quote asap.,sales_reps,high,,,can someone connect me w a sales rep in texas we re mid size 500 staff and need a quote asap,92,21
"Subj: Case 0203 - I got a 'final notice' for order 62042 $44.00, please dont escalate, checking now.",credit_and_collections,,62042.0,,i got a final notice for order 62042 44 00 please dont escalate checking now,76,15
"Subj: Case 0400 - Software license pricing qty 100, need enterprise discount info asap.",pricing,high,,software license,software license pricing qty 100 need enterprise discount info asap,67,10
"Subj: Case 0252 - Need invoices for Jul 2026 period, pls.",invoice_request,low,,,need invoices for jul 2026 period pls,37,7
"Subj: Case 0340 - Status check for order 65020 router, ordered last month.",order_status,,65020.0,router,status check for order 65020 router ordered last month,54,9
My laptop overheats (complaint) and support says swap but I want refund order 55055,multiple_intents,,55055.0,,my laptop overheats complaint and support says swap but i want refund order 55055,81,14
Check price+stock SKU MT-8800 qty 5; reply fast pls.,pricing_and_availability,high,,,check price stock sku mt 8800 qty 5 reply fast pls,50,11
I need to return the keyboard from order 8451092 — wrong layout (got AZERTY). How do I start?,return_request,,8451092.0,keyboard,i need to return the keyboard from order 8451092 wrong layout got azerty how do i start,87,17
"How do I register as a vendor? Company: Acme Supplies, type: distributor, region: US",vendor_registration,,,,how do i register as a vendor company acme supplies type distributor region us,78,14
Pls send invoice for order 6122100 for May 2025 asap.,invoice_request,high,6122100.0,,pls send invoice for order 6122100 for may 2025 asap,52,10
"Subj: Case 0031 - Cables on order 51031 are short shipped (ordered 10, got 6), can you send the rest?",delivery_issue,medium,51031.0,cables,cables on order 51031 are short shipped ordered 10 got 6 can you send the rest,78,16
"Where’s order 760285 (keyboard + cables). I ordered it yesterday afternoon, just want to know eta",order_status,,760285.0,keyboard and cables,where s order 760285 keyboard cables i ordered it yesterday afternoon just want to know eta,91,16
"Subj: Case 0038 - Router on order 51038 arrived in an open box, feels sketchy, what do i do?",delivery_issue,medium,51038.0,router,router on order 51038 arrived in an open box feels sketchy what do i do,71,15
Order 50555 shows amount due $1200 but PO covers it. clarify,credit_and_collections,,50555.0,,order 50555 shows amount due 1200 but po covers it clarify,58,11
"Not related: asking if you donate to schools, pls let me know your CSR programs.",out_of_scope,,,,not related asking if you donate to schools pls let me know your csr programs,77,15
"Subj: Case 0430 - Price + stock for MN-7722 monitor sku, qty 8 pls.",pricing_and_availability,medium,,,price stock for mn 7722 monitor sku qty 8 pls,45,10
"Pricing request: printer qty 12, need volume discount info",pricing,medium,,printer,pricing request printer qty 12 need volume discount info,56,9
Is SKU XZ9981 (tablet) available? Need 10 pcs.,availability,,,tablet,is sku xz9981 tablet available need 10 pcs,42,8
"Requesting rep in APAC for 1000 employee corp, high priority",sales_reps,high,,,requesting rep in apac for 1000 employee corp high priority,59,10
The tablet screen flickers and battery drains quick. Very upset.,complaints,,,tablet,the tablet screen flickers and battery drains quick very upset,62,10
"Subj: Case 0675 - Return laptop order 66037, reason: webcam freezes.",return_request,,66037.0,laptop,return laptop order 66037 reason webcam freezes,47,7
Tablet battery drains to 10% in 30 mins. useless device,complaints,,,tablet,tablet battery drains to 10 in 30 mins useless device,53,10
Subj: Case 0367 - Router order 65047: could you confirm shipment? ordered 5 weeks ago.,order_status,,65047.0,router,router order 65047 could you confirm shipment ordered 5 weeks ago,65,11
Can you send invoice for order 67880 covering Feb 2026? Needed today.,invoice_request,high,67880.0,,can you send invoice for order 67880 covering feb 2026 needed today,67,12
Mad rn: server rack screws stripped out of the box. Unusable.,complaints,,,server rack,mad rn server rack screws stripped out of the box unusable,58,11
"Asking about pet adoption events — not related to orders, sry for randomness.",out_of_scope,,,,asking about pet adoption events not related to orders sry for randomness,73,12
"Subj: Case 0462 - Can you send quote + availability for LT-7581 qty 2, thx.",pricing_and_availability,medium,,,can you send quote availability for lt 7581 qty 2 thx,53,11
"Can you send the datasheet for the router model we bought? It's the ""EdgeRouter 8"". Need the latest PDF.",product_docs,,,router,can you send the datasheet for the router model we bought it s the edgerouter 8 need the latest pdf,99,20
Where's the monitor I ordered 99888? Also need return label if lost,multiple_intents,,99888.0,,where s the monitor i ordered 99888 also need return label if lost,66,13
Need to: cancel order 7001101 and also send invoice for 6990099. Thx.,multiple_intents,,7001101.0,,need to cancel order 7001101 and also send invoice for 6990099 thx,66,12
"Subj: Case 0577 - Who’s our sales rep for Virginia? we’re 260 ppl, pls respond asap.",sales_reps,high,,,who s our sales rep for virginia we re 260 ppl pls respond asap,63,14
Need to: change qty on order 6091100 and check ETA as well.,multiple_intents,,6091100.0,,need to change qty on order 6091100 and check eta as well,57,12
"Subj: Case 0148 - Monitor has ghosting even at default settings, not good for work.",complaints,,,monitor,monitor has ghosting even at default settings not good for work,63,11
Status on order 14100? It contained a software license and still not activated.,order_status,,14100.0,software license,status on order 14100 it contained a software license and still not activated,77,13
"Subj: Case 0182 - Please clarify why order 62021 is past due, amount says $1,020.00 (we have PO).",credit_and_collections,,62021.0,,please clarify why order 62021 is past due amount says 1 020 00 we have po,74,16
Subj: Case 0910 - Need to change order 68045 from 1 to 2 printers and also quote the updated total.,multiple_intents,,68045.0,,need to change order 68045 from 1 to 2 printers and also quote the updated total,80,16
"Please register vendor: CircuitPro, electronics distributor, region: EU",vendor_registration,,,,please register vendor circuitpro electronics distributor region eu,67,8
Why is order 66666 delayed? says in transit for 10 days. product: tablet,order_status,,66666.0,tablet,why is order 66666 delayed says in transit for 10 days product tablet,69,13
"Subj: Case 0998 - Need sales rep for Florida and also price+stock for LT-7581 qty 2, asap.",multiple_intents,,,,need sales rep for florida and also price stock for lt 7581 qty 2 asap,70,15
Complaint: software license emailed wrong key and won't activate,complaints,,,software license,complaint software license emailed wrong key and won t activate,63,10
Tech: tablet won't power on after factory reset. Please advise,technical_support,medium,,tablet,tech tablet won t power on after factory reset please advise,60,11
"My order 41400 hasn't shipped, placed 2 weeks ago for monitor, what gives?",order_status,,41400.0,monitor,my order 41400 hasn t shipped placed 2 weeks ago for monitor what gives,71,14
Subj: Case 0953 - Delivery issue order 68075 (split shipment missing 2nd box) and status update pls.,multiple_intents,,68075.0,,delivery issue order 68075 split shipment missing 2nd box and status update pls,79,13
Chargeback initiated for order 90901 amount 199.99,credit_and_collections,,90901.0,,chargeback initiated for order 90901 amount 199 99,50,8
Return request for 77002 printer — prints blank pages. reason: not working,return_request,,77002.0,printer,return request for 77002 printer prints blank pages reason not working,70,11
"Subj: Case 0116 - Tablet screen has dead pixels out of the box, cmon.",complaints,,,tablet,tablet screen has dead pixels out of the box cmon,49,10
Order 671904 is showing backordered. can you tell me how long for the server rack to ship?,order_status,,671904.0,server rack,order 671904 is showing backordered can you tell me how long for the server rack to ship,88,17
Start vendor onboarding for 'TabWorld' retailer in Canada,vendor_registration,,,,start vendor onboarding for tabworld retailer in canada,55,8
Subj: Case 0701 - Refund pls: order 67010 amount 15.00 reason duplicate cable purchase.,refund_request,,67010.0,,refund pls order 67010 amount 15 00 reason duplicate cable purchase,67,11
Subj: Case 0767 - Server rack grounding bar question: where does it attach? install is today.,technical_support,high,,server rack,server rack grounding bar question where does it attach install is today,72,12
Subj: Case 0989 - Need to cancel order 68097 and stop any collections notices about it (we wont pay for cancelled).,multiple_intents,,68097.0,,need to cancel order 68097 and stop any collections notices about it we wont pay for cancelled,94,17
Status check on 45454 — ordered cables and havent received confirmation email.,order_status,,45454.0,cables,status check on 45454 ordered cables and havent received confirmation email,75,11
"Out of scope: asking for competitor pricing info, not something you handle",out_of_scope,,,,out of scope asking for competitor pricing info not something you handle,72,12
Order 80880 arrived wrong and I want return plus refund pls 80880,multiple_intents,,80880.0,,order 80880 arrived wrong and i want return plus refund pls 80880,65,12
"Hi, invoice needed for orders 44211 & 44212 for Q4 2025. If you can send asap that would be great.",multiple_intents,,44211.0,,hi invoice needed for orders 44211 44212 for q4 2025 if you can send asap that would be great,93,19
"My tablet won't update - keeps failing at 60%, pls help",technical_support,medium,,tablet,my tablet won t update keeps failing at 60 pls help,51,11
"Vendor registration: CoralByte, VAR, region Oceania.",vendor_registration,,,,vendor registration coralbyte var region oceania,48,6
Subj: Case 0729 - Need refund for order 67038 amount 250 reason: order duplicated by our intern.,refund_request,,67038.0,,need refund for order 67038 amount 250 reason order duplicated by our intern,76,13
"Printer keeps showing paper out even when tray full, medium",technical_support,medium,,printer,printer keeps showing paper out even when tray full medium,58,10
"Subj: Case 0443 - Software license sku SW-STD-13, need price + stock/fulfillment qty 10.",pricing_and_availability,medium,,,software license sku sw std 13 need price stock fulfillment qty 10,66,12
Change payment method to PO on order 89898 urgent,order_modification_request,high,89898.0,,change payment method to po on order 89898 urgent,49,9
Subj: Case 0955 - Need invoice for order 68076 and also can you add tax exemption to it asap.,multiple_intents,,68076.0,,need invoice for order 68076 and also can you add tax exemption to it asap,74,15
"Subj: Case 0700 - Please refund order 67009, amount 120.00, reason: software license key invalid.",refund_request,,67009.0,,please refund order 67009 amount 120 00 reason software license key invalid,75,12
"Can you change order 306517 to ship to our new address? I typed it wrong, sorry.",order_modification_request,medium,306517.0,,can you change order 306517 to ship to our new address i typed it wrong sorry,77,16
"Subj: Case 0952 - Need quote and availability for MN-UHD28 qty 4, urgent.",multiple_intents,,,,need quote and availability for mn uhd28 qty 4 urgent,53,10
"Subj: Case 0810 - Your chatbot is useless and keeps looping, can you improve it? annoyed.",out_of_scope,,,,your chatbot is useless and keeps looping can you improve it annoyed,68,12
"Hey, do y'all sponsor local meetups? Just curious :)",out_of_scope,,,,hey do y all sponsor local meetups just curious,47,9
Refund for order 60607 amount 5.00 — returned faulty cable,refund_request,,60607.0,,refund for order 60607 amount 5 00 returned faulty cable,56,10
"Subj: Case 0297 - Need to hold shipment for order 64031 until next Monday, pls confirm.",order_modification_request,medium,64031.0,,need to hold shipment for order 64031 until next monday pls confirm,67,12
"Subj: Case 0907 - Delivery issue on 68043: missing cables, also what’s the price if we need 50 more?",multiple_intents,,68043.0,,delivery issue on 68043 missing cables also what s the price if we need 50 more,79,16
"Subj: Case 0679 - Please start return for cables order 66041, reason: connectors overheat.",return_request,,66041.0,cables,please start return for cables order 66041 reason connectors overheat,69,10
"Subj: Case 0050 - Laptop order 51050 arrived but it's the wrong spec (smaller SSD), shipping mistake?",delivery_issue,medium,51050.0,laptop,laptop order 51050 arrived but it s the wrong spec smaller ssd shipping mistake,79,14
"Subj: Case 0162 - Got a collections email for order 62001 but we already paid, amount showing $1299.00??",credit_and_collections,,62001.0,,got a collections email for order 62001 but we already paid amount showing 1299 00,82,15
Subj: Case 0969 - Need invoice for order 68085 and also update billing address on file (wrong suite #).,multiple_intents,,68085.0,,need invoice for order 68085 and also update billing address on file wrong suite,80,14
"What's the price for 40 cables? Need cost breakdown, procurement meeting tomorrow.",pricing,high,,cables,what s the price for 40 cables need cost breakdown procurement meeting tomorrow,79,13
Subj: Case 0366 - Laptop order 65046: whats the order statuz? ordered 2026-02-26.,order_status,,65046.0,laptop,laptop order 65046 whats the order statuz ordered 2026 02 26,60,11
CB-007 cables availability for 500 units,availability,,,cables,cb 007 cables availability for 500 units,40,7
"Need refund for order 805511. The software license key never arrived, so we bought elsewhere. amount was 1200.00",refund_request,,805511.0,,need refund for order 805511 the software license key never arrived so we bought elsewhere amount was 1200 00,109,19
"Subj: Case 0614 - Vendor registration request: Baltic Office Tech, business type wholesaler, region Latvia.",vendor_registration,,,,vendor registration request baltic office tech business type wholesaler region latvia,85,11
Order 11123 status? I ordered cables yesterday and no updates on statuz page.,order_status,,11123.0,cables,order 11123 status i ordered cables yesterday and no updates on statuz page,75,13
"Subj: Case 0704 - Please issue refund on order 67013, amount 18.75, reason: shipping charge incorrect.",refund_request,,67013.0,,please issue refund on order 67013 amount 18 75 reason shipping charge incorrect,80,13
I recieved wrong model of monitor and want to return plus get an invoice 33477,multiple_intents,,33477.0,,i recieved wrong model of monitor and want to return plus get an invoice 33477,78,15
"I'd like to return the monitor from order 610583. It's too big for our desk setup, can you start a return?",return_request,,610583.0,monitor,i d like to return the monitor from order 610583 it s too big for our desk setup can you start a return,103,23
"Need to change PO on order 99000 to PO-7722, pls update order 99000.",order_modification_request,low,99000.0,,need to change po on order 99000 to po 7722 pls update order 99000,66,14
We want to register 'NetCables' distributor in LATAM,vendor_registration,,,,we want to register netcables distributor in latam,50,8
Need product docs for printer and also tech support for setup,multiple_intents,,,,need product docs for printer and also tech support for setup,61,11
"We have overdue invoice for order 22110 amount $2000, pls collect",credit_and_collections,,22110.0,,we have overdue invoice for order 22110 amount 2000 pls collect,63,11
"Subj: Case 0834 - I got locked out after too many logins, can someone unlock my account?",out_of_scope,,,,i got locked out after too many logins can someone unlock my account,68,13
Stock check for SKU KB-9090 (keyboard). Need 15 this week.,availability,,,keyboard,stock check for sku kb 9090 keyboard need 15 this week,54,11
"Subj: Case 0615 - Onboard vendor: RedPine Electronics, business type contract manufacturer, region Vietnam.",vendor_registration,,,,onboard vendor redpine electronics business type contract manufacturer region vietnam,85,10
"Which rep covers Germany/DE? Company size around 1,200. Not urgent just planning.",sales_reps,low,,,which rep covers germany de company size around 1 200 not urgent just planning,78,14
"Subj: Case 0365 - Software license order 65045: pending fulfillment, ordered 2026-02-25.",order_status,,65045.0,software license,software license order 65045 pending fulfillment ordered 2026 02 25,67,10
"Subj: Case 0670 - Return cables order 66032, reason: intermittent signal.",return_request,,66032.0,cables,return cables order 66032 reason intermittent signal,52,7
"Need a rep in Germany / DACH region. Company is enterprise, global IT rollout coming, pls advise.",sales_reps,medium,,,need a rep in germany dach region company is enterprise global it rollout coming pls advise,91,16
"Software license key invalid, can't activate. this is a problem",complaints,,,software license,software license key invalid can t activate this is a problem,61,11
"Looking to buy 8 monitors, is SKU MO-900 in stock? pls get back.",availability,,,monitor,looking to buy 8 monitors is sku mo 900 in stock pls get back,61,14
"Need help activating software license for order 12100, key invalid. pls fix",technical_support,high,,software license,need help activating software license for order 12100 key invalid pls fix,73,12
Is laptop LP-5000 in stock? want 1,availability,,,laptop,is laptop lp 5000 in stock want 1,33,8
"Subj: Case 0586 - We want to register as a vendor: company name BrightWire Supply, business type distributor, region US.",vendor_registration,,,,we want to register as a vendor company name brightwire supply business type distributor region us,98,16
"Subj: Case 0408 - Tablet price qty 1, not urgent just need for planning.",pricing,low,,tablet,tablet price qty 1 not urgent just need for planning,52,10
Subj: Case 0859 - Order 68007 laptop arrived scratched (complaint) and i want to return it.,multiple_intents,,68007.0,,order 68007 laptop arrived scratched complaint and i want to return it,70,12
Subj: Case 0509 - Need laptop regulatory certs (FCC/CE) doc pls.,product_docs,,,laptop,need laptop regulatory certs fcc ce doc pls,43,8
"The new keyboard rattle is annoying and some keys double-press, bad quality control.",complaints,,,keyboard,the new keyboard rattle is annoying and some keys double press bad quality control,82,14
"Subj: Case 0028 - Printer order 51028 shipped to wrong building (carrier photo not our lobby), help!",delivery_issue,high,51028.0,printer,printer order 51028 shipped to wrong building carrier photo not our lobby help,78,13
Tablet touchscreen unresponsive sometimes. this is unacceptable,complaints,,,tablet,tablet touchscreen unresponsive sometimes this is unacceptable,62,7
"SKU AB-7777 status & price for 7 pcs, urgent",pricing_and_availability,high,,,sku ab 7777 status price for 7 pcs urgent,41,9
"Subj: Case 0413 - Need monitor pricing qty 5, urgent for project kickoff.",pricing,high,,monitor,need monitor pricing qty 5 urgent for project kickoff,53,9
Subj: Case 0803 - Do you have an office in Boston i can visit? just curious.,out_of_scope,,,,do you have an office in boston i can visit just curious,56,12
Refund for order 21212 amount 49.99 — returned because wrong color,refund_request,,21212.0,,refund for order 21212 amount 49 99 returned because wrong color,64,11
"Subj: Case 0669 - Return monitor order 66031, reason: ghosting is noticeable.",return_request,,66031.0,monitor,return monitor order 66031 reason ghosting is noticeable,56,8
"Subj: Case 0218 - Invoice needed for order 63003 asap, payment cant be processed without it.",invoice_request,high,63003.0,,invoice needed for order 63003 asap payment cant be processed without it,72,12
"Subj: Case 0291 - Order 64025: please change the router to the newer model, if possible.",order_modification_request,medium,64025.0,,order 64025 please change the router to the newer model if possible,67,12
Pricing and availability for AB-333? need 3 units asap,pricing_and_availability,high,,,pricing and availability for ab 333 need 3 units asap,53,10
"My keyboard shipment 67676 is delayed and I need it tomorrow, whats the eta?",order_status,,67676.0,keyboard,my keyboard shipment 67676 is delayed and i need it tomorrow whats the eta,74,14
"Subj: Case 0478 - Need pricing + availability for KB-SILENT-3 qty 30, urgent pls.",pricing_and_availability,high,,,need pricing availability for kb silent 3 qty 30 urgent pls,59,11
"Need invoice for 50505 for May 2026, low prio",invoice_request,low,50505.0,,need invoice for 50505 for may 2026 low prio,44,9
"Why is SKU AB-900 out of stock? Need 7 monitors next month, this is blocking our deployment.",pricing_and_availability,medium,,,why is sku ab 900 out of stock need 7 monitors next month this is blocking our deployment,89,18
"Subj: Case 0599 - Start vendor registration: RackMount Pro GmbH, business type manufacturer, region Germany.",vendor_registration,,,,start vendor registration rackmount pro gmbh business type manufacturer region germany,86,11
Laptop won’t boot—just a blinking cursor. It was fine yesterday. Need help asap,technical_support,high,,laptop,laptop won t boot just a blinking cursor it was fine yesterday need help asap,77,15
"Refund pls for 77234, amount $1299, reason: item never delivered",refund_request,,77234.0,,refund pls for 77234 amount 1299 reason item never delivered,60,10
Order mod: please upgrade monitor to better model on order 21212,order_modification_request,medium,21212.0,,order mod please upgrade monitor to better model on order 21212,63,11
"Subj: Case 0036 - Printer order 51036 delivered to wrong zipcode, carrier admitted mistake, need reship.",delivery_issue,high,51036.0,printer,printer order 51036 delivered to wrong zipcode carrier admitted mistake need reship,83,12
"Server rack fans making loud noise, urgent for data center",technical_support,high,,server rack,server rack fans making loud noise urgent for data center,57,10
What's happening with order 12125 server rack? placed yesterday,order_status,,12125.0,server rack,what s happening with order 12125 server rack placed yesterday,62,10
Subj: Case 0824 - Could you share your sustainability policy statement? need for our ESG file.,out_of_scope,,,,could you share your sustainability policy statement need for our esg file,74,12
"TL-404 availability & pricing for 20, medium",pricing_and_availability,medium,,,tl 404 availability pricing for 20 medium,41,7
"Subj: Case 0832 - Why did you change your logo? looks worse now, sorry.",out_of_scope,,,,why did you change your logo looks worse now sorry,50,10
Can I get a refund for order 70708 amount 59.99 — item defective,refund_request,,70708.0,,can i get a refund for order 70708 amount 59 99 item defective,62,13
Subj: Case 0904 - Printer keeps going offline (support) and also AP needs invoice for order 68040 asap.,multiple_intents,,68040.0,,printer keeps going offline support and also ap needs invoice for order 68040 asap,82,14
"Subj: Case 0416 - Keyboard pricing qty 9, not urgent.",pricing,low,,keyboard,keyboard pricing qty 9 not urgent,33,6
"Subj: Case 0469 - For MN-7723, can you send price + avail qty 6? reply soon pls.",pricing_and_availability,medium,,,for mn 7723 can you send price avail qty 6 reply soon pls,57,13
"I want to become vendor: HarborTech, systems integrator, region: NA",vendor_registration,,,,i want to become vendor harbortech systems integrator region na,63,10
Where's order 70707? I emailed earlier — laptop still not delivered,delivery_issue,high,70707.0,laptop,where s order 70707 i emailed earlier laptop still not delivered,64,11
Super mad: tablet screen ghost touches non-stop.,complaints,,,tablet,super mad tablet screen ghost touches non stop,46,8
"Please refund order 66330, amount 199.99 — wrong configuration sent.",refund_request,,66330.0,,please refund order 66330 amount 199 99 wrong configuration sent,64,10
Any ETA on order 6409933 for the software license? Need keys by tomorrow.,order_status,,6409933.0,software license,any eta on order 6409933 for the software license need keys by tomorrow,71,13
"Subj: Case 0096 - Cable stock check: DP-2M-V2, qty 22 pls.",availability,,,cables,cable stock check dp 2m v2 qty 22 pls,37,9
"Subj: Case 0438 - Need stock + pricing for MN-UHD28 qty 4, by end of day.",pricing_and_availability,high,,,need stock pricing for mn uhd28 qty 4 by end of day,51,12
"Keyboard arrived with oil stains, gross. want refund",complaints,,,keyboard,keyboard arrived with oil stains gross want refund,50,8
"Order 782104 shows delivered but we didnt recieve it, and also please resend the invoice for it. Need both fixed asap.",multiple_intents,,782104.0,,order 782104 shows delivered but we didnt recieve it and also please resend the invoice for it need both fixed asap,115,21
"Complaint: laptop screen glue popping at edge after 3 days, want replacement",complaints,,,laptop,complaint laptop screen glue popping at edge after 3 days want replacement,74,12
"Subj: Case 0541 - Need sales rep for California, we have 60 employees, asap.",sales_reps,high,,,need sales rep for california we have 60 employees asap,55,10
"Subj: Case 0301 - Order 64035: pls remove Saturday delivery, weekday only, not urgent.",order_modification_request,low,64035.0,,order 64035 pls remove saturday delivery weekday only not urgent,64,10
Order 44444 status? It said dispatched but tracking shows stuck in transit for days.,order_status,,44444.0,,order 44444 status it said dispatched but tracking shows stuck in transit for days,82,14
"Subj: Case 0563 - Need sales rep for New Zealand, we’re 250 ppl, soon.",sales_reps,medium,,,need sales rep for new zealand we re 250 ppl soon,49,11
"Subj: Case 0379 - Need a price for 1 server rack, can you send quote when possible?",pricing,low,,server rack,need a price for 1 server rack can you send quote when possible,63,13
"Sales rep needed in West Coast USA, 150 staff.",sales_reps,medium,,,sales rep needed in west coast usa 150 staff,44,9
"Hey, order #7741052 (monitor) is still stuck on 'label created' since Monday... any update? Kinda urgent.",delivery_issue,medium,7741052.0,monitor,hey order 7741052 monitor is still stuck on label created since monday any update kinda urgent,94,16
"Subj: Case 0260 - Invoices for Sep 2026 period, can you send them? thx.",invoice_request,low,,,invoices for sep 2026 period can you send them thx,50,10
User guide for tablet TB-77 latest version please,product_docs,,,tablet,user guide for tablet tb 77 latest version please,49,9
Subj: Case 0244 - Invoice for order 63021 pls; our AP system needs vendor invoice number.,invoice_request,medium,63021.0,,invoice for order 63021 pls our ap system needs vendor invoice number,69,12
Subj: Case 0908 - Need invoice for order 68044 and also we want to dispute the late fee/AR notice.,multiple_intents,,68044.0,,need invoice for order 68044 and also we want to dispute the late fee ar notice,79,16
Availability and pricing: SKU LK-21 for laptop docks qty 12,pricing_and_availability,medium,,,availability and pricing sku lk 21 for laptop docks qty 12,58,11
"Subj: Case 0756 - Monitor has weird lines/artifacts, started after connecting new HDMI cable.",technical_support,medium,,monitor,monitor has weird lines artifacts started after connecting new hdmi cable,73,11
"Sales rep for UK pls, we're 150 people and want to discuss custom contracts.",sales_reps,medium,,,sales rep for uk pls we re 150 people and want to discuss custom contracts,74,15
Random question: when's your company picnic? LOL,out_of_scope,,,,random question when s your company picnic lol,46,8
"Subj: Case 0414 - Cable pricing qty 75, pls send quote when you can.",pricing,low,,cables,cable pricing qty 75 pls send quote when you can,48,10
"Subj: Case 0150 - Server rack came w/ sharp edges, unsafe for install crew.",complaints,,,server rack,server rack came w sharp edges unsafe for install crew,54,10
Subj: Case 0827 - Can you confirm if you’re open on national holidays? thanks.,out_of_scope,,,,can you confirm if you re open on national holidays thanks,58,11
Subj: Case 0097 - Do you have server rack SR-27U-GLASS available? need 1.,availability,,,server rack,do you have server rack sr 27u glass available need 1,53,11
"So upset—monitor colors are way off, even after calibration. Not acceptable.",complaints,,,monitor,so upset monitor colors are way off even after calibration not acceptable,73,12
"Hi team, order 583921 still not here and tracking has been stuck on ""label created"" for 3 days. It's a router for our office, pls check ASAP.",delivery_issue,high,583921.0,router,hi team order 583921 still not here and tracking has been stuck on label created for 3 days it s a router for our office pls check asap,135,28
Any update on order 604118? placed 2 weeks ago and still shows processing. what’s going on,order_status,,604118.0,,any update on order 604118 placed 2 weeks ago and still shows processing what s going on,88,17
"Pls change delivery date for 33999 to next Friday, address same. Thx!",order_modification_request,medium,33999.0,,pls change delivery date for 33999 to next friday address same thx,66,12
"Subj: Case 0664 - Please start return for tablet order 66026, reason: touchscreen lag.",return_request,,66026.0,tablet,please start return for tablet order 66026 reason touchscreen lag,65,10
"Subj: Case 0444 - Need pricing and availability for IJ-2001 printer sku, qty 5, urgent.",pricing_and_availability,high,,,need pricing and availability for ij 2001 printer sku qty 5 urgent,66,12
"Subj: Case 0140 - Cables packaging had no labels and half were the wrong length, messy.",complaints,,,cables,cables packaging had no labels and half were the wrong length messy,67,12
Out of scope: asking for legal advice about warranties,out_of_scope,,,,out of scope asking for legal advice about warranties,53,9
"Please provide invoices for Q4 2025, we are doing an audit. No rush but make sure it's complete.",invoice_request,low,,,please provide invoices for q4 2025 we are doing an audit no rush but make sure it s complete,93,19
Subj: Case 0533 - Who is the sales rep for West Coast US? we are mid-size (~300 ppl) and need to talk soon.,sales_reps,medium,,,who is the sales rep for west coast us we are mid size 300 ppl and need to talk soon,84,20
"Looking at SKU MON-4K27-A1, need 6 monitors. Are they in stock and what would it cost shipped to NY?",pricing_and_availability,medium,,,looking at sku mon 4k27 a1 need 6 monitors are they in stock and what would it cost shipped to ny,97,21
Subj: Case 0730 - Please issue refund for order 67039 amount 59.00 reason: keyboard arrived used.,refund_request,,67039.0,,please issue refund for order 67039 amount 59 00 reason keyboard arrived used,77,13
"Subj: Case 0114 - Server rack instructions are terrible and parts dont align, this is bad QC.",complaints,,,server rack,server rack instructions are terrible and parts dont align this is bad qc,73,13
"Subj: Case 0894 - Laptop wont boot (support) and this is for order 68032, might need return if cant fix.",multiple_intents,,68032.0,,laptop wont boot support and this is for order 68032 might need return if cant fix,82,16
"Subj: Case 0477 - MN-IPS24A monitor: quote + stock qty 14, no rush.",pricing_and_availability,low,,,mn ips24a monitor quote stock qty 14 no rush,44,9
Vendor registration: 'OfficeTech' reseller in EU pls,vendor_registration,,,,vendor registration officetech reseller in eu pls,49,7
Subj: Case 0384 - What’s your best price on 8 routers? pls reply soon.,pricing,medium,,router,what s your best price on 8 routers pls reply soon,50,11
What’s the price if we buy 60 keyboards? Need a quick quote pls.,pricing,high,,keyboard,what s the price if we buy 60 keyboards need a quick quote pls,62,14
Subj: Case 0921 - Requesting quote for 12 monitors and confirm availability of MN-IPS24 qty 14.,multiple_intents,,,,requesting quote for 12 monitors and confirm availability of mn ips24 qty 14,76,13
Subj: Case 0375 - Whats the unit price for router in qty 3? not urgent.,pricing,low,,router,whats the unit price for router in qty 3 not urgent,51,11
Refund pls. Order 690115 was canceled but my card still got charged 299.99. Why??,refund_request,,690115.0,,refund pls order 690115 was canceled but my card still got charged 299 99 why,77,15
"Need to return monitor 33455 due to dead pixels, order#33455",return_request,,33455.0,monitor,need to return monitor 33455 due to dead pixels order 33455,59,11
"Subj: Case 0650 - Return printer from order 66012, reason: arrived used/open box.",return_request,,66012.0,printer,return printer from order 66012 reason arrived used open box,60,10
Can you provide pricing for software license for 50 users? medium urgency,pricing,medium,,software license,can you provide pricing for software license for 50 users medium urgency,72,12
"This printer jams every other page, terrible quality. I want this fixed!",complaints,,,printer,this printer jams every other page terrible quality i want this fixed,69,12
"Price quote for laptop for 7 seats, urgent",pricing,high,,laptop,price quote for laptop for 7 seats urgent,41,8
Subj: Case 0891 - Need to add 5 cables to order 68030 and also check the current ship status.,multiple_intents,,68030.0,,need to add 5 cables to order 68030 and also check the current ship status,74,15
"Subj: Case 0169 - Payment was applied to wrong account, order 62008 still shows $120.00 due.",credit_and_collections,,62008.0,,payment was applied to wrong account order 62008 still shows 120 00 due,71,13
Need to cancel order 409771 AND want a refund if it already charged. Pls handle quick.,multiple_intents,,409771.0,,need to cancel order 409771 and want a refund if it already charged pls handle quick,84,16
"Subj: Case 0202 - Our order 62041 balance is wrong, you show $870.00 but we returned items.",credit_and_collections,,62041.0,,our order 62041 balance is wrong you show 870 00 but we returned items,70,14
"Subj: Case 0770 - Laptop touchpad gestures stopped working after update, need fix.",technical_support,medium,,laptop,laptop touchpad gestures stopped working after update need fix,62,9
Subj: Case 0801 - Can you remove my email from marketing lists? i keep getting promos.,out_of_scope,,,,can you remove my email from marketing lists i keep getting promos,66,12
Could you send invoice for order 55555 covering March 2026? Need asap.,invoice_request,high,55555.0,,could you send invoice for order 55555 covering march 2026 need asap,68,12
"Return request: server rack from 80808, reason: damaged in transit",return_request,,80808.0,server rack,return request server rack from 80808 reason damaged in transit,63,10
"Need price for software license for 25 users. Budget review soon, pls provide quote.",pricing,medium,,software license,need price for software license for 25 users budget review soon pls provide quote,81,14
Subj: Case 0062 - Do you still carry TB-A19 tablet? need 4 for our field team.,availability,,,tablet,do you still carry tb a19 tablet need 4 for our field team,58,13
Just wanted to say your support agent Mike was awesome yesterday. Please pass it along!,out_of_scope,,,,just wanted to say your support agent mike was awesome yesterday please pass it along,85,15
What's your price for 20 printers? Need quote today.,pricing,high,,printer,what s your price for 20 printers need quote today,50,10
"Order 55701 status? It was due last week, please tell delivery ETA.",order_status,,55701.0,,order 55701 status it was due last week please tell delivery eta,64,12
Please reverse a $299 charge on order 50550. This was incorrect,credit_and_collections,,50550.0,,please reverse a 299 charge on order 50550 this was incorrect,61,11
"My new server rack keeps beeping and wont mount drives, firmware error? Need tech help asap.",technical_support,high,,server rack,my new server rack keeps beeping and wont mount drives firmware error need tech help asap,89,16
"Subj: Case 0689 - Return server rack order 66051, reason: missing hardware/bolts.",return_request,,66051.0,server rack,return server rack order 66051 reason missing hardware bolts,60,9
"How do we become an approved vendor? Company: Red Maple Supplies, business: distributor, region Canada.",vendor_registration,,,,how do we become an approved vendor company red maple supplies business distributor region canada,97,15
Invoice for 33221 missing for Apr 2026. need it asap,invoice_request,high,33221.0,,invoice for 33221 missing for apr 2026 need it asap,51,10
"Vendor registration: ByteLine, OEM, region: Mexico. How do we start onboarding?",vendor_registration,,,,vendor registration byteline oem region mexico how do we start onboarding,73,11
Status on order 99001 for monitor? Placed two weeks ago,order_status,,99001.0,monitor,status on order 99001 for monitor placed two weeks ago,54,10
"Subj: Case 0495 - Need service manual for printer, version 1.0 if you have it.",product_docs,,,printer,need service manual for printer version 1 0 if you have it,58,12
"Subj: Case 0633 - Vendor reg: EastWind Displays, business type manufacturer, region South Korea.",vendor_registration,,,,vendor reg eastwind displays business type manufacturer region south korea,74,10
"Subj: Case 0427 - Need price + availability for sku AB-2235, qty 5, asap pls.",pricing_and_availability,high,,,need price availability for sku ab 2235 qty 5 asap pls,54,11
"Subj: Case 0623 - Please onboard as vendor: ZebraRack Rentals, business type rental company, region US.",vendor_registration,,,,please onboard as vendor zebrarack rentals business type rental company region us,81,12
"Software license activation screen just spins forever, no code accepted. pls assist",technical_support,medium,,software license,software license activation screen just spins forever no code accepted pls assist,81,12
"Vendor registration request: AeroLeaf Ltd, cloud services, ANZ.",vendor_registration,,,,vendor registration request aeroleaf ltd cloud services anz,59,8
"Subj: Case 0619 - Please register vendor: GraniteCable Imports, business type importer, region US.",vendor_registration,,,,please register vendor granitecable imports business type importer region us,76,10
"Price and stock check for SKU PR-7712, qty 10 by next Tuesday.",pricing_and_availability,medium,,,price and stock check for sku pr 7712 qty 10 by next tuesday,60,13
"Server rack order 78787 delayed due to customs, what's ETA? medium",delivery_issue,medium,78787.0,server rack,server rack order 78787 delayed due to customs what s eta medium,64,12
Ugh the monitor arrived cracked!!! Product: monitor. Totally useless. This is unacceptable!!,complaints,,,monitor,ugh the monitor arrived cracked product monitor totally useless this is unacceptable,84,12
"KBD-88 keyboards availability for 60 units, high",pricing_and_availability,high,,,kbd 88 keyboards availability for 60 units high,47,8
"Subj: Case 0507 - Need monitor warranty statement, pls send.",product_docs,,,monitor,need monitor warranty statement pls send,40,6
"Pricing & availability for SKU SV-001 qty 1000 — bulk distro, lead times important.",pricing_and_availability,low,,,pricing availability for sku sv 001 qty 1000 bulk distro lead times important,77,13
"Subj: Case 0524 - Need server rack load rating doc, latest version pls.",product_docs,,,server rack,need server rack load rating doc latest version pls,51,9
"Subj: Case 0693 - Please refund order 67002, amount $89.99, reason: router returned already.",refund_request,,67002.0,,please refund order 67002 amount 89 99 reason router returned already,69,11
Is the laptop model LX-5 available? Need 4 units.,availability,,,laptop,is the laptop model lx 5 available need 4 units,47,10
How much for 2 routers? low urgency,pricing,low,,router,how much for 2 routers low urgency,34,7
"Subj: Case 0030 - Router order 51030 delivered, but it's the wrong model/color, pls swap.",delivery_issue,medium,51030.0,router,router order 51030 delivered but it s the wrong model color pls swap,68,13
"Subj: Case 0067 - Need to know if router RT-AC77 is in stock, qty 5.",availability,,,router,need to know if router rt ac77 is in stock qty 5,48,12
Are there 4K monitors in stock SKU 4K-77? Need two for design team.,availability,,,monitor,are there 4k monitors in stock sku 4k 77 need two for design team,65,14
"The router keeps dropping and rebooting, and we’re still waiting on delivery for order 930055. can someone help??",multiple_intents,,930055.0,,the router keeps dropping and rebooting and we re still waiting on delivery for order 930055 can someone help,109,19
"Subj: Case 0219 - Hi, can you re-send the invoice for order 63004 (printer purchase), thanks.",invoice_request,medium,63004.0,,hi can you re send the invoice for order 63004 printer purchase thanks,70,13
Subj: Case 0995 - Price+availability for MN-4K33 qty 2 and also send monitor calibration guide.,multiple_intents,,,,price availability for mn 4k33 qty 2 and also send monitor calibration guide,76,13
"Subj: Case 0696 - Requesting refund order 67005 for 35.00, reason: cables wrong length.",refund_request,,67005.0,,requesting refund order 67005 for 35 00 reason cables wrong length,66,11
"hey, my printer didnt arrive w/ the order 21467. says delivery attempted but nobody rang. pls sort",delivery_issue,medium,21467.0,printer,hey my printer didnt arrive w the order 21467 says delivery attempted but nobody rang pls sort,94,17
"Order 88888 shows credit hold, amount $0? pls review",credit_and_collections,,88888.0,,order 88888 shows credit hold amount 0 pls review,49,9
"Need invoice for order 12100 for Jan-Feb 2026 combined, urgent for tax reporting.",invoice_request,high,12100.0,,need invoice for order 12100 for jan feb 2026 combined urgent for tax reporting,79,14
"Subj: Case 0415 - Server rack price for qty 3, need it today.",pricing,high,,server rack,server rack price for qty 3 need it today,41,9
SR-1 server rack in stock for 1 urgent,availability,,,server rack,sr 1 server rack in stock for 1 urgent,38,9
"Subj: Case 0641 - Need RMA/return for printer order 66003, reason: keeps jamming.",return_request,,66003.0,printer,need rma return for printer order 66003 reason keeps jamming,60,10
Return request for cables in order 7340019—wrong length sent.,return_request,,7340019.0,cables,return request for cables in order 7340019 wrong length sent,60,10
"Router keeps rebooting randomly, pls help asap.",technical_support,high,,router,router keeps rebooting randomly pls help asap,45,7
Why am i being charged a late fee? It says 75.00 added and we never agreed to that. Order 612099,credit_and_collections,,612099.0,,why am i being charged a late fee it says 75 00 added and we never agreed to that order 612099,94,21
"We want to vendor with you — company: RackStars, type: OEM, region: MEA",vendor_registration,,,,we want to vendor with you company rackstars type oem region mea,64,12
"Subj: Case 0638 - Please register us as vendor: Stellar Rack Parts, business type distributor, region UAE.",vendor_registration,,,,please register us as vendor stellar rack parts business type distributor region uae,84,13
"Subj: Case 0119 - Router wifi drops every hour, we regret buying this.",complaints,,,router,router wifi drops every hour we regret buying this,50,9
Laptop screen broken (complaint) and want return for order 99123,multiple_intents,,99123.0,,laptop screen broken complaint and want return for order 99123,62,10
"Vendor registration request: PixelWorks, retailer, region: US. How to apply?",vendor_registration,,,,vendor registration request pixelworks retailer region us how to apply,70,10
"Recieved wrong SKU AB-777, expected AB-778. return needed",return_request,,,,recieved wrong sku ab 777 expected ab 778 return needed,55,10
ETA for order 5982103 of server rack? Need by month-end.,order_status,,5982103.0,server rack,eta for order 5982103 of server rack need by month end,54,11
Can you resend invoice for order 615839? I think it got stuck in spam and AP is asking again.,invoice_request,medium,615839.0,,can you resend invoice for order 615839 i think it got stuck in spam and ap is asking again,91,19
Subj: Case 0738 - Refund request order 67047 amount 78.99 reason: billing error on statement.,refund_request,,67047.0,,refund request order 67047 amount 78 99 reason billing error on statement,73,12
"We were charged interest fees on order 98989, this shouldn't happen — pls refund.",credit_and_collections,,98989.0,,we were charged interest fees on order 98989 this shouldn t happen pls refund,77,14
"Subj: Case 0874 - Need to cancel order 68018 and also request refund amount 999.95, pls asap.",multiple_intents,,68018.0,,need to cancel order 68018 and also request refund amount 999 95 pls asap,73,14
I need rep in APAC and want to place an order for 50 cables,multiple_intents,,,,i need rep in apac and want to place an order for 50 cables,59,14
Refund not processed for return of order 78700 amount 349.5,credit_and_collections,,78700.0,,refund not processed for return of order 78700 amount 349 5,59,11
Server rack arrived dented and unusable. really upset,complaints,,,server rack,server rack arrived dented and unusable really upset,52,8
Charged twice for order 77890. Need refund for the duplicate charge: $1299,credit_and_collections,,77890.0,,charged twice for order 77890 need refund for the duplicate charge 1299,71,12
Need invoice for 90909 and status update for same 90909,multiple_intents,,90909.0,,need invoice for 90909 and status update for same 90909,55,10
Need documentation for router and tech support for same device,multiple_intents,,,,need documentation for router and tech support for same device,62,10
We paid invoice late for 12112 add late fee $10,credit_and_collections,,12112.0,,we paid invoice late for 12112 add late fee 10,46,10
"Returned cables under order 90909, request refund of 12.00",refund_request,,90909.0,,returned cables under order 90909 request refund of 12 00,57,10
"Your statement shows an overdue balance of $1,260.50 but that doesnt match our records. Please review and correct.",credit_and_collections,,,,your statement shows an overdue balance of 1 260 50 but that doesnt match our records please review and correct,111,20
Subj: Case 0905 - Return request for order 68041 monitor due to dead pixels and pls refund 179.50.,multiple_intents,,68041.0,,return request for order 68041 monitor due to dead pixels and pls refund 179 50,79,15
"Subj: Case 0392 - Need laptop pricing for qty 15, pls respond asap.",pricing,high,,laptop,need laptop pricing for qty 15 pls respond asap,47,9
"Subj: Case 0687 - Return monitor order 66049, reason: stand wobbles a lot.",return_request,,66049.0,monitor,return monitor order 66049 reason stand wobbles a lot,53,9
"Want to become a vendor — company: TechParts, biz type: manufacturer, region: EU",vendor_registration,,,,want to become a vendor company techparts biz type manufacturer region eu,73,12
Who is the sales rep for Pacific Northwest? We're about 200 employees and want to talk pricing soon.,sales_reps,medium,,,who is the sales rep for pacific northwest we re about 200 employees and want to talk pricing soon,98,19
Can you donate a router to our charity event? :),out_of_scope,,,,can you donate a router to our charity event,44,9
User manual for server rack SR-500 latest please,product_docs,,,server rack,user manual for server rack sr 500 latest please,48,9
"Subj: Case 0320 - Order 64054: correct the VAT/tax ID on file before invoicing, asap pls.",order_modification_request,high,64054.0,,order 64054 correct the vat tax id on file before invoicing asap pls,68,13
"Please provide invoices for Feb 2026, we need the full period PDF. Not tied to a single order.",invoice_request,medium,,,please provide invoices for feb 2026 we need the full period pdf not tied to a single order,91,18
Is SKU PR-1100 (laser printer) in stock? We need 2 asap.,availability,,,printer,is sku pr 1100 laser printer in stock we need 2 asap,52,12
Need assembly instructions for keyboard KB-9 version 1.2,product_docs,,,keyboard,need assembly instructions for keyboard kb 9 version 1 2,56,10
"Subj: Case 0539 - Need a sales rep contact for UK, small biz (25 ppl), not urgent.",sales_reps,low,,,need a sales rep contact for uk small biz 25 ppl not urgent,59,13
"Complaint: printer ink colors all wrong after first print, want replacement",complaints,,,printer,complaint printer ink colors all wrong after first print want replacement,73,11
"Subj: Case 0358 - Router order 65038: status pls, ordered 24 hours ago.",order_status,,65038.0,router,router order 65038 status pls ordered 24 hours ago,50,9
"Subj: Case 0098 - Keyboard sku KB-WL-7, qty 16, is it available?",availability,,,keyboard,keyboard sku kb wl 7 qty 16 is it available,43,10
Request: vendor registration for MegaCo and pricing quote for server racks,multiple_intents,,,,request vendor registration for megaco and pricing quote for server racks,73,11
"Subj: Case 0636 - Vendor registration: Redwood Office Tech, business type retailer, region US.",vendor_registration,,,,vendor registration redwood office tech business type retailer region us,72,10
"Laptop won't boot, just black screen and fans spin. Any troubleshooting steps?",technical_support,high,,laptop,laptop won t boot just black screen and fans spin any troubleshooting steps,75,13
"Subj: Case 0454 - Need availability + pricing for DP-3M-V2 qty 22, pls reply today.",pricing_and_availability,high,,,need availability pricing for dp 3m v2 qty 22 pls reply today,61,12
Where's my order 21200 with keyboards? marked delivered but neighbors have it? pls check,delivery_issue,high,21200.0,keyboard,where s my order 21200 with keyboards marked delivered but neighbors have it pls check,86,15
I put the wrong model in the cart—can you swap the router on order 205981 to the newer version?,order_modification_request,medium,205981.0,,i put the wrong model in the cart can you swap the router on order 205981 to the newer version,94,20
"Keyboard not being detected on one of our laptops, works on other machine. Is there a firmware reset or something?",technical_support,low,,keyboard,keyboard not being detected on one of our laptops works on other machine is there a firmware reset or something,111,20
"Thanks for quick delivery, super happy!!",out_of_scope,,,,thanks for quick delivery super happy,37,6
"Subj: Case 0113 - The cables you sent are mislabeled and dont fit, wasted our time.",complaints,,,cables,the cables you sent are mislabeled and dont fit wasted our time,63,12
Subj: Case 0363 - Keyboard order 65043: can you share ETA? ordered 11 days ago.,order_status,,65043.0,keyboard,keyboard order 65043 can you share eta ordered 11 days ago,58,11
"Subj: Case 0237 - invoice request for order 63016, just email PDF, thx.",invoice_request,low,63016.0,,invoice request for order 63016 just email pdf thx,50,9
"Complaint: laptop battery overheats and smells. Very dangerous, pls respond",complaints,,,laptop,complaint laptop battery overheats and smells very dangerous pls respond,72,10
Return 81818 cables - wrong length delivered,return_request,,81818.0,cables,return 81818 cables wrong length delivered,42,6
Subj: Case 0831 - Please send your insurance certificate (COI) for our vendor file.,out_of_scope,,,,please send your insurance certificate coi for our vendor file,62,10
Order 5599810 shows balance due 72.30. We paid last week—why still due?,credit_and_collections,,5599810.0,,order 5599810 shows balance due 72 30 we paid last week why still due,69,14
Need to change quantity on order 775090 from 10 to 6. pls confirm when done,order_modification_request,medium,775090.0,,need to change quantity on order 775090 from 10 to 6 pls confirm when done,74,15
Need invoice for order 6832104 for fiscal year 2024 wrap-up. When can you send?,invoice_request,low,6832104.0,,need invoice for order 6832104 for fiscal year 2024 wrap up when can you send,77,15
"Need to add purchase order number to invoice for order 21222, invoice for May",invoice_request,low,21222.0,,need to add purchase order number to invoice for order 21222 invoice for may,76,14
"Subj: Case 0531 - Laptop datasheet/spec sheet, version v2026.02 if you have.",product_docs,,,laptop,laptop datasheet spec sheet version v2026 02 if you have,56,10
Subj: Case 0332 - Can you confirm if order 65012 printer is backordered? placed 2 weeks ago.,order_status,,65012.0,printer,can you confirm if order 65012 printer is backordered placed 2 weeks ago,72,13
"Subj: Case 0791 - Printer duplex printing option missing, how to enable? not urgent.",technical_support,low,,printer,printer duplex printing option missing how to enable not urgent,63,10
Safety manual for monitor MTR-202 no version known,product_docs,,,monitor,safety manual for monitor mtr 202 no version known,50,9
We got part of our server rack shipment but one box is missing (order 391047). Can you confirm if its split or lost?,delivery_issue,medium,391047.0,server rack,we got part of our server rack shipment but one box is missing order 391047 can you confirm if its split or lost,112,23
"Keyboard backlight broken after first use, order 80808. Very upset overall.",complaints,,,keyboard,keyboard backlight broken after first use order 80808 very upset overall,72,11
Need to change contact email on order 45454 before it ships,order_modification_request,low,45454.0,,need to change contact email on order 45454 before it ships,59,11
"Software license for 00555 not delivered after payment, urgent please",delivery_issue,high,555.0,software license,software license for 00555 not delivered after payment urgent please,68,10
Hold shipment for order 12120 until further notice,order_modification_request,low,12120.0,,hold shipment for order 12120 until further notice,50,8
"Can a sales rep call me about enterprise deals? Region: APAC, company size 1000+.",sales_reps,high,,,can a sales rep call me about enterprise deals region apac company size 1000,76,14
Subj: Case 0974 - Need quote for 6 server racks and check stock for SR-18U-SLIM qty 3.,multiple_intents,,,,need quote for 6 server racks and check stock for sr 18u slim qty 3,67,15
"Cables frayed on arrival, safety issue. really bad",complaints,,,cables,cables frayed on arrival safety issue really bad,48,8
"My printer order 33421 shows  delivered but I'm missing it, can you check?",delivery_issue,high,33421.0,printer,my printer order 33421 shows delivered but i m missing it can you check,71,14
"Pls change shipping address for order 55823 to 123 Main St. It's wrong rn, thanks.",order_modification_request,medium,55823.0,,pls change shipping address for order 55823 to 123 main st it s wrong rn thanks,79,16
"Subj: Case 0131 - The USB-C cables get hot and disconnect, thats scary tbh.",complaints,,,cables,the usb c cables get hot and disconnect thats scary tbh,55,11
"The router drops connection multiple times a day, and yes we updated firmware. Honestly super frustrating.",complaints,,,router,the router drops connection multiple times a day and yes we updated firmware honestly super frustrating,103,16
"Subj: Case 0011 - Order 51011 monitor shipment shows 'exception' and no updates, pls advise soon.",delivery_issue,medium,51011.0,monitor,order 51011 monitor shipment shows exception and no updates pls advise soon,75,12
Very unhappy: laptop hinge cracked after 2 weeks of light use.,complaints,,,laptop,very unhappy laptop hinge cracked after 2 weeks of light use,60,11
Complaint: router wifi speed much slower than promised. very unhappy,complaints,,,router,complaint router wifi speed much slower than promised very unhappy,66,10
"Subj: Case 0782 - Server rack fans (if included) are noisy, is there a spec or fix?",technical_support,low,,server rack,server rack fans if included are noisy is there a spec or fix,61,13
"Technical issue: server rack shelf warped during install, need support",technical_support,medium,,server rack,technical issue server rack shelf warped during install need support,68,10
Is monitor warranty covered for cracked screen? order 55855,order_status,,55855.0,monitor,is monitor warranty covered for cracked screen order 55855,58,9
"Subj: Case 0697 - Please process refund for order 67006, amount 899.00, reason: server rack missing parts.",refund_request,,67006.0,,please process refund for order 67006 amount 899 00 reason server rack missing parts,84,14
"Subj: Case 0787 - Software license login SSO not working, getting 'invalid tenant', urgent.",technical_support,high,,software license,software license login sso not working getting invalid tenant urgent,68,10
"Out of scope: asking for household appliance support, not offered",out_of_scope,,,,out of scope asking for household appliance support not offered,63,10
Are you doing charity donations? Asking about sponsoring local schools.,out_of_scope,,,,are you doing charity donations asking about sponsoring local schools,69,10
Need invoice for 55666 - Q1 2026. thanks,invoice_request,low,55666.0,,need invoice for 55666 q1 2026 thanks,37,7
"Subj: Case 0829 - Do you have a public API? we want to integrate, pls send docs link.",out_of_scope,,,,do you have a public api we want to integrate pls send docs link,64,14
"Subj: Case 0200 - We need a payoff letter for order 62039, outstanding shows $260.00.",credit_and_collections,,62039.0,,we need a payoff letter for order 62039 outstanding shows 260 00,64,12
Subj: Case 0355 - Tablet order 65035: when will it ship? ordered 8 days ago.,order_status,,65035.0,tablet,tablet order 65035 when will it ship ordered 8 days ago,55,11
"Subj: Case 0040 - Keyboard order 51040 is stuck 'awaiting pickup' at facility, can you release it?",delivery_issue,medium,51040.0,keyboard,keyboard order 51040 is stuck awaiting pickup at facility can you release it,76,13
"Printer driver errors on Windows 10, need fix",technical_support,medium,,printer,printer driver errors on windows 10 need fix,44,8
"Subj: Case 0483 - Need spec sheet for monitor, version v1.4 if that exists.",product_docs,,,monitor,need spec sheet for monitor version v1 4 if that exists,55,11
"Subj: Case 0720 - Please process refund for order 67029, amount 2600, reason: server rack damaged in transit.",refund_request,,67029.0,,please process refund for order 67029 amount 2600 reason server rack damaged in transit,87,14
"Do you have the maintenance manual for the printer, edition 2023?",product_docs,,,printer,do you have the maintenance manual for the printer edition 2023,63,11
Order 731006 for a keyboard is delayed again (3rd time). Any chance to expedite??,delivery_issue,high,731006.0,keyboard,order 731006 for a keyboard is delayed again 3rd time any chance to expedite,76,14
Do you partner with affiliates? Curious.,out_of_scope,,,,do you partner with affiliates curious,38,6
"My router won't boot, keeps beeping. Need tech support asap",technical_support,high,,router,my router won t boot keeps beeping need tech support asap,57,11
"Subj: Case 0550 - Need sales rep in Netherlands, company size 90, urgent for purchasing.",sales_reps,high,,,need sales rep in netherlands company size 90 urgent for purchasing,67,11
Printer repair bill higher than quoted — complaint,complaints,,,printer,printer repair bill higher than quoted complaint,48,7
Order 772040: pls refund 49.95 for the shipping upgrade—i paid for overnight and it arrived 3 days later,refund_request,,772040.0,,order 772040 pls refund 49 95 for the shipping upgrade i paid for overnight and it arrived 3 days later,103,20
Subj: Case 0239 - Need a consolidated invoice for Apr 2026 period if possible.,invoice_request,medium,,,need a consolidated invoice for apr 2026 period if possible,59,10
"Subj: Case 0692 - Refund request for order 67001, amount 1299.00, reason: laptop arrived damaged.",refund_request,,67001.0,,refund request for order 67001 amount 1299 00 reason laptop arrived damaged,75,12
"Subj: Case 0006 - Order 51006 server rack delivery keeps getting delayed, we need it by tomorrow, urgent.",delivery_issue,high,51006.0,server rack,order 51006 server rack delivery keeps getting delayed we need it by tomorrow urgent,84,14
"Subj: Case 0317 - Can you change order 64051 from 1 server rack to 2 racks, urgent pls.",order_modification_request,high,64051.0,,can you change order 64051 from 1 server rack to 2 racks urgent pls,67,14
"User manual for tablet TL please, prefer latest version",product_docs,,,tablet,user manual for tablet tl please prefer latest version,54,9
Subj: Case 0254 - Could you send the invoice for order 63029 when you get a sec?,invoice_request,low,63029.0,,could you send the invoice for order 63029 when you get a sec,61,13
Subj: Case 0549 - Can you send contact for sales in Seattle area? small team 30 ppl.,sales_reps,low,,,can you send contact for sales in seattle area small team 30 ppl,64,13
Can you quote pricing for 30 monitors and also tell me if SKU MON-27Q2 is in stock? Need answer today.,multiple_intents,,,,can you quote pricing for 30 monitors and also tell me if sku mon 27q2 is in stock need answer today,100,21
Subj: Case 0986 - Router port forwarding not working (support) and i'm mad because your UI is terrible (complaint).,multiple_intents,,,,router port forwarding not working support and i m mad because your ui is terrible complaint,92,16
Subj: Case 0235 - Can I get the invoice for order 63015? previous one went to spam i think.,invoice_request,medium,63015.0,,can i get the invoice for order 63015 previous one went to spam i think,71,15
"Subj: Case 0654 - Return keyboard order 66016, reason: broken USB receiver.",return_request,,66016.0,keyboard,return keyboard order 66016 reason broken usb receiver,54,8
"Need install guide for the server rack, version 2.1 if that's the latest.",product_docs,,,server rack,need install guide for the server rack version 2 1 if that s the latest,71,15
"order 30303 — still no delivery, tracking says exception. Pls respond ASAP it's a monitor.",delivery_issue,high,30303.0,monitor,order 30303 still no delivery tracking says exception pls respond asap it s a monitor,85,15
Package says delivered but nothing at my door. Order 6078833 for cables set. Pls resolve.,delivery_issue,medium,6078833.0,cables,package says delivered but nothing at my door order 6078833 for cables set pls resolve,86,15
"Monitor calibration tool not working after update, medium",technical_support,medium,,monitor,monitor calibration tool not working after update medium,56,8
"Need repair manual for printer PR-12, no version specified",product_docs,,,printer,need repair manual for printer pr 12 no version specified,57,10
"Router order 45454 missing accessories — recieved only device, order45454",delivery_issue,medium,45454.0,router,router order 45454 missing accessories recieved only device order45454,70,9
"Subj: Case 0594 - Please register vendor: MapleByte Retailers, business type retailer, region Canada - Ontario.",vendor_registration,,,,please register vendor maplebyte retailers business type retailer region canada ontario,87,11
Need to increase our credit limit before next week’s purchase. Current limit is too low and blocking PO. No specific order yet.,credit_and_collections,,,,need to increase our credit limit before next week s purchase current limit is too low and blocking po no specific order yet,124,23
Complaint: tablet screen shattered within a day. want replacement,complaints,,,tablet,complaint tablet screen shattered within a day want replacement,63,9
"My printer won't connect to wifi after update, model printer, pls look into it",technical_support,medium,,printer,my printer won t connect to wifi after update model printer pls look into it,76,15
"Subj: Case 0406 - Server rack quote qty 1, but need it asap for PO submission.",pricing,high,,server rack,server rack quote qty 1 but need it asap for po submission,58,12
"Can you tell me if order 458776 shipped yet, and btw our router keeps dropping even after reboot. Two problems here.",multiple_intents,,458776.0,,can you tell me if order 458776 shipped yet and btw our router keeps dropping even after reboot two problems here,113,21
"Subj: Case 0582 - Please give me the sales rep for Saudi Arabia, enterprise, asap.",sales_reps,high,,,please give me the sales rep for saudi arabia enterprise asap,61,11
"Subj: Case 0019 - Order 51019 monitor shipped, then went backwards to another state?? whats going on",delivery_issue,medium,51019.0,monitor,order 51019 monitor shipped then went backwards to another state whats going on,79,13
"Return request: order 61661 — software license key invalid, need refund/return.",return_request,,61661.0,software license,return request order 61661 software license key invalid need refund return,74,11
"Subj: Case 0777 - Laptop wont charge via USB-C dock anymore, urgent for travel.",technical_support,high,,laptop,laptop wont charge via usb c dock anymore urgent for travel,59,11
"Hey support, need return for router on order #195037. It doesn't work with our ISP, so we can't use it.",return_request,,195037.0,router,hey support need return for router on order 195037 it doesn t work with our isp so we can t use it,98,22
Server rack SR-900 availability? need 4,availability,,,server rack,server rack sr 900 availability need 4,38,7
"How to apply as vendor? Company: SoftLic, type: software vendor, region: Germany",vendor_registration,,,,how to apply as vendor company softlic type software vendor region germany,74,12
"Hi there, who handles sales for the Southeast US? We're about 1200 staff, not urgent just intro.",sales_reps,low,,,hi there who handles sales for the southeast us we re about 1200 staff not urgent just intro,92,18
Subj: Case 0514 - Need software license SOC2 or security doc? pls advise + send if you have.,product_docs,,,software license,need software license soc2 or security doc pls advise send if you have,70,13
Status of order 44444 printer — it's been delayed 1 week,order_status,,44444.0,printer,status of order 44444 printer it s been delayed 1 week,54,11
"Quote for 100 keyboards and 50 mice pls, also include shipping to CA.",pricing,medium,,keyboard,quote for 100 keyboards and 50 mice pls also include shipping to ca,67,13
"Subj: Case 0108 - Tablet sku TB-MINI7, qty 2, any in stock? thanks.",availability,,,tablet,tablet sku tb mini7 qty 2 any in stock thanks,45,10
"Looking for 25 keyboards, the silent one. SKU KB-SLNT-221A. available or backorder?",availability,,,silent keyboard,looking for 25 keyboards the silent one sku kb slnt 221a available or backorder,79,14
Resend invoice for order 37373 period: June 2026 pls,invoice_request,medium,37373.0,,resend invoice for order 37373 period june 2026 pls,51,9
"Hey, just wanna say love your monitors!! :)",out_of_scope,,,,hey just wanna say love your monitors,37,7
"I need to return order 88765, the keyboard is faulty and keys stick. How do I start a return?",return_request,,88765.0,keyboard,i need to return order 88765 the keyboard is faulty and keys stick how do i start a return,90,19
"Order 734199: please resend invoice, and also update the PO number if possible (I forgot to add it).",multiple_intents,,734199.0,,order 734199 please resend invoice and also update the po number if possible i forgot to add it,95,18
"Invoice issue: missing billing address on invoice for order 81819, please resend corrected",invoice_request,medium,81819.0,,invoice issue missing billing address on invoice for order 81819 please resend corrected,88,13
"Hello, need pricing & availability for SKU QP-556, want 200 units for resell.",pricing_and_availability,low,,,hello need pricing availability for sku qp 556 want 200 units for resell,72,13
"Order 20202 status? The software license key hasn't arrived in email, ordered yesterday.",order_status,,20202.0,software license,order 20202 status the software license key hasn t arrived in email ordered yesterday,85,14
Out of scope: I'm asking about job openings at your company,out_of_scope,,,,out of scope i m asking about job openings at your company,58,12
"Subj: Case 0080 - Tablet sku TB-PRO11 stock check, qty 2 pls.",availability,,,tablet,tablet sku tb pro11 stock check qty 2 pls,41,9
"Asking about social events — not related to support, sorry to bother.",out_of_scope,,,,asking about social events not related to support sorry to bother,65,11
"My monitor arrived with a dent, order 32323. Replacement please",complaints,,,monitor,my monitor arrived with a dent order 32323 replacement please,61,10
"Order 700184 says delivered but box was empty (!!). We want to return/claim it and get a refund, pls advise.",multiple_intents,,700184.0,,order 700184 says delivered but box was empty we want to return claim it and get a refund pls advise,100,20
Can you change delivery method on 78787 to overnight? it's urgent,order_modification_request,high,78787.0,,can you change delivery method on 78787 to overnight it s urgent,64,12
"Subj: Case 0318 - Order 64052: remove expedited shipping and refund the difference, not urgent.",order_modification_request,low,64052.0,,order 64052 remove expedited shipping and refund the difference not urgent,74,11
"Swap monitor model on 56565 to pro variant, medium urgency",order_modification_request,medium,56565.0,,swap monitor model on 56565 to pro variant medium urgency,57,10
Need status on order 6009912 and also availability of SKU LT-5500. Thanks.,multiple_intents,,6009912.0,,need status on order 6009912 and also availability of sku lt 5500 thanks,72,13
"Repair guide for laptop LP-900, version unknown",product_docs,,,laptop,repair guide for laptop lp 900 version unknown,46,8
"Change quantity on order 77555 from 10 to 5, pls",order_modification_request,low,77555.0,,change quantity on order 77555 from 10 to 5 pls,47,10
"Subj: Case 0172 - Collections team emailed about order 62011, amount $62.10, can you stop reminders?",credit_and_collections,,62011.0,,collections team emailed about order 62011 amount 62 10 can you stop reminders,78,13
Order 804771 was put on credit hold and now our shipment is blocked. What do you need from us to release it?,credit_and_collections,,804771.0,,order 804771 was put on credit hold and now our shipment is blocked what do you need from us to release it,106,22
What's the cost for monitor if I buy 5? need quote asap,pricing,high,,monitor,what s the cost for monitor if i buy 5 need quote asap,54,13
"Need price + stock for SKU XZ9981, want 50 pcs, urgent delivery next month pls.",pricing_and_availability,high,,,need price stock for sku xz9981 want 50 pcs urgent delivery next month pls,74,14
"LP-1 laptop stock for 2, medium",availability,,,laptop,lp 1 laptop stock for 2 medium,30,7
"Keyboard intermittently disconnects over USB-C hub. Need help today, it's blocking work.",technical_support,high,,keyboard,keyboard intermittently disconnects over usb c hub need help today it s blocking work,85,14
Subj: Case 0902 - Can you confirm price+stock for sku KB-ERGO3 qty 11 and connect me to sales in Texas?,multiple_intents,,,,can you confirm price stock for sku kb ergo3 qty 11 and connect me to sales in texas,84,18
"Need price+stock for SKU RK-9900 qty 3, asap pls.",pricing_and_availability,high,,,need price stock for sku rk 9900 qty 3 asap pls,47,11
"Server rack screws missing, incomplete shipment. Not good",complaints,,,server rack,server rack screws missing incomplete shipment not good,55,8
"Hey, cables order 118903 has the wrong delivery address on the carrier site (shows old suite). Can you correct before it gets dropped off??",delivery_issue,medium,118903.0,cables,hey cables order 118903 has the wrong delivery address on the carrier site shows old suite can you correct before it gets dropped off,133,24
Can you confirm if order 362915 is actually going out today? we have a server rack install tomorow and nothing’s shown up,delivery_issue,high,362915.0,server rack,can you confirm if order 362915 is actually going out today we have a server rack install tomorow and nothing s shown up,120,23
"Pls advise availability + best pricing for SKU MON-5K2. Need 2 monitors, no rush.",pricing_and_availability,low,,,pls advise availability best pricing for sku mon 5k2 need 2 monitors no rush,76,14
XZ0001 stock for 50 pcs?,availability,,,cables,xz0001 stock for 50 pcs,23,5
Laptop arrived with scratches and the seal looked opened. This is not acceptable.,complaints,,,laptop,laptop arrived with scratches and the seal looked opened this is not acceptable,79,13
"Availability check: SKU PR-404 printers, need 10, ship end of month.",availability,,,printer,availability check sku pr 404 printers need 10 ship end of month,64,12
